5117,26,50
5118,76,50
5119,126,50
5120,176,50
5121,226,50
5122,276,50
5123,326,50
5124,376,50
5125,426,50
5126,476,50
5127,526,50
5128,576,50
5129,626,50
5130,676,50
5131,726,50
5132,776,50
5133,826,50
5134,876,50
5135,926,50
5136,976,50
5137,1026,50
5138,1076,50
5139,1126,50
5140,1176,50
5141,1226,50
5142,1276,50
5143,1326,50
5144,1376,50
5145,1426,50
5146,1476,50
5147,1526,50
5148,1576,50
5149,1626,50
5150,1676,50
5151,1726,50
5152,1776,50
5153,1826,50
5154,1876,50
5155,1926,50
5156,1976,50
5157,2026,50
5158,2076,50
5159,2126,50
5160,2176,50
5161,2226,50
5162,2276,50
5163,2326,50
5164,2376,50
5165,2426,50
5166,2476,50
5167,2526,50
5168,2576,50
5169,2626,50
5170,2676,50
5171,2726,50
5172,2776,50
5173,2826,50
5174,2876,50
5175,2926,50
5176,2976,50
5177,3026,50
5178,3076,50
5179,3126,50
5180,3176,50
5181,3226,50
5182,3276,50
5183,3326,50
5184,3376,50
5185,3426,50
5186,3476,50
5187,3526,50
5188,3576,50
5189,3626,50
5190,3676,50
5191,3726,50
5192,3776,50
5193,3826,50
5194,3876,50
5195,3926,50
5196,3976,50
5197,4026,50
5198,4076,50
5199,4126,50
5200,4176,50
5201,4226,50
5202,4276,50
5203,4326,50
5204,4376,50
5205,4426,50
5206,4476,50
5207,4526,50
5208,4576,50
5209,4626,50
5210,4676,50
5211,4726,50
5212,4776,50
5213,4826,50
5214,4876,50
5215,4926,50
5216,4976,50
5217,5026,50
5218,5076,50
5219,5126,50
5220,5176,50
5221,5226,50
5222,5276,50
5223,5326,50
5224,5376,50
5225,5426,50
5226,5476,50
5227,5526,50
5228,5576,50
5229,5626,50
5230,5676,50
5231,5726,50
5232,5776,50
5233,5826,50
5234,5876,50
5235,5926,50
5236,5976,50
5237,6026,50
5238,6076,50
5239,6126,50
5240,6176,50
5241,6226,50
5242,6276,50
5243,6326,50
5244,6376,50
5245,6426,50
5246,6476,50
5247,6526,50
5248,6576,50
5249,6626,50
5250,6676,50
5251,6726,50
5252,6776,50
5253,6826,50
5254,6876,50
5255,6926,50
5256,6976,50
5257,7026,50
5258,7076,50
5259,7126,50
5260,7176,50
5261,7226,50
5262,7276,50
5263,7326,50
5264,7376,50
5265,7426,50
5266,7476,50
5267,7526,50
5268,7576,50
5269,7626,50
5270,7676,50
5271,7726,50
5272,7776,50
5273,7826,50
5274,7876,50
5275,7926,50
5276,7976,50
5277,8026,50
5278,8076,50
5279,8126,50
5280,8176,50
5281,8226,50
5282,8276,50
5283,8326,50
5284,8376,50
5285,8426,50
5286,8476,50
5287,8526,50
5288,8576,50
5289,8626,50
5290,8676,50
5291,8726,50
5292,8776,50
5293,8826,50
5294,8876,50
5295,8926,50
5296,8976,50
5297,9026,50
5298,9076,50
5299,9126,50
5300,9176,50
5301,9226,50
5302,9276,50
5303,9326,50
5304,9376,50
5305,9426,50
5306,9476,50
5307,9526,50
5308,9576,50
5309,9626,50
5310,9676,50
5311,9726,50
5312,9776,50
5313,9826,50
5314,9876,50
5315,9926,50
5316,9976,50
5317,10026,50
5318,10076,50
5319,10126,50
5320,10176,50
5321,10226,50
5322,10276,50
5323,10326,50
5324,10376,50
5325,10426,50
5326,10476,50
5327,10526,50
5328,10576,50
5329,10626,50
5330,10676,50
5331,10726,50
5332,10776,50
5333,10826,50
5334,10876,50
5335,10926,50
5336,10976,50
5337,11026,50
5338,11076,50
5339,11126,50
5340,11176,50
5341,11226,50
5342,11276,50
5343,11326,50
5344,11376,50
5345,11426,50
5346,11476,50
5347,11526,50
5348,11576,50
5349,11626,50
5350,11676,50
5351,11726,50
5352,11776,50
5353,11826,50
5354,11876,50
5355,11926,50
5356,11976,50
5357,12026,50
5358,12076,50
5359,12126,50
5360,12176,50
5361,12226,50
5362,12276,50
5363,12326,50
5364,12376,50
5365,12426,50
5366,12476,50
5367,12526,50
5368,12576,50
5369,12626,50
5370,12676,50
5371,12726,50
5372,12776,50
5373,12826,50
5374,12876,50
5375,12926,50
5376,12976,50
5377,13026,50
5378,13076,50
5379,13126,50
5380,13176,50
5381,13226,50
5382,13276,50
5383,13326,50
5384,13376,50
5385,13426,50
5386,13476,50
5387,13526,50
5388,13576,50
5389,13626,50
5390,13676,50
5391,13726,50
5392,13776,50
5393,13826,50
5394,13876,50
5395,13926,50
5396,13976,50
5397,14026,50
5398,14076,50
5399,14126,50
5400,14176,50
5401,14226,50
5402,14276,50
5403,14326,50
5404,14376,50
5405,14426,50
5406,14476,50
5407,14526,50
5408,14576,50
5409,14626,50
5410,14676,50
5411,14726,50
5412,14776,50
5413,14826,50
5414,14876,50
5415,14926,50
5416,14976,50
5417,15026,50
5418,15076,50
5419,15126,50
5420,15176,50
5421,15226,50
5422,15276,50
5423,15326,50
5424,15376,50
5425,15426,50
5426,15476,50
5427,15526,50
5428,15576,50
5429,15626,50
5430,15676,50
5431,15726,50
5432,15776,50
5433,15826,50
5434,15876,50
5435,15926,50
5436,15976,50
5437,16026,50
5438,16076,50
5439,16126,50
5440,16176,50
5441,16226,50
5442,16276,50
5443,16326,50
5444,16376,50
5445,16426,50
5446,16476,50
5447,16526,50
5448,16576,50
5449,16626,50
5450,16676,50
5451,16726,50
5452,16776,50
5453,16826,50
5454,16876,50
5455,16926,50
5456,16976,50
5457,17026,50
5458,17076,50
5459,17126,50
5460,17176,50
5461,17226,50
5462,17276,50
5463,17326,50
5464,17376,50
5465,17426,50
5466,17476,50
5467,17526,50
5468,17576,50
5469,17626,50
5470,17676,50
5471,17726,50
5472,17776,50
5473,17826,50
5474,17876,50
5475,17926,50
5476,17976,50
5477,18026,50
5478,18076,50
5479,18126,50
5480,18176,50
5481,18226,50
5482,18276,50
5483,18326,50
5484,18376,50
5485,18426,50
5486,18476,50
5487,18526,50
5488,18576,50
5489,18626,50
5490,18676,50
5491,18726,50
5492,18776,50
5493,18826,50
5494,18876,50
5495,18926,50
5496,18976,50
5497,19026,50
5498,19076,50
5499,19126,50
5500,19176,50
5501,19226,50
5502,19276,50
5503,19326,50
5504,19376,50
5505,19426,50
5506,19476,50
5507,19526,50
5508,19576,50
5509,19626,50
5510,19676,50
5511,19726,50
5512,19776,50
5513,19826,50
5514,19876,50
5515,19926,50
5516,19976,50
5517,20026,50
5518,20076,50
5519,20126,50
5520,20176,50
5521,20226,50
5522,20276,50
5523,20326,50
5524,20376,50
5525,20426,50
5526,20476,50
5527,20526,50
5528,20576,50
5529,20626,50
5530,20676,50
5531,20726,50
5532,20776,50
5533,20826,50
5534,20876,50
5535,20926,50
5536,20976,50
5537,21026,50
5538,21076,50
5539,21126,50
5540,21176,50
5541,21226,50
5542,21276,50
5543,21326,50
5544,21376,50
5545,21426,50
5546,21476,50
5547,21526,50
5548,21576,50
5549,21626,50
5550,21676,50
5551,21726,50
5552,21776,50
5553,21826,50
5554,21876,50
5555,21926,50
5556,21976,50
5557,22026,50
5558,22076,50
5559,22126,50
5560,22176,50
5561,22226,50
5562,22276,50
5563,22326,50
5564,22376,50
5565,22426,50
5566,22476,50
5567,22526,50
5568,22576,50
5569,22626,50
5570,22676,50
5571,22726,50
5572,22776,50
5573,22826,50
5574,22876,50
5575,22926,50
5576,22976,50
5577,23026,50
5578,23076,50
5579,23126,50
5580,23176,50
5581,23226,50
5582,23276,50
5583,23326,50
5584,23376,50
5585,23426,50
5586,23476,50
5587,23526,50
5588,23576,50
5589,23626,50
5590,23676,50
5591,23726,50
5592,23776,50
5593,23826,50
5594,23876,50
5595,23926,50
5596,23976,50
5597,24026,50
5598,24076,50
5599,24126,50
5600,24176,50
5601,24226,50
5602,24276,50
5603,24326,50
5604,24376,50
5605,24426,50
5606,24476,50
5607,24526,50
5608,24576,50
5609,24626,50
5610,24676,50
5611,24726,50
5612,24776,50
5613,24826,50
5614,24876,50
5615,24926,50
5616,24976,50
5617,25026,50
5618,25076,50
5619,25126,50
5620,25176,50
5621,25226,50
5622,25276,50
5623,25326,50
5624,25376,50
5625,25426,50
5626,25476,50
5627,25526,50
5628,25576,50
5629,25626,50
5630,25676,50
5631,25726,50
5632,25776,50
5633,25826,50
5634,25876,50
5635,25926,50
5636,25976,50
5637,26026,50
5638,26076,50
5639,26126,50
5640,26176,50
5641,26226,50
5642,26276,50
5643,26326,50
5644,26376,50
5645,26426,50
5646,26476,50
5647,26526,50
5648,26576,50
5649,26626,50
5650,26676,50
5651,26726,50
5652,26776,50
5653,26826,50
5654,26876,50
5655,26926,50
5656,26976,50
5657,27026,50
5658,27076,50
5659,27126,50
5660,27176,50
5661,27226,50
5662,27276,50
5663,27326,50
5664,27376,50
5665,27426,50
5666,27476,50
5667,27526,50
5668,27576,50
5669,27626,50
5670,27676,50
5671,27726,50
5672,27776,50
5673,27826,50
5674,27876,50
5675,27926,50
5676,27976,50
5677,28026,50
5678,28076,50
5679,28126,50
5680,28176,50
5681,28226,50
5682,28276,50
5683,28326,50
5684,28376,50
5685,28426,50
5686,28476,50
5687,28526,50
5688,28576,50
5689,28626,50
5690,28676,50
5691,28726,50
5692,28776,50
5693,28826,50
5694,28876,50
5695,28926,50
5696,28976,50
5697,29026,50
5698,29076,50
5699,29126,50
5700,29176,50
5701,29226,50
5702,29276,50
5703,29326,50
5704,29376,50
5705,29426,50
5706,29476,50
5707,29526,50
5708,29576,50
5709,29626,50
5710,29676,50
5711,29726,50
5712,29776,50
5713,29826,50
5714,29876,50
5715,29926,50
5716,29976,50
5717,30026,50
5718,30076,50
5719,30126,50
5720,30176,50
5721,30226,50
5722,30276,50
5723,30326,50
5724,30376,50
5725,30426,50
5726,30476,50
5727,30526,50
5728,30576,50
5729,30626,50
5730,30676,50
5731,30726,50
5732,30776,50
5733,30826,50
5734,30876,50
5735,30926,50
5736,30976,50
5737,31026,50
5738,31076,50
5739,31126,50
5740,31176,50
5741,31226,50
5742,31276,50
5743,31326,50
5744,31376,50
5745,31426,50
5746,31476,50
5747,31526,50
5748,31576,50
5749,31626,50
5750,31676,50
5751,31726,50
5752,31776,50
5753,31826,50
5754,31876,50
5755,31926,50
5756,31976,50
5757,32026,50
5758,32076,50
5759,32126,50
5760,32176,50
5761,32226,50
5762,32276,50
5763,32326,50
5764,32376,50
5765,32426,50
5766,32476,50
5767,32526,50
5768,32576,50
5769,32626,50
5770,32676,50
5771,32726,50
5772,32776,50
5773,32826,50
5774,32876,50
5775,32926,50
5776,32976,50
5777,33026,50
5778,33076,50
5779,33126,50
5780,33176,50
5781,33226,50
5782,33276,50
5783,33326,50
5784,33376,50
5785,33426,50
5786,33476,50
5787,33526,50
5788,33576,50
5789,33626,50
5790,33676,50
5791,33726,50
5792,33776,50
5793,33826,50
5794,33876,50
5795,33926,50
5796,33976,50
5797,34026,50
5798,34076,50
5799,34126,50
5800,34176,50
5801,34226,50
5802,34276,50
5803,34326,50
5804,34376,50
5805,34426,50
5806,34476,50
5807,34526,50
5808,34576,50
5809,34626,50
5810,34676,50
5811,34726,50
5812,34776,50
5813,34826,50
5814,34876,50
5815,34926,50
5816,34976,50
5817,35026,50
5818,35076,50
5819,35126,50
5820,35176,50
5821,35226,50
5822,35276,50
5823,35326,50
5824,35376,50
5825,35426,50
5826,35476,50
5827,35526,50
5828,35576,50
5829,35626,50
5830,35676,50
5831,35726,50
5832,35776,50
5833,35826,50
5834,35876,50
5835,35926,50
5836,35976,50
5837,36026,50
5838,36076,50
5839,36126,50
5840,36176,50
5841,36226,50
5842,36276,50
5843,36326,50
5844,36376,50
5845,36426,50
5846,36476,50
5847,36526,50
5848,36576,50
5849,36626,50
5850,36676,50
5851,36726,50
5852,36776,50
5853,36826,50
5854,36876,50
5855,36926,50
5856,36976,50
5857,37026,50
5858,37076,50
5859,37126,50
5860,37176,50
5861,37226,50
5862,37276,50
5863,37326,50
5864,37376,50
5865,37426,50
5866,37476,50
5867,37526,50
5868,37576,50
5869,37626,50
5870,37676,50
5871,37726,50
5872,37776,50
5873,37826,50
5874,37876,50
5875,37926,50
5876,37976,50
5877,38026,50
5878,38076,50
5879,38126,50
5880,38176,50
5881,38226,50
5882,38276,50
5883,38326,50
5884,38376,50
5885,38426,50
5886,38476,50
5887,38526,50
5888,38576,50
5889,38626,50
5890,38676,50
5891,38726,50
5892,38776,50
5893,38826,50
5894,38876,50
5895,38926,50
5896,38976,50
5897,39026,50
5898,39076,50
5899,39126,50
5900,39176,50
5901,39226,50
5902,39276,50
5903,39326,50
5904,39376,50
5905,39426,50
5906,39476,50
5907,39526,50
5908,39576,50
5909,39626,50
5910,39676,50
5911,39726,50
5912,39776,50
5913,39826,50
5914,39876,50
5915,39926,50
5916,39976,50
5917,40026,50
5918,40076,50
5919,40126,50
5920,40176,50
5921,40226,50
5922,40276,50
5923,40326,50
5924,40376,50
5925,40426,50
5926,40476,50
5927,40526,50
5928,40576,50
5929,40626,50
5930,40676,50
5931,40726,50
5932,40776,50
5933,40826,50
5934,40876,50
5935,40926,50
5936,40976,50
5937,41026,50
5938,41076,50
5939,41126,50
5940,41176,50
5941,41226,50
5942,41276,50
5943,41326,50
5944,41376,50
5945,41426,50
5946,41476,50
5947,41526,50
5948,41576,50
5949,41626,50
5950,41676,50
5951,41726,50
5952,41776,50
5953,41826,50
5954,41876,50
5955,41926,50
5956,41976,50
5957,42026,50
5958,42076,50
5959,42126,50
5960,42176,50
5961,42226,50
5962,42276,50
5963,42326,50
5964,42376,50
5965,42426,50
5966,42476,50
5967,42526,50
5968,42576,50
5969,42626,50
5970,42676,50
5971,42726,50
5972,42776,50
5973,42826,50
5974,42876,50
5975,42926,50
5976,42976,50
5977,43026,50
5978,43076,50
5979,43126,50
5980,43176,50
5981,43226,50
5982,43276,50
5983,43326,50
5984,43376,50
5985,43426,50
5986,43476,50
5987,43526,50
5988,43576,50
5989,43626,50
5990,43676,50
5991,43726,50
5992,43776,50
5993,43826,50
5994,43876,50
5995,43926,50
5996,43976,50
5997,44026,50
5998,44076,50
5999,44126,50
6000,44176,50
6001,44226,50
6002,44276,50
6003,44326,50
6004,44376,50
6005,44426,50
6006,44476,50
6007,44526,50
6008,44576,50
6009,44626,50
6010,44676,50
6011,44726,50
6012,44776,50
6013,44826,50
6014,44876,50
6015,44926,50
6016,44976,50
6017,45026,50
6018,45076,50
6019,45126,50
6020,45176,50
6021,45226,50
6022,45276,50
6023,45326,50
6024,45376,50
6025,45426,50
6026,45476,50
6027,45526,50
6028,45576,50
6029,45626,50
6030,45676,50
6031,45726,50
6032,45776,50
6033,45826,50
6034,45876,50
6035,45926,50
6036,45976,50
6037,46026,50
6038,46076,50
6039,46126,50
6040,46176,50
6041,46226,50
6042,46276,50
6043,46326,50
6044,46376,50
6045,46426,50
6046,46476,50
6047,46526,50
6048,46576,50
6049,46626,50
6050,46676,50
6051,46726,50
6052,46776,50
6053,46826,50
6054,46876,50
6055,46926,50
6056,46976,50
6057,47026,50
6058,47076,50
6059,47126,50
6060,47176,50
6061,47226,50
6062,47276,50
6063,47326,50
6064,47376,50
6065,47426,50
6066,47476,50
6067,47526,50
6068,47576,50
6069,47626,50
6070,47676,50
6071,47726,50
6072,47776,50
6073,47826,50
6074,47876,50
6075,47926,51
6076,47977,50
6077,48027,50
6078,48077,50
6079,48127,50
6080,48177,50
6081,48227,50
6082,48277,50
6083,48327,50
6084,48377,50
6085,48427,50
6086,48477,50
6087,48527,50
6088,48577,50
6089,48627,50
6090,48677,50
6091,48727,50
6092,48777,50
6093,48827,50
6094,48877,50
6095,48927,50
6096,48977,50
6097,49027,50
6098,49077,50
6099,49127,50
6100,49177,50
6101,49227,50
6102,49277,50
6103,49327,50
6104,49377,50
6105,49427,50
6106,49477,50
6107,49527,50
6108,49577,50
6109,49627,50
6110,49677,50
6111,49727,50
6112,49777,50
6113,49827,50
6114,49877,50
6115,49927,50
6116,49977,50
6117,50027,50
6118,50077,50
6119,50127,50
6120,50177,50
6121,50227,50
6122,50277,50
6123,50327,50
6124,50377,50
6125,50427,50
6126,50477,50
6127,50527,50
6128,50577,50
6129,50627,50
6130,50677,50
6131,50727,50
6132,50777,50
6133,50827,50
6134,50877,50
6135,50927,50
6136,50977,50
6137,51027,50
6138,51077,50
6139,51127,50
6140,51177,50
6141,51227,50
6142,51277,50
6143,51327,50
6144,51377,50
6145,51427,50
6146,51477,50
6147,51527,50
6148,51577,50
6149,51627,50
6150,51677,50
6151,51727,50
6152,51777,50
6153,51827,50
6154,51877,50
6155,51927,50
6156,51977,50
6157,52027,50
6158,52077,50
6159,52127,50
6160,52177,50
6161,52227,50
6162,52277,50
6163,52327,50
6164,52377,50
6165,52427,50
6166,52477,50
6167,52527,50
6168,52577,50
6169,52627,50
6170,52677,50
6171,52727,50
6172,52777,50
6173,52827,50
6174,52877,50
6175,52927,50
6176,52977,50
6177,53027,50
6178,53077,50
6179,53127,50
6180,53177,50
6181,53227,50
6182,53277,50
6183,53327,50
6184,53377,50
6185,53427,50
6186,53477,50
6187,53527,50
6188,53577,50
6189,53627,50
6190,53677,50
6191,53727,50
6192,53777,50
6193,53827,50
6194,53877,50
6195,53927,50
6196,53977,50
6197,54027,50
6198,54077,50
6199,54127,50
6200,54177,50
6201,54227,50
6202,54277,50
6203,54327,50
6204,54377,50
6205,54427,50
6206,54477,50
6207,54527,50
6208,54577,50
6209,54627,50
6210,54677,50
6211,54727,50
6212,54777,50
6213,54827,50
6214,54877,50
6215,54927,50
6216,54977,50
6217,55027,50
6218,55077,50
6219,55127,50
6220,55177,50
6221,55227,50
6222,55277,50
6223,55327,50
6224,55377,50
6225,55427,50
6226,55477,50
6227,55527,50
6228,55577,50
6229,55627,50
6230,55677,50
6231,55727,50
6232,55777,50
6233,55827,50
6234,55877,50
6235,55927,50
6236,55977,50
6237,56027,50
6238,56077,50
6239,56127,50
6240,56177,50
6241,56227,50
6242,56277,50
6243,56327,50
6244,56377,50
6245,56427,50
6246,56477,50
6247,56527,50
6248,56577,50
6249,56627,50
6250,56677,50
6251,56727,50
6252,56777,50
6253,56827,50
6254,56877,50
6255,56927,50
6256,56977,50
6257,57027,50
6258,57077,50
6259,57127,50
6260,57177,50
6261,57227,50
6262,57277,50
6263,57327,50
6264,57377,50
6265,57427,50
6266,57477,50
6267,57527,50
6268,57577,50
6269,57627,50
6270,57677,50
6271,57727,50
6272,57777,50
6273,57827,50
6274,57877,50
6275,57927,50
6276,57977,50
6277,58027,50
6278,58077,50
6279,58127,50
6280,58177,50
6281,58227,50
6282,58277,50
6283,58327,50
6284,58377,50
6285,58427,50
6286,58477,50
6287,58527,50
6288,58577,50
6289,58627,50
6290,58677,50
6291,58727,50
6292,58777,50
6293,58827,50
6294,58877,50
6295,58927,50
6296,58977,50
6297,59027,50
6298,59077,50
6299,59127,50
6300,59177,50
6301,59227,50
6302,59277,50
6303,59327,50
6304,59377,50
6305,59427,50
6306,59477,50
6307,59527,50
6308,59577,50
6309,59627,50
6310,59677,50
6311,59727,50
6312,59777,50
6313,59827,50
6314,59877,50
6315,59927,50
6316,59977,50
6317,60027,50
6318,60077,50
6319,60127,50
6320,60177,50
6321,60227,50
6322,60277,50
6323,60327,50
6324,60377,50
6325,60427,50
6326,60477,50
6327,60527,50
6328,60577,50
6329,60627,50
6330,60677,50
6331,60727,50
6332,60777,50
6333,60827,50
6334,60877,50
6335,60927,50
6336,60977,50
6337,61027,50
6338,61077,50
6339,61127,50
6340,61177,50
6341,61227,50
6342,61277,50
6343,61327,50
6344,61377,50
6345,61427,50
6346,61477,50
6347,61527,50
6348,61577,50
6349,61627,50
6350,61677,50
6351,61727,50
6352,61777,50
6353,61827,50
6354,61877,50
6355,61927,50
6356,61977,50
6357,62027,50
6358,62077,50
6359,62127,50
6360,62177,50
6361,62227,50
6362,62277,50
6363,62327,50
6364,62377,50
6365,62427,50
6366,62477,50
6367,62527,50
6368,62577,50
6369,62627,50
6370,62677,50
6371,62727,50
6372,62777,50
6373,62827,50
6374,62877,50
6375,62927,50
6376,62977,50
6377,63027,50
6378,63077,50
6379,63127,50
6380,63177,50
6381,63227,50
6382,63277,50
6383,63327,50
6384,63377,50
6385,63427,50
6386,63477,50
6387,63527,50
6388,63577,50
6389,63627,50
6390,63677,50
6391,63727,50
6392,63777,50
6393,63827,50
6394,63877,50
6395,63927,50
6396,63977,50
6397,64027,50
6398,64077,50
6399,64127,50
6400,64177,50
6401,64227,50
6402,64277,50
6403,64327,50
6404,64377,50
6405,64427,50
6406,64477,50
6407,64527,50
6408,64577,50
6409,64627,50
6410,64677,50
6411,64727,50
6412,64777,50
6413,64827,50
6414,64877,50
6415,64927,50
6416,64977,50
6417,65027,50
6418,65077,50
6419,65127,50
6420,65177,50
6421,65227,50
6422,65277,50
6423,65327,50
6424,65377,50
6425,65427,50
6426,65477,50
6427,65527,50
6428,65577,50
6429,65627,50
6430,65677,50
6431,65727,50
6432,65777,50
6433,65827,50
6434,65877,50
6435,65927,50
6436,65977,50
6437,66027,50
6438,66077,50
6439,66127,50
6440,66177,50
6441,66227,50
6442,66277,50
6443,66327,50
6444,66377,50
6445,66427,50
6446,66477,50
6447,66527,50
6448,66577,50
6449,66627,50
6450,66677,50
6451,66727,50
6452,66777,50
6453,66827,50
6454,66877,50
6455,66927,50
6456,66977,50
6457,67027,50
6458,67077,50
6459,67127,50
6460,67177,50
6461,67227,50
6462,67277,50
6463,67327,50
6464,67377,50
6465,67427,50
6466,67477,50
6467,67527,50
6468,67577,50
6469,67627,50
6470,67677,50
6471,67727,50
6472,67777,50
6473,67827,50
6474,67877,50
6475,67927,50
6476,67977,50
6477,68027,50
6478,68077,50
6479,68127,50
6480,68177,50
6481,68227,50
6482,68277,50
6483,68327,50
6484,68377,50
6485,68427,50
6486,68477,50
6487,68527,50
6488,68577,50
6489,68627,50
6490,68677,50
6491,68727,50
6492,68777,50
6493,68827,50
6494,68877,50
6495,68927,50
6496,68977,50
6497,69027,50
6498,69077,50
6499,69127,50
6500,69177,50
6501,69227,50
6502,69277,50
6503,69327,50
6504,69377,50
6505,69427,50
6506,69477,50
6507,69527,50
6508,69577,50
6509,69627,50
6510,69677,50
6511,69727,50
6512,69777,50
6513,69827,50
6514,69877,50
6515,69927,50
6516,69977,50
6517,70027,50
6518,70077,50
6519,70127,50
6520,70177,50
6521,70227,50
6522,70277,50
6523,70327,50
6524,70377,50
6525,70427,50
6526,70477,50
6527,70527,50
6528,70577,50
6529,70627,50
6530,70677,50
6531,70727,50
6532,70777,50
6533,70827,50
6534,70877,50
6535,70927,50
6536,70977,50
6537,71027,50
6538,71077,50
6539,71127,50
6540,71177,50
6541,71227,50
6542,71277,50
6543,71327,50
6544,71377,50
6545,71427,50
6546,71477,50
6547,71527,50
6548,71577,50
6549,71627,50
6550,71677,50
6551,71727,50
6552,71777,50
6553,71827,50
6554,71877,50
6555,71927,50
6556,71977,50
6557,72027,50
6558,72077,50
6559,72127,50
6560,72177,50
6561,72227,50
6562,72277,50
6563,72327,50
6564,72377,50
6565,72427,50
6566,72477,50
6567,72527,50
6568,72577,50
6569,72627,50
6570,72677,50
6571,72727,50
6572,72777,50
6573,72827,50
6574,72877,50
6575,72927,50
6576,72977,50
6577,73027,50
6578,73077,50
6579,73127,50
6580,73177,50
6581,73227,50
6582,73277,50
6583,73327,50
6584,73377,50
6585,73427,50
6586,73477,50
6587,73527,50
6588,73577,50
6589,73627,50
6590,73677,50
6591,73727,50
6592,73777,50
6593,73827,50
6594,73877,50
6595,73927,50
6596,73977,50
6597,74027,50
6598,74077,50
6599,74127,50
6600,74177,50
6601,74227,50
6602,74277,50
6603,74327,50
6604,74377,50
6605,74427,50
6606,74477,50
6607,74527,50
6608,74577,50
6609,74627,50
6610,74677,50
6611,74727,50
6612,74777,50
6613,74827,50
6614,74877,50
6615,74927,50
6616,74977,50
6617,75027,50
6618,75077,50
6619,75127,50
6620,75177,50
6621,75227,50
6622,75277,50
6623,75327,50
6624,75377,50
6625,75427,50
6626,75477,50
6627,75527,50
6628,75577,50
6629,75627,50
6630,75677,50
6631,75727,50
6632,75777,50
6633,75827,50
6634,75877,50
6635,75927,50
6636,75977,50
6637,76027,50
6638,76077,50
6639,76127,50
6640,76177,50
6641,76227,50
6642,76277,50
6643,76327,50
6644,76377,50
6645,76427,50
6646,76477,50
6647,76527,50
6648,76577,50
6649,76627,50
6650,76677,50
6651,76727,50
6652,76777,51
6653,76828,50
6654,76878,50
6655,76928,50
6656,76978,50
6657,77028,50
6658,77078,50
6659,77128,50
6660,77178,50
6661,77228,50
6662,77278,50
6663,77328,50
6664,77378,50
6665,77428,50
6666,77478,50
6667,77528,50
6668,77578,50
6669,77628,50
6670,77678,50
6671,77728,50
6672,77778,50
6673,77828,50
6674,77878,50
6675,77928,50
6676,77978,50
6677,78028,50
6678,78078,50
6679,78128,50
6680,78178,50
6681,78228,50
6682,78278,50
6683,78328,50
6684,78378,50
6685,78428,50
6686,78478,50
6687,78528,50
6688,78578,50
6689,78628,50
6690,78678,50
6691,78728,50
6692,78778,50
6693,78828,50
6694,78878,50
6695,78928,50
6696,78978,50
6697,79028,50
6698,79078,50
6699,79128,50
6700,79178,50
6701,79228,50
6702,79278,50
6703,79328,50
6704,79378,50
6705,79428,50
6706,79478,50
6707,79528,50
6708,79578,50
6709,79628,50
6710,79678,50
6711,79728,50
6712,79778,50
6713,79828,50
6714,79878,50
6715,79928,50
6716,79978,50
6717,80028,50
6718,80078,50
6719,80128,50
6720,80178,50
6721,80228,50
6722,80278,50
6723,80328,50
6724,80378,50
6725,80428,50
6726,80478,50
6727,80528,50
6728,80578,50
6729,80628,50
6730,80678,50
6731,80728,50
6732,80778,50
6733,80828,50
6734,80878,50
6735,80928,50
6736,80978,50
6737,81028,50
6738,81078,50
6739,81128,50
6740,81178,50
6741,81228,50
6742,81278,50
6743,81328,50
6744,81378,50
6745,81428,50
6746,81478,50
6747,81528,50
6748,81578,50
6749,81628,50
6750,81678,50
6751,81728,50
6752,81778,50
6753,81828,50
6754,81878,50
6755,81928,50
6756,81978,50
6757,82028,50
6758,82078,50
6759,82128,50
6760,82178,50
6761,82228,50
6762,82278,50
6763,82328,50
6764,82378,50
6765,82428,50
6766,82478,50
6767,82528,50
6768,82578,50
6769,82628,50
6770,82678,50
6771,82728,50
6772,82778,50
6773,82828,50
6774,82878,50
6775,82928,50
6776,82978,50
6777,83028,50
6778,83078,50
6779,83128,50
6780,83178,50
6781,83228,50
6782,83278,50
6783,83328,50
6784,83378,50
6785,83428,50
6786,83478,50
6787,83528,50
6788,83578,50
6789,83628,50
6790,83678,50
6791,83728,50
6792,83778,50
6793,83828,50
6794,83878,50
6795,83928,50
6796,83978,50
6797,84028,50
6798,84078,50
6799,84128,50
6800,84178,50
6801,84228,50
6802,84278,50
6803,84328,50
6804,84378,50
6805,84428,50
6806,84478,50
6807,84528,50
6808,84578,50
6809,84628,50
6810,84678,50
6811,84728,50
6812,84778,50
6813,84828,50
6814,84878,50
6815,84928,50
6816,84978,50
6817,85028,50
6818,85078,50
6819,85128,50
6820,85178,50
6821,85228,50
6822,85278,50
6823,85328,50
6824,85378,50
6825,85428,50
6826,85478,50
6827,85528,50
6828,85578,50
6829,85628,50
6830,85678,50
6831,85728,50
6832,85778,50
6833,85828,50
6834,85878,50
6835,85928,50
6836,85978,50
6837,86028,50
6838,86078,50
6839,86128,50
6840,86178,50
6841,86228,50
6842,86278,50
6843,86328,50
6844,86378,50
6845,86428,50
6846,86478,50
6847,86528,50
6848,86578,50
6849,86628,50
6850,86678,50
6851,86728,50
6852,86778,50
6853,86828,50
6854,86878,50
6855,86928,50
6856,86978,50
6857,87028,50
6858,87078,50
6859,87128,50
6860,87178,50
6861,87228,50
6862,87278,50
6863,87328,50
6864,87378,50
6865,87428,50
6866,87478,50
6867,87528,50
6868,87578,50
6869,87628,50
6870,87678,50
6871,87728,50
6872,87778,50
6873,87828,50
6874,87878,50
6875,87928,50
6876,87978,50
6877,88028,50
6878,88078,50
6879,88128,50
6880,88178,50
6881,88228,50
6882,88278,50
6883,88328,50
6884,88378,50
6885,88428,50
6886,88478,50
6887,88528,50
6888,88578,50
6889,88628,50
6890,88678,50
6891,88728,50
6892,88778,50
6893,88828,50
6894,88878,50
6895,88928,50
6896,88978,50
6897,89028,50
6898,89078,50
6899,89128,50
6900,89178,50
6901,89228,50
6902,89278,50
6903,89328,50
6904,89378,50
6905,89428,50
6906,89478,50
6907,89528,50
6908,89578,50
6909,89628,50
6910,89678,50
6911,89728,50
6912,89778,50
6913,89828,50
6914,89878,50
6915,89928,50
6916,89978,50
6917,90028,50
6918,90078,50
6919,90128,50
6920,90178,50
6921,90228,50
6922,90278,50
6923,90328,50
6924,90378,50
6925,90428,50
6926,90478,50
6927,90528,50
6928,90578,50
6929,90628,50
6930,90678,50
6931,90728,50
6932,90778,50
6933,90828,50
6934,90878,50
6935,90928,50
6936,90978,50
6937,91028,50
6938,91078,50
6939,91128,50
6940,91178,50
6941,91228,50
6942,91278,50
6943,91328,50
6944,91378,50
6945,91428,50
6946,91478,50
6947,91528,50
6948,91578,50
6949,91628,50
6950,91678,50
6951,91728,50
6952,91778,50
6953,91828,50
6954,91878,50
6955,91928,50
6956,91978,50
6957,92028,50
6958,92078,50
6959,92128,50
6960,92178,50
6961,92228,50
6962,92278,50
6963,92328,50
6964,92378,50
6965,92428,50
6966,92478,50
6967,92528,50
6968,92578,50
6969,92628,50
6970,92678,50
6971,92728,50
6972,92778,50
6973,92828,50
6974,92878,50
6975,92928,50
6976,92978,50
6977,93028,50
6978,93078,50
6979,93128,50
6980,93178,50
6981,93228,50
6982,93278,50
6983,93328,50
6984,93378,50
6985,93428,50
6986,93478,50
6987,93528,50
6988,93578,50
6989,93628,50
6990,93678,50
6991,93728,50
6992,93778,50
6993,93828,50
6994,93878,50
6995,93928,50
6996,93978,50
6997,94028,50
6998,94078,50
6999,94128,50
7000,94178,50
7001,94228,50
7002,94278,50
7003,94328,50
7004,94378,50
7005,94428,50
7006,94478,50
7007,94528,50
7008,94578,50
7009,94628,50
7010,94678,50
7011,94728,50
7012,94778,50
7013,94828,50
7014,94878,50
7015,94928,50
7016,94978,50
7017,95028,50
7018,95078,50
7019,95128,50
7020,95178,50
7021,95228,50
7022,95278,50
7023,95328,50
7024,95378,50
7025,95428,50
7026,95478,50
7027,95528,50
7028,95578,50
7029,95628,50
7030,95678,50
7031,95728,50
7032,95778,50
7033,95828,50
7034,95878,50
7035,95928,50
7036,95978,50
7037,96028,50
7038,96078,50
7039,96128,50
7040,96178,50
7041,96228,50
7042,96278,50
7043,96328,50
7044,96378,50
7045,96428,50
7046,96478,50
7047,96528,50
7048,96578,50
7049,96628,50
7050,96678,50
7051,96728,50
7052,96778,50
7053,96828,50
7054,96878,50
7055,96928,50
7056,96978,50
7057,97028,50
7058,97078,50
7059,97128,50
7060,97178,50
7061,97228,50
7062,97278,50
7063,97328,50
7064,97378,50
7065,97428,50
7066,97478,50
7067,97528,50
7068,97578,50
7069,97628,50
7070,97678,50
7071,97728,50
7072,97778,50
7073,97828,50
7074,97878,50
7075,97928,50
7076,97978,50
7077,98028,50
7078,98078,50
7079,98128,50
7080,98178,50
7081,98228,50
7082,98278,50
7083,98328,50
7084,98378,50
7085,98428,50
7086,98478,50
7087,98528,50
7088,98578,50
7089,98628,50
7090,98678,50
7091,98728,50
7092,98778,50
7093,98828,50
7094,98878,50
7095,98928,50
7096,98978,50
7097,99028,50
7098,99078,50
7099,99128,50
7100,99178,50
7101,99228,50
7102,99278,50
7103,99328,50
7104,99378,50
7105,99428,50
7106,99478,50
7107,99528,50
7108,99578,50
7109,99628,50
7110,99678,50
7111,99728,50
7112,99778,50
7113,99828,50
7114,99878,50
7115,99928,50
7116,99978,50
7117,100028,50
7118,100078,50
7119,100128,50
7120,100178,50
7121,100228,50
7122,100278,50
7123,100328,50
7124,100378,50
7125,100428,50
7126,100478,50
7127,100528,50
7128,100578,50
7129,100628,50
7130,100678,50
7131,100728,50
7132,100778,50
7133,100828,50
7134,100878,50
7135,100928,50
7136,100978,50
7137,101028,50
7138,101078,50
7139,101128,50
7140,101178,50
7141,101228,50
7142,101278,50
7143,101328,50
7144,101378,50
7145,101428,50
7146,101478,50
7147,101528,50
7148,101578,50
7149,101628,50
7150,101678,50
7151,101728,50
7152,101778,50
7153,101828,50
7154,101878,50
7155,101928,50
7156,101978,50
7157,102028,50
7158,102078,50
7159,102128,50
7160,102178,50
7161,102228,50
7162,102278,50
7163,102328,50
7164,102378,51
7165,102429,50
7166,102479,50
7167,102529,50
7168,102579,50
7169,102629,50
7170,102679,50
7171,102729,50
7172,102779,50
7173,102829,50
7174,102879,50
7175,102929,50
7176,102979,50
7177,103029,50
7178,103079,50
7179,103129,50
7180,103179,50
7181,103229,50
7182,103279,50
7183,103329,50
7184,103379,50
7185,103429,50
7186,103479,50
7187,103529,50
7188,103579,50
7189,103629,50
7190,103679,50
7191,103729,50
7192,103779,50
7193,103829,50
7194,103879,50
7195,103929,50
7196,103979,50
7197,104029,50
7198,104079,50
7199,104129,50
7200,104179,50
7201,104229,50
7202,104279,50
7203,104329,50
7204,104379,50
7205,104429,50
7206,104479,50
7207,104529,50
7208,104579,50
7209,104629,50
7210,104679,50
7211,104729,50
7212,104779,50
7213,104829,50
7214,104879,50
7215,104929,50
7216,104979,50
7217,105029,50
7218,105079,50
7219,105129,50
7220,105179,50
7221,105229,50
7222,105279,50
7223,105329,50
7224,105379,50
7225,105429,50
7226,105479,50
7227,105529,50
7228,105579,50
7229,105629,50
7230,105679,50
7231,105729,50
7232,105779,50
7233,105829,50
7234,105879,50
7235,105929,50
7236,105979,50
7237,106029,50
7238,106079,50
7239,106129,50
7240,106179,50
7241,106229,50
7242,106279,50
7243,106329,50
7244,106379,50
7245,106429,50
7246,106479,50
7247,106529,50
7248,106579,50
7249,106629,50
7250,106679,50
7251,106729,50
7252,106779,50
7253,106829,50
7254,106879,50
7255,106929,50
7256,106979,50
7257,107029,50
7258,107079,50
7259,107129,50
7260,107179,50
7261,107229,50
7262,107279,50
7263,107329,50
7264,107379,50
7265,107429,50
7266,107479,50
7267,107529,50
7268,107579,50
7269,107629,50
7270,107679,50
7271,107729,50
7272,107779,50
7273,107829,50
7274,107879,50
7275,107929,50
7276,107979,50
7277,108029,50
7278,108079,50
7279,108129,50
7280,108179,50
7281,108229,50
7282,108279,50
7283,108329,50
7284,108379,50
7285,108429,50
7286,108479,50
7287,108529,50
7288,108579,50
7289,108629,50
7290,108679,50
7291,108729,50
7292,108779,50
7293,108829,50
7294,108879,50
7295,108929,50
7296,108979,50
7297,109029,50
7298,109079,50
7299,109129,50
7300,109179,50
7301,109229,50
7302,109279,50
7303,109329,50
7304,109379,50
7305,109429,50
7306,109479,50
7307,109529,50
7308,109579,50
7309,109629,50
7310,109679,50
7311,109729,50
7312,109779,50
7313,109829,50
7314,109879,50
7315,109929,50
7316,109979,50
7317,110029,50
7318,110079,50
7319,110129,50
7320,110179,50
7321,110229,50
7322,110279,50
7323,110329,50
7324,110379,50
7325,110429,50
7326,110479,50
7327,110529,50
7328,110579,50
7329,110629,50
7330,110679,50
7331,110729,50
7332,110779,50
7333,110829,50
7334,110879,50
7335,110929,50
7336,110979,50
7337,111029,50
7338,111079,50
7339,111129,50
7340,111179,50
7341,111229,50
7342,111279,50
7343,111329,50
7344,111379,50
7345,111429,50
7346,111479,50
7347,111529,50
7348,111579,50
7349,111629,50
7350,111679,50
7351,111729,50
7352,111779,50
7353,111829,50
7354,111879,50
7355,111929,50
7356,111979,50
7357,112029,50
7358,112079,50
7359,112129,50
7360,112179,50
7361,112229,50
7362,112279,50
7363,112329,50
7364,112379,50
7365,112429,50
7366,112479,50
7367,112529,50
7368,112579,50
7369,112629,50
7370,112679,50
7371,112729,50
7372,112779,50
7373,112829,50
7374,112879,50
7375,112929,50
7376,112979,50
7377,113029,50
7378,113079,50
7379,113129,50
7380,113179,50
7381,113229,50
7382,113279,50
7383,113329,50
7384,113379,50
7385,113429,50
7386,113479,50
7387,113529,50
7388,113579,50
7389,113629,50
7390,113679,50
7391,113729,50
7392,113779,50
7393,113829,50
7394,113879,50
7395,113929,50
7396,113979,50
7397,114029,50
7398,114079,50
7399,114129,50
7400,114179,50
7401,114229,50
7402,114279,50
7403,114329,50
7404,114379,50
7405,114429,50
7406,114479,50
7407,114529,50
7408,114579,50
7409,114629,50
7410,114679,50
7411,114729,50
7412,114779,50
7413,114829,50
7414,114879,50
7415,114929,50
7416,114979,50
7417,115029,50
7418,115079,50
7419,115129,50
7420,115179,50
7421,115229,50
7422,115279,50
7423,115329,50
7424,115379,50
7425,115429,50
7426,115479,50
7427,115529,50
7428,115579,50
7429,115629,50
7430,115679,50
7431,115729,50
7432,115779,50
7433,115829,50
7434,115879,50
7435,115929,50
7436,115979,50
7437,116029,50
7438,116079,50
7439,116129,50
7440,116179,50
7441,116229,50
7442,116279,50
7443,116329,50
7444,116379,50
7445,116429,50
7446,116479,50
7447,116529,50
7448,116579,50
7449,116629,50
7450,116679,50
7451,116729,50
7452,116779,50
7453,116829,50
7454,116879,50
7455,116929,50
7456,116979,50
7457,117029,50
7458,117079,50
7459,117129,50
7460,117179,50
7461,117229,50
7462,117279,50
7463,117329,50
7464,117379,50
7465,117429,50
7466,117479,50
7467,117529,50
7468,117579,50
7469,117629,50
7470,117679,50
7471,117729,50
7472,117779,50
7473,117829,50
7474,117879,50
7475,117929,50
7476,117979,50
7477,118029,50
7478,118079,50
7479,118129,50
7480,118179,50
7481,118229,50
7482,118279,50
7483,118329,50
7484,118379,50
7485,118429,50
7486,118479,50
7487,118529,50
7488,118579,50
7489,118629,50
7490,118679,50
7491,118729,50
7492,118779,50
7493,118829,50
7494,118879,50
7495,118929,50
7496,118979,50
7497,119029,50
7498,119079,50
7499,119129,50
7500,119179,50
7501,119229,50
7502,119279,50
7503,119329,50
7504,119379,50
7505,119429,50
7506,119479,50
7507,119529,50
7508,119579,50
7509,119629,50
7510,119679,50
7511,119729,50
7512,119779,50
7513,119829,50
7514,119879,50
7515,119929,50
7516,119979,50
7517,120029,50
7518,120079,50
7519,120129,50
7520,120179,50
7521,120229,50
7522,120279,50
7523,120329,50
7524,120379,50
7525,120429,50
7526,120479,50
7527,120529,50
7528,120579,50
7529,120629,50
7530,120679,50
7531,120729,50
7532,120779,50
7533,120829,50
7534,120879,50
7535,120929,50
7536,120979,50
7537,121029,50
7538,121079,50
7539,121129,50
7540,121179,50
7541,121229,50
7542,121279,50
7543,121329,50
7544,121379,50
7545,121429,50
7546,121479,50
7547,121529,50
7548,121579,50
7549,121629,50
7550,121679,50
7551,121729,50
7552,121779,50
7553,121829,50
7554,121879,50
7555,121929,50
7556,121979,50
7557,122029,50
7558,122079,50
7559,122129,50
7560,122179,50
7561,122229,50
7562,122279,50
7563,122329,50
7564,122379,50
7565,122429,50
7566,122479,50
7567,122529,50
7568,122579,50
7569,122629,50
7570,122679,50
7571,122729,50
7572,122779,50
7573,122829,50
7574,122879,50
7575,122929,50
7576,122979,50
7577,123029,50
7578,123079,50
7579,123129,50
7580,123179,50
7581,123229,50
7582,123279,50
7583,123329,50
7584,123379,50
7585,123429,50
7586,123479,50
7587,123529,50
7588,123579,50
7589,123629,50
7590,123679,50
7591,123729,50
7592,123779,50
7593,123829,50
7594,123879,50
7595,123929,50
7596,123979,50
7597,124029,50
7598,124079,50
7599,124129,50
7600,124179,50
7601,124229,50
7602,124279,50
7603,124329,50
7604,124379,50
7605,124429,50
7606,124479,50
7607,124529,50
7608,124579,50
7609,124629,50
7610,124679,50
7611,124729,50
7612,124779,50
7613,124829,50
7614,124879,50
7615,124929,50
7616,124979,50
7617,125029,50
7618,125079,50
7619,125129,50
7620,125179,50
7621,125229,50
7622,125279,50
7623,125329,50
7624,125379,50
7625,125429,50
7626,125479,50
7627,125529,50
7628,125579,50
7629,125629,50
7630,125679,50
7631,125729,50
7632,125779,50
7633,125829,50
7634,125879,50
7635,125929,50
7636,125979,50
7637,126029,50
7638,126079,50
7639,126129,50
7640,126179,50
7641,126229,50
7642,126279,50
7643,126329,50
7644,126379,50
7645,126429,50
7646,126479,50
7647,126529,50
7648,126579,50
7649,126629,50
7650,126679,50
7651,126729,50
7652,126779,50
7653,126829,50
7654,126879,50
7655,126929,50
7656,126979,50
7657,127029,50
7658,127079,50
7659,127129,50
7660,127179,50
7661,127229,50
7662,127279,50
7663,127329,50
7664,127379,50
7665,127429,50
7666,127479,50
7667,127529,50
7668,127579,50
7669,127629,50
7670,127679,50
7671,127729,50
7672,127779,50
7673,127829,50
7674,127879,50
7675,127929,50
7676,127979,50
7677,128029,50
7678,128079,50
7679,128129,50
7680,128179,50
7681,128229,50
7682,128279,50
7683,128329,50
7684,128379,50
7685,128429,50
7686,128479,50
7687,128529,50
7688,128579,50
7689,128629,50
7690,128679,50
7691,128729,50
7692,128779,50
7693,128829,50
7694,128879,50
7695,128929,50
7696,128979,50
7697,129029,50
7698,129079,50
7699,129129,50
7700,129179,50
7701,129229,50
7702,129279,50
7703,129329,50
7704,129379,50
7705,129429,50
7706,129479,50
7707,129529,50
7708,129579,50
7709,129629,50
7710,129679,50
7711,129729,50
7712,129779,50
7713,129829,50
7714,129879,50
7715,129929,50
7716,129979,50
7717,130029,50
7718,130079,50
7719,130129,50
7720,130179,50
7721,130229,50
7722,130279,50
7723,130329,50
7724,130379,50
7725,130429,50
7726,130479,50
7727,130529,50
7728,130579,50
7729,130629,50
7730,130679,50
7731,130729,50
7732,130779,50
7733,130829,50
7734,130879,50
7735,130929,50
7736,130979,50
7737,131029,50
7738,131079,50
7739,131129,50
7740,131179,50
7741,131229,50
7742,131279,50
7743,131329,50
7744,131379,50
7745,131429,50
7746,131479,50
7747,131529,50
7748,131579,50
7749,131629,50
7750,131679,50
7751,131729,50
7752,131779,50
7753,131829,50
7754,131879,50
7755,131929,50
7756,131979,50
7757,132029,50
7758,132079,50
7759,132129,51
7760,132180,50
7761,132230,50
7762,132280,50
7763,132330,50
7764,132380,50
7765,132430,50
7766,132480,50
7767,132530,50
7768,132580,50
7769,132630,50
7770,132680,50
7771,132730,50
7772,132780,50
7773,132830,50
7774,132880,50
7775,132930,50
7776,132980,50
7777,133030,50
7778,133080,50
7779,133130,50
7780,133180,50
7781,133230,50
7782,133280,50
7783,133330,50
7784,133380,50
7785,133430,50
7786,133480,50
7787,133530,50
7788,133580,50
7789,133630,50
7790,133680,50
7791,133730,50
7792,133780,50
7793,133830,50
7794,133880,50
7795,133930,50
7796,133980,50
7797,134030,50
7798,134080,50
7799,134130,50
7800,134180,50
7801,134230,50
7802,134280,50
7803,134330,50
7804,134380,50
7805,134430,50
7806,134480,50
7807,134530,50
7808,134580,50
7809,134630,50
7810,134680,50
7811,134730,50
7812,134780,50
7813,134830,50
7814,134880,50
7815,134930,50
7816,134980,50
7817,135030,50
7818,135080,50
7819,135130,50
7820,135180,50
7821,135230,50
7822,135280,50
7823,135330,50
7824,135380,50
7825,135430,50
7826,135480,50
7827,135530,50
7828,135580,50
7829,135630,50
7830,135680,50
7831,135730,50
7832,135780,50
7833,135830,50
7834,135880,50
7835,135930,50
7836,135980,50
7837,136030,50
7838,136080,50
7839,136130,50
7840,136180,50
7841,136230,50
7842,136280,50
7843,136330,50
7844,136380,50
7845,136430,50
7846,136480,50
7847,136530,50
7848,136580,50
7849,136630,50
7850,136680,50
7851,136730,50
7852,136780,50
7853,136830,50
7854,136880,50
7855,136930,50
7856,136980,50
7857,137030,50
7858,137080,50
7859,137130,50
7860,137180,50
7861,137230,50
7862,137280,50
7863,137330,50
7864,137380,50
7865,137430,50
7866,137480,50
7867,137530,50
7868,137580,50
7869,137630,50
7870,137680,50
7871,137730,50
7872,137780,50
7873,137830,50
7874,137880,50
7875,137930,50
7876,137980,50
7877,138030,50
7878,138080,50
7879,138130,50
7880,138180,50
7881,138230,50
7882,138280,50
7883,138330,50
7884,138380,50
7885,138430,50
7886,138480,50
7887,138530,50
7888,138580,50
7889,138630,50
7890,138680,50
7891,138730,50
7892,138780,50
7893,138830,50
7894,138880,50
7895,138930,50
7896,138980,50
7897,139030,50
7898,139080,50
7899,139130,50
7900,139180,50
7901,139230,50
7902,139280,50
7903,139330,50
7904,139380,50
7905,139430,50
7906,139480,50
7907,139530,50
7908,139580,50
7909,139630,50
7910,139680,50
7911,139730,50
7912,139780,50
7913,139830,50
7914,139880,50
7915,139930,50
7916,139980,50
7917,140030,50
7918,140080,50
7919,140130,50
7920,140180,50
7921,140230,50
7922,140280,50
7923,140330,50
7924,140380,50
7925,140430,50
7926,140480,50
7927,140530,50
7928,140580,50
7929,140630,50
7930,140680,50
7931,140730,50
7932,140780,50
7933,140830,50
7934,140880,50
7935,140930,50
7936,140980,50
7937,141030,50
7938,141080,50
7939,141130,50
7940,141180,50
7941,141230,50
7942,141280,50
7943,141330,50
7944,141380,50
7945,141430,50
7946,141480,50
7947,141530,50
7948,141580,50
7949,141630,50
7950,141680,50
7951,141730,50
7952,141780,50
7953,141830,50
7954,141880,50
7955,141930,50
7956,141980,50
7957,142030,50
7958,142080,50
7959,142130,50
7960,142180,50
7961,142230,50
7962,142280,50
7963,142330,50
7964,142380,50
7965,142430,50
7966,142480,50
7967,142530,50
7968,142580,50
7969,142630,50
7970,142680,50
7971,142730,50
7972,142780,50
7973,142830,50
7974,142880,50
7975,142930,50
7976,142980,50
7977,143030,50
7978,143080,50
7979,143130,50
7980,143180,50
7981,143230,50
7982,143280,50
7983,143330,50
7984,143380,50
7985,143430,50
7986,143480,50
7987,143530,50
7988,143580,50
7989,143630,50
7990,143680,50
7991,143730,50
7992,143780,50
7993,143830,50
7994,143880,50
7995,143930,50
7996,143980,50
7997,144030,50
7998,144080,50
7999,144130,50
8000,144180,50
8001,144230,50
8002,144280,50
8003,144330,50
8004,144380,50
8005,144430,50
8006,144480,50
8007,144530,50
8008,144580,50
8009,144630,50
8010,144680,50
8011,144730,50
8012,144780,50
8013,144830,50
8014,144880,50
8015,144930,50
8016,144980,50
8017,145030,50
8018,145080,50
8019,145130,50
8020,145180,50
8021,145230,50
8022,145280,50
8023,145330,50
8024,145380,50
8025,145430,50
8026,145480,50
8027,145530,50
8028,145580,50
8029,145630,50
8030,145680,50
8031,145730,50
8032,145780,50
8033,145830,50
8034,145880,50
8035,145930,50
8036,145980,50
8037,146030,50
8038,146080,50
8039,146130,50
8040,146180,50
8041,146230,50
8042,146280,50
8043,146330,50
8044,146380,50
8045,146430,50
8046,146480,50
8047,146530,50
8048,146580,50
8049,146630,50
8050,146680,50
8051,146730,50
8052,146780,50
8053,146830,50
8054,146880,50
8055,146930,50
8056,146980,50
8057,147030,50
8058,147080,50
8059,147130,50
8060,147180,50
8061,147230,50
8062,147280,50
8063,147330,50
8064,147380,50
8065,147430,50
8066,147480,50
8067,147530,50
8068,147580,50
8069,147630,50
8070,147680,50
8071,147730,50
8072,147780,50
8073,147830,50
8074,147880,50
8075,147930,50
8076,147980,50
8077,148030,50
8078,148080,50
8079,148130,50
8080,148180,50
8081,148230,50
8082,148280,50
8083,148330,50
8084,148380,50
8085,148430,50
8086,148480,50
8087,148530,50
8088,148580,50
8089,148630,50
8090,148680,50
8091,148730,50
8092,148780,50
8093,148830,50
8094,148880,50
8095,148930,50
8096,148980,50
8097,149030,50
8098,149080,50
8099,149130,50
8100,149180,50
8101,149230,50
8102,149280,50
8103,149330,50
8104,149380,50
8105,149430,50
8106,149480,50
8107,149530,50
8108,149580,50
8109,149630,50
8110,149680,50
8111,149730,50
8112,149780,50
8113,149830,50
8114,149880,50
8115,149930,50
8116,149980,50
8117,150030,50
8118,150080,50
8119,150130,50
8120,150180,50
8121,150230,50
8122,150280,50
8123,150330,50
8124,150380,50
8125,150430,50
8126,150480,50
8127,150530,50
8128,150580,50
8129,150630,50
8130,150680,50
8131,150730,50
8132,150780,50
8133,150830,50
8134,150880,50
8135,150930,50
8136,150980,50
8137,151030,50
8138,151080,50
8139,151130,50
8140,151180,50
8141,151230,50
8142,151280,50
8143,151330,50
8144,151380,50
8145,151430,50
8146,151480,50
8147,151530,50
8148,151580,50
8149,151630,50
8150,151680,50
8151,151730,50
8152,151780,50
8153,151830,50
8154,151880,50
8155,151930,50
8156,151980,50
8157,152030,50
8158,152080,50
8159,152130,50
8160,152180,50
8161,152230,50
8162,152280,50
8163,152330,50
8164,152380,50
8165,152430,50
8166,152480,50
8167,152530,50
8168,152580,50
8169,152630,50
8170,152680,50
8171,152730,50
8172,152780,50
8173,152830,50
8174,152880,50
8175,152930,50
8176,152980,50
8177,153030,50
8178,153080,50
8179,153130,50
8180,153180,50
8181,153230,50
8182,153280,50
8183,153330,50
8184,153380,50
8185,153430,50
8186,153480,50
8187,153530,50
8188,153580,50
8189,153630,50
8190,153680,50
8191,153730,50
8192,153780,50
8193,153830,50
8194,153880,50
8195,153930,50
8196,153980,50
8197,154030,50
8198,154080,50
8199,154130,50
8200,154180,50
8201,154230,50
8202,154280,50
8203,154330,50
8204,154380,50
8205,154430,50
8206,154480,50
8207,154530,50
8208,154580,50
8209,154630,50
8210,154680,50
8211,154730,50
8212,154780,50
8213,154830,50
8214,154880,50
8215,154930,50
8216,154980,50
8217,155030,50
8218,155080,50
8219,155130,50
8220,155180,50
8221,155230,50
8222,155280,50
8223,155330,50
8224,155380,50
8225,155430,50
8226,155480,50
8227,155530,50
8228,155580,50
8229,155630,50
8230,155680,50
8231,155730,50
8232,155780,50
8233,155830,50
8234,155880,50
8235,155930,50
8236,155980,50
8237,156030,50
8238,156080,50
8239,156130,50
8240,156180,50
8241,156230,50
8242,156280,50
8243,156330,50
8244,156380,50
8245,156430,50
8246,156480,50
8247,156530,50
8248,156580,50
8249,156630,50
8250,156680,50
8251,156730,50
8252,156780,50
8253,156830,50
8254,156880,50
8255,156930,50
8256,156980,50
8257,157030,50
8258,157080,50
8259,157130,50
8260,157180,50
8261,157230,50
8262,157280,50
8263,157330,50
8264,157380,50
8265,157430,50
8266,157480,50
8267,157530,50
8268,157580,50
8269,157630,50
8270,157680,50
8271,157730,50
8272,157780,50
8273,157830,50
8274,157880,50
8275,157930,50
8276,157980,50
8277,158030,51
8278,158081,50
8279,158131,50
8280,158181,50
8281,158231,50
8282,158281,50
8283,158331,50
8284,158381,50
8285,158431,50
8286,158481,50
8287,158531,50
8288,158581,50
8289,158631,50
8290,158681,50
8291,158731,50
8292,158781,50
8293,158831,50
8294,158881,50
8295,158931,50
8296,158981,50
8297,159031,50
8298,159081,50
8299,159131,50
8300,159181,50
8301,159231,50
8302,159281,50
8303,159331,50
8304,159381,50
8305,159431,50
8306,159481,50
8307,159531,50
8308,159581,50
8309,159631,50
8310,159681,50
8311,159731,50
8312,159781,50
8313,159831,50
8314,159881,50
8315,159931,50
8316,159981,50
8317,160031,50
8318,160081,50
8319,160131,50
8320,160181,50
8321,160231,50
8322,160281,50
8323,160331,50
8324,160381,50
8325,160431,50
8326,160481,50
8327,160531,50
8328,160581,50
8329,160631,50
8330,160681,50
8331,160731,50
8332,160781,50
8333,160831,50
8334,160881,50
8335,160931,50
8336,160981,50
8337,161031,50
8338,161081,50
8339,161131,50
8340,161181,50
8341,161231,50
8342,161281,50
8343,161331,50
8344,161381,50
8345,161431,50
8346,161481,50
8347,161531,50
8348,161581,50
8349,161631,50
8350,161681,50
8351,161731,50
8352,161781,50
8353,161831,50
8354,161881,50
8355,161931,50
8356,161981,50
8357,162031,50
8358,162081,50
8359,162131,50
8360,162181,50
8361,162231,50
8362,162281,50
8363,162331,50
8364,162381,50
8365,162431,50
8366,162481,50
8367,162531,50
8368,162581,50
8369,162631,50
8370,162681,50
8371,162731,50
8372,162781,50
8373,162831,50
8374,162881,50
8375,162931,50
8376,162981,50
8377,163031,50
8378,163081,50
8379,163131,50
8380,163181,50
8381,163231,50
8382,163281,50
8383,163331,50
8384,163381,50
8385,163431,50
8386,163481,50
8387,163531,50
8388,163581,50
8389,163631,50
8390,163681,50
8391,163731,50
8392,163781,50
8393,163831,50
8394,163881,50
8395,163931,50
8396,163981,50
8397,164031,50
8398,164081,50
8399,164131,50
8400,164181,50
8401,164231,50
8402,164281,50
8403,164331,50
8404,164381,50
8405,164431,50
8406,164481,50
8407,164531,50
8408,164581,50
8409,164631,50
8410,164681,50
8411,164731,50
8412,164781,50
8413,164831,50
8414,164881,50
8415,164931,50
8416,164981,50
8417,165031,50
8418,165081,50
8419,165131,50
8420,165181,50
8421,165231,50
8422,165281,50
8423,165331,50
8424,165381,50
8425,165431,50
8426,165481,50
8427,165531,50
8428,165581,50
8429,165631,50
8430,165681,50
8431,165731,50
8432,165781,50
8433,165831,50
8434,165881,50
8435,165931,50
8436,165981,50
8437,166031,50
8438,166081,50
8439,166131,50
8440,166181,50
8441,166231,50
8442,166281,50
8443,166331,50
8444,166381,50
8445,166431,50
8446,166481,50
8447,166531,50
8448,166581,50
8449,166631,50
8450,166681,50
8451,166731,50
8452,166781,50
8453,166831,50
8454,166881,50
8455,166931,50
8456,166981,50
8457,167031,50
8458,167081,50
8459,167131,50
8460,167181,50
8461,167231,50
8462,167281,50
8463,167331,50
8464,167381,50
8465,167431,50
8466,167481,50
8467,167531,50
8468,167581,50
8469,167631,50
8470,167681,50
8471,167731,50
8472,167781,50
8473,167831,50
8474,167881,50
8475,167931,50
8476,167981,50
8477,168031,50
8478,168081,50
8479,168131,50
8480,168181,50
8481,168231,50
8482,168281,50
8483,168331,50
8484,168381,50
8485,168431,50
8486,168481,50
8487,168531,50
8488,168581,50
8489,168631,50
8490,168681,50
8491,168731,50
8492,168781,50
8493,168831,50
8494,168881,50
8495,168931,50
8496,168981,50
8497,169031,50
8498,169081,50
8499,169131,50
8500,169181,50
8501,169231,50
8502,169281,50
8503,169331,50
8504,169381,50
8505,169431,50
8506,169481,50
8507,169531,50
8508,169581,50
8509,169631,50
8510,169681,50
8511,169731,50
8512,169781,50
8513,169831,50
8514,169881,50
8515,169931,50
8516,169981,50
8517,170031,50
8518,170081,50
8519,170131,50
8520,170181,50
8521,170231,50
8522,170281,50
8523,170331,50
8524,170381,50
8525,170431,50
8526,170481,50
8527,170531,50
8528,170581,50
8529,170631,50
8530,170681,50
8531,170731,50
8532,170781,50
8533,170831,50
8534,170881,50
8535,170931,50
8536,170981,50
8537,171031,50
8538,171081,50
8539,171131,50
8540,171181,50
8541,171231,50
8542,171281,50
8543,171331,50
8544,171381,50
8545,171431,50
8546,171481,50
8547,171531,50
8548,171581,50
8549,171631,50
8550,171681,50
8551,171731,50
8552,171781,50
8553,171831,50
8554,171881,50
8555,171931,50
8556,171981,50
8557,172031,50
8558,172081,50
8559,172131,50
8560,172181,50
8561,172231,50
8562,172281,50
8563,172331,50
8564,172381,50
8565,172431,50
8566,172481,50
8567,172531,50
8568,172581,50
8569,172631,50
8570,172681,50
8571,172731,50
8572,172781,50
8573,172831,50
8574,172881,50
8575,172931,50
8576,172981,50
8577,173031,50
8578,173081,50
8579,173131,50
8580,173181,50
8581,173231,50
8582,173281,50
8583,173331,50
8584,173381,50
8585,173431,50
8586,173481,50
8587,173531,50
8588,173581,50
8589,173631,50
8590,173681,50
8591,173731,50
8592,173781,50
8593,173831,50
8594,173881,50
8595,173931,50
8596,173981,50
8597,174031,50
8598,174081,50
8599,174131,50
8600,174181,50
8601,174231,50
8602,174281,50
8603,174331,50
8604,174381,50
8605,174431,50
8606,174481,50
8607,174531,50
8608,174581,50
8609,174631,50
8610,174681,50
8611,174731,50
8612,174781,50
8613,174831,50
8614,174881,50
8615,174931,50
8616,174981,50
8617,175031,50
8618,175081,50
8619,175131,50
8620,175181,50
8621,175231,50
8622,175281,50
8623,175331,50
8624,175381,50
8625,175431,50
8626,175481,50
8627,175531,50
8628,175581,50
8629,175631,50
8630,175681,50
8631,175731,50
8632,175781,50
8633,175831,50
8634,175881,50
8635,175931,50
8636,175981,50
8637,176031,50
8638,176081,50
8639,176131,50
8640,176181,50
8641,176231,50
8642,176281,50
8643,176331,50
8644,176381,50
8645,176431,50
8646,176481,50
8647,176531,50
8648,176581,50
8649,176631,50
8650,176681,50
8651,176731,50
8652,176781,50
8653,176831,50
8654,176881,50
8655,176931,50
8656,176981,50
8657,177031,50
8658,177081,50
8659,177131,50
8660,177181,50
8661,177231,50
8662,177281,50
8663,177331,50
8664,177381,50
8665,177431,50
8666,177481,50
8667,177531,50
8668,177581,50
8669,177631,50
8670,177681,50
8671,177731,50
8672,177781,50
8673,177831,50
8674,177881,50
8675,177931,50
8676,177981,50
8677,178031,50
8678,178081,50
8679,178131,50
8680,178181,50
8681,178231,50
8682,178281,50
8683,178331,50
8684,178381,50
8685,178431,50
8686,178481,50
8687,178531,50
8688,178581,50
8689,178631,50
8690,178681,50
8691,178731,50
8692,178781,50
8693,178831,50
8694,178881,50
8695,178931,50
8696,178981,50
8697,179031,50
8698,179081,50
8699,179131,50
8700,179181,50
8701,179231,50
8702,179281,50
8703,179331,50
8704,179381,50
8705,179431,50
8706,179481,50
8707,179531,50
8708,179581,50
8709,179631,50
8710,179681,50
8711,179731,50
8712,179781,50
8713,179831,50
8714,179881,50
8715,179931,50
8716,179981,50
8717,180031,50
8718,180081,50
8719,180131,50
8720,180181,50
8721,180231,50
8722,180281,50
8723,180331,50
8724,180381,50
8725,180431,50
8726,180481,50
8727,180531,50
8728,180581,50
8729,180631,50
8730,180681,50
8731,180731,50
8732,180781,50
8733,180831,50
8734,180881,50
8735,180931,50
8736,180981,50
8737,181031,50
8738,181081,50
8739,181131,50
8740,181181,50
8741,181231,50
8742,181281,50
8743,181331,50
8744,181381,50
8745,181431,50
8746,181481,50
8747,181531,50
8748,181581,50
8749,181631,50
8750,181681,50
8751,181731,50
8752,181781,50
8753,181831,50
8754,181881,50
8755,181931,50
8756,181981,50
8757,182031,50
8758,182081,50
8759,182131,50
8760,182181,50
8761,182231,50
8762,182281,50
8763,182331,50
8764,182381,50
8765,182431,50
8766,182481,50
8767,182531,50
8768,182581,50
8769,182631,50
8770,182681,50
8771,182731,50
8772,182781,50
8773,182831,50
8774,182881,50
8775,182931,50
8776,182981,50
8777,183031,50
8778,183081,50
8779,183131,50
8780,183181,50
8781,183231,50
8782,183281,50
8783,183331,50
8784,183381,50
8785,183431,50
8786,183481,50
8787,183531,50
8788,183581,50
8789,183631,50
8790,183681,50
8791,183731,50
8792,183781,50
8793,183831,50
8794,183881,50
8795,183931,50
8796,183981,50
8797,184031,50
8798,184081,50
8799,184131,50
8800,184181,50
8801,184231,50
8802,184281,50
8803,184331,50
8804,184381,50
8805,184431,50
8806,184481,50
8807,184531,50
8808,184581,50
8809,184631,50
8810,184681,50
8811,184731,50
8812,184781,50
8813,184831,50
8814,184881,50
8815,184931,50
8816,184981,50
8817,185031,50
8818,185081,50
8819,185131,50
8820,185181,50
8821,185231,50
8822,185281,50
8823,185331,50
8824,185381,50
8825,185431,50
8826,185481,50
8827,185531,50
8828,185581,50
8829,185631,50
8830,185681,50
8831,185731,50
8832,185781,50
8833,185831,50
8834,185881,50
8835,185931,50
8836,185981,50
8837,186031,50
8838,186081,50
8839,186131,50
8840,186181,50
8841,186231,50
8842,186281,50
8843,186331,50
8844,186381,50
8845,186431,50
8846,186481,50
8847,186531,50
8848,186581,50
8849,186631,50
8850,186681,50
8851,186731,50
8852,186781,50
8853,186831,50
8854,186881,50
8855,186931,51
8856,186982,50
8857,187032,50
8858,187082,50
8859,187132,50
8860,187182,50
8861,187232,50
8862,187282,50
8863,187332,50
8864,187382,50
8865,187432,50
8866,187482,50
8867,187532,50
8868,187582,50
8869,187632,50
8870,187682,50
8871,187732,50
8872,187782,50
8873,187832,50
8874,187882,50
8875,187932,50
8876,187982,50
8877,188032,50
8878,188082,50
8879,188132,50
8880,188182,50
8881,188232,50
8882,188282,50
8883,188332,50
8884,188382,50
8885,188432,50
8886,188482,50
8887,188532,50
8888,188582,50
8889,188632,50
8890,188682,50
8891,188732,50
8892,188782,50
8893,188832,50
8894,188882,50
8895,188932,50
8896,188982,50
8897,189032,50
8898,189082,50
8899,189132,50
8900,189182,50
8901,189232,50
8902,189282,50
8903,189332,50
8904,189382,50
8905,189432,50
8906,189482,50
8907,189532,50
8908,189582,50
8909,189632,50
8910,189682,50
8911,189732,50
8912,189782,50
8913,189832,50
8914,189882,50
8915,189932,50
8916,189982,50
8917,190032,50
8918,190082,50
8919,190132,50
8920,190182,50
8921,190232,50
8922,190282,50
8923,190332,50
8924,190382,50
8925,190432,50
8926,190482,50
8927,190532,50
8928,190582,50
8929,190632,50
8930,190682,50
8931,190732,50
8932,190782,50
8933,190832,50
8934,190882,50
8935,190932,50
8936,190982,50
8937,191032,50
8938,191082,50
8939,191132,50
8940,191182,50
8941,191232,50
8942,191282,50
8943,191332,50
8944,191382,50
8945,191432,50
8946,191482,50
8947,191532,50
8948,191582,50
8949,191632,50
8950,191682,50
8951,191732,50
8952,191782,50
8953,191832,50
8954,191882,50
8955,191932,50
8956,191982,50
8957,192032,50
8958,192082,50
8959,192132,50
8960,192182,50
8961,192232,50
8962,192282,50
8963,192332,50
8964,192382,50
8965,192432,50
8966,192482,50
8967,192532,50
8968,192582,50
8969,192632,50
8970,192682,50
8971,192732,50
8972,192782,50
8973,192832,50
8974,192882,50
8975,192932,50
8976,192982,50
8977,193032,50
8978,193082,50
8979,193132,50
8980,193182,50
8981,193232,50
8982,193282,50
8983,193332,50
8984,193382,50
8985,193432,50
8986,193482,50
8987,193532,50
8988,193582,50
8989,193632,50
8990,193682,50
8991,193732,50
8992,193782,50
8993,193832,50
8994,193882,50
8995,193932,50
8996,193982,50
8997,194032,50
8998,194082,50
8999,194132,50
9000,194182,50
9001,194232,50
9002,194282,50
9003,194332,50
9004,194382,50
9005,194432,50
9006,194482,50
9007,194532,50
9008,194582,50
9009,194632,50
9010,194682,50
9011,194732,50
9012,194782,50
9013,194832,50
9014,194882,50
9015,194932,50
9016,194982,50
9017,195032,50
9018,195082,50
9019,195132,50
9020,195182,50
9021,195232,50
9022,195282,50
9023,195332,50
9024,195382,50
9025,195432,50
9026,195482,50
9027,195532,50
9028,195582,50
9029,195632,50
9030,195682,50
9031,195732,50
9032,195782,50
9033,195832,50
9034,195882,50
9035,195932,50
9036,195982,50
9037,196032,50
9038,196082,50
9039,196132,50
9040,196182,50
9041,196232,50
9042,196282,50
9043,196332,50
9044,196382,50
9045,196432,50
9046,196482,50
9047,196532,50
9048,196582,50
9049,196632,50
9050,196682,50
9051,196732,50
9052,196782,50
9053,196832,50
9054,196882,50
9055,196932,50
9056,196982,50
9057,197032,50
9058,197082,50
9059,197132,50
9060,197182,50
9061,197232,50
9062,197282,50
9063,197332,50
9064,197382,50
9065,197432,50
9066,197482,50
9067,197532,50
9068,197582,50
9069,197632,50
9070,197682,50
9071,197732,50
9072,197782,50
9073,197832,50
9074,197882,50
9075,197932,50
9076,197982,50
9077,198032,50
9078,198082,50
9079,198132,50
9080,198182,50
9081,198232,50
9082,198282,50
9083,198332,50
9084,198382,50
9085,198432,50
9086,198482,50
9087,198532,50
9088,198582,50
9089,198632,50
9090,198682,50
9091,198732,50
9092,198782,50
9093,198832,50
9094,198882,50
9095,198932,50
9096,198982,50
9097,199032,50
9098,199082,50
9099,199132,50
9100,199182,50
9101,199232,50
9102,199282,50
9103,199332,50
9104,199382,50
9105,199432,50
9106,199482,50
9107,199532,50
9108,199582,50
9109,199632,50
9110,199682,50
9111,199732,50
9112,199782,50
9113,199832,50
9114,199882,50
9115,199932,50
9116,199982,50
9117,200032,50
9118,200082,50
9119,200132,50
9120,200182,50
9121,200232,50
9122,200282,50
9123,200332,50
9124,200382,50
9125,200432,50
9126,200482,50
9127,200532,50
9128,200582,50
9129,200632,50
9130,200682,50
9131,200732,50
9132,200782,50
9133,200832,50
9134,200882,50
9135,200932,50
9136,200982,50
9137,201032,50
9138,201082,50
9139,201132,50
9140,201182,50
9141,201232,50
9142,201282,50
9143,201332,50
9144,201382,50
9145,201432,50
9146,201482,50
9147,201532,50
9148,201582,50
9149,201632,50
9150,201682,50
9151,201732,50
9152,201782,50
9153,201832,50
9154,201882,50
9155,201932,50
9156,201982,50
9157,202032,50
9158,202082,50
9159,202132,50
9160,202182,50
9161,202232,50
9162,202282,50
9163,202332,50
9164,202382,50
9165,202432,50
9166,202482,50
9167,202532,50
9168,202582,50
9169,202632,50
9170,202682,50
9171,202732,50
9172,202782,50
9173,202832,50
9174,202882,50
9175,202932,50
9176,202982,50
9177,203032,50
9178,203082,50
9179,203132,50
9180,203182,50
9181,203232,50
9182,203282,50
9183,203332,50
9184,203382,50
9185,203432,50
9186,203482,50
9187,203532,50
9188,203582,50
9189,203632,50
9190,203682,50
9191,203732,50
9192,203782,50
9193,203832,50
9194,203882,50
9195,203932,50
9196,203982,50
9197,204032,50
9198,204082,50
9199,204132,50
9200,204182,50
9201,204232,50
9202,204282,50
9203,204332,50
9204,204382,50
9205,204432,50
9206,204482,50
9207,204532,50
9208,204582,50
9209,204632,50
9210,204682,50
9211,204732,50
9212,204782,50
9213,204832,50
9214,204882,50
9215,204932,50
9216,204982,50
9217,205032,50
9218,205082,50
9219,205132,50
9220,205182,50
9221,205232,50
9222,205282,50
9223,205332,50
9224,205382,50
9225,205432,50
9226,205482,50
9227,205532,50
9228,205582,50
9229,205632,50
9230,205682,50
9231,205732,50
9232,205782,50
9233,205832,50
9234,205882,50
9235,205932,50
9236,205982,50
9237,206032,50
9238,206082,50
9239,206132,50
9240,206182,50
9241,206232,50
9242,206282,50
9243,206332,50
9244,206382,50
9245,206432,50
9246,206482,50
9247,206532,50
9248,206582,50
9249,206632,50
9250,206682,50
9251,206732,50
9252,206782,50
9253,206832,50
9254,206882,50
9255,206932,50
9256,206982,50
9257,207032,50
9258,207082,50
9259,207132,50
9260,207182,50
9261,207232,50
9262,207282,50
9263,207332,50
9264,207382,50
9265,207432,50
9266,207482,50
9267,207532,50
9268,207582,50
9269,207632,50
9270,207682,50
9271,207732,50
9272,207782,50
9273,207832,50
9274,207882,50
9275,207932,50
9276,207982,50
9277,208032,50
9278,208082,50
9279,208132,50
9280,208182,50
9281,208232,50
9282,208282,50
9283,208332,50
9284,208382,50
9285,208432,50
9286,208482,50
9287,208532,50
9288,208582,50
9289,208632,50
9290,208682,50
9291,208732,50
9292,208782,50
9293,208832,50
9294,208882,50
9295,208932,50
9296,208982,50
9297,209032,50
9298,209082,50
9299,209132,50
9300,209182,50
9301,209232,50
9302,209282,50
9303,209332,50
9304,209382,50
9305,209432,50
9306,209482,50
9307,209532,50
9308,209582,50
9309,209632,50
9310,209682,50
9311,209732,50
9312,209782,50
9313,209832,50
9314,209882,50
9315,209932,50
9316,209982,50
9317,210032,50
9318,210082,50
9319,210132,50
9320,210182,50
9321,210232,50
9322,210282,50
9323,210332,50
9324,210382,50
9325,210432,50
9326,210482,50
9327,210532,50
9328,210582,50
9329,210632,50
9330,210682,50
9331,210732,50
9332,210782,50
9333,210832,50
9334,210882,50
9335,210932,50
9336,210982,50
9337,211032,50
9338,211082,50
9339,211132,50
9340,211182,50
9341,211232,50
9342,211282,50
9343,211332,50
9344,211382,50
9345,211432,50
9346,211482,50
9347,211532,50
9348,211582,50
9349,211632,50
9350,211682,50
9351,211732,50
9352,211782,50
9353,211832,50
9354,211882,50
9355,211932,50
9356,211982,50
9357,212032,50
9358,212082,50
9359,212132,50
9360,212182,50
9361,212232,50
9362,212282,50
9363,212332,50
9364,212382,50
9365,212432,50
9366,212482,50
9367,212532,50
9368,212582,50
9369,212632,50
9370,212682,50
9371,212732,50
9372,212782,50
9373,212832,50
9374,212882,50
9375,212932,50
9376,212982,50
9377,213032,50
9378,213082,50
9379,213132,50
9380,213182,50
9381,213232,50
9382,213282,50
9383,213332,50
9384,213382,50
9385,213432,50
9386,213482,50
9387,213532,51
9388,213583,50
9389,213633,50
9390,213683,50
9391,213733,50
9392,213783,50
9393,213833,50
9394,213883,50
9395,213933,50
9396,213983,50
9397,214033,50
9398,214083,50
9399,214133,50
9400,214183,50
9401,214233,50
9402,214283,50
9403,214333,50
9404,214383,50
9405,214433,50
9406,214483,50
9407,214533,50
9408,214583,50
9409,214633,50
9410,214683,50
9411,214733,50
9412,214783,50
9413,214833,50
9414,214883,50
9415,214933,50
9416,214983,50
9417,215033,50
9418,215083,50
9419,215133,50
9420,215183,50
9421,215233,50
9422,215283,50
9423,215333,50
9424,215383,50
9425,215433,50
9426,215483,50
9427,215533,50
9428,215583,50
9429,215633,50
9430,215683,50
9431,215733,50
9432,215783,50
9433,215833,50
9434,215883,50
9435,215933,50
9436,215983,50
9437,216033,50
9438,216083,50
9439,216133,50
9440,216183,50
9441,216233,50
9442,216283,50
9443,216333,50
9444,216383,50
9445,216433,50
9446,216483,50
9447,216533,50
9448,216583,50
9449,216633,50
9450,216683,50
9451,216733,50
9452,216783,50
9453,216833,50
9454,216883,50
9455,216933,50
9456,216983,50
9457,217033,50
9458,217083,50
9459,217133,50
9460,217183,50
9461,217233,50
9462,217283,50
9463,217333,50
9464,217383,50
9465,217433,50
9466,217483,50
9467,217533,50
9468,217583,50
9469,217633,50
9470,217683,50
9471,217733,50
9472,217783,50
9473,217833,50
9474,217883,50
9475,217933,50
9476,217983,50
9477,218033,50
9478,218083,50
9479,218133,50
9480,218183,50
9481,218233,50
9482,218283,50
9483,218333,50
9484,218383,50
9485,218433,50
9486,218483,50
9487,218533,50
9488,218583,50
9489,218633,50
9490,218683,50
9491,218733,50
9492,218783,50
9493,218833,50
9494,218883,50
9495,218933,50
9496,218983,50
9497,219033,50
9498,219083,50
9499,219133,50
9500,219183,50
9501,219233,50
9502,219283,50
9503,219333,50
9504,219383,50
9505,219433,50
9506,219483,50
9507,219533,50
9508,219583,50
9509,219633,50
9510,219683,50
9511,219733,50
9512,219783,50
9513,219833,50
9514,219883,50
9515,219933,50
9516,219983,50
9517,220033,50
9518,220083,50
9519,220133,50
9520,220183,50
9521,220233,50
9522,220283,50
9523,220333,50
9524,220383,50
9525,220433,50
9526,220483,50
9527,220533,50
9528,220583,50
9529,220633,50
9530,220683,50
9531,220733,50
9532,220783,50
9533,220833,50
9534,220883,50
9535,220933,50
9536,220983,50
9537,221033,50
9538,221083,50
9539,221133,50
9540,221183,50
9541,221233,50
9542,221283,50
9543,221333,50
9544,221383,50
9545,221433,50
9546,221483,50
9547,221533,50
9548,221583,50
9549,221633,50
9550,221683,50
9551,221733,50
9552,221783,50
9553,221833,50
9554,221883,50
9555,221933,50
9556,221983,50
9557,222033,50
9558,222083,50
9559,222133,50
9560,222183,50
9561,222233,50
9562,222283,50
9563,222333,50
9564,222383,50
9565,222433,50
9566,222483,50
9567,222533,50
9568,222583,50
9569,222633,50
9570,222683,50
9571,222733,50
9572,222783,50
9573,222833,50
9574,222883,50
9575,222933,50
9576,222983,50
9577,223033,50
9578,223083,50
9579,223133,50
9580,223183,50
9581,223233,50
9582,223283,50
9583,223333,50
9584,223383,50
9585,223433,50
9586,223483,50
9587,223533,50
9588,223583,50
9589,223633,50
9590,223683,50
9591,223733,50
9592,223783,50
9593,223833,50
9594,223883,50
9595,223933,50
9596,223983,50
9597,224033,50
9598,224083,50
9599,224133,50
9600,224183,50
9601,224233,50
9602,224283,50
9603,224333,50
9604,224383,50
9605,224433,50
9606,224483,50
9607,224533,50
9608,224583,50
9609,224633,50
9610,224683,50
9611,224733,50
9612,224783,50
9613,224833,50
9614,224883,50
9615,224933,50
9616,224983,50
9617,225033,50
9618,225083,50
9619,225133,50
9620,225183,50
9621,225233,50
9622,225283,50
9623,225333,50
9624,225383,50
9625,225433,50
9626,225483,50
9627,225533,50
9628,225583,50
9629,225633,50
9630,225683,50
9631,225733,50
9632,225783,50
9633,225833,50
9634,225883,50
9635,225933,50
9636,225983,50
9637,226033,50
9638,226083,50
9639,226133,50
9640,226183,50
9641,226233,50
9642,226283,50
9643,226333,50
9644,226383,50
9645,226433,50
9646,226483,50
9647,226533,50
9648,226583,50
9649,226633,50
9650,226683,50
9651,226733,50
9652,226783,50
9653,226833,50
9654,226883,50
9655,226933,50
9656,226983,50
9657,227033,50
9658,227083,50
9659,227133,50
9660,227183,50
9661,227233,50
9662,227283,50
9663,227333,50
9664,227383,50
9665,227433,50
9666,227483,50
9667,227533,50
9668,227583,50
9669,227633,50
9670,227683,50
9671,227733,50
9672,227783,50
9673,227833,50
9674,227883,50
9675,227933,50
9676,227983,50
9677,228033,50
9678,228083,50
9679,228133,50
9680,228183,50
9681,228233,50
9682,228283,50
9683,228333,50
9684,228383,50
9685,228433,50
9686,228483,50
9687,228533,50
9688,228583,50
9689,228633,50
9690,228683,50
9691,228733,50
9692,228783,50
9693,228833,50
9694,228883,50
9695,228933,50
9696,228983,50
9697,229033,50
9698,229083,50
9699,229133,50
9700,229183,50
9701,229233,50
9702,229283,50
9703,229333,50
9704,229383,50
9705,229433,50
9706,229483,50
9707,229533,50
9708,229583,50
9709,229633,50
9710,229683,50
9711,229733,50
9712,229783,50
9713,229833,50
9714,229883,50
9715,229933,50
9716,229983,50
9717,230033,50
9718,230083,50
9719,230133,50
9720,230183,50
9721,230233,50
9722,230283,50
9723,230333,50
9724,230383,50
9725,230433,50
9726,230483,50
9727,230533,50
9728,230583,50
9729,230633,50
9730,230683,50
9731,230733,50
9732,230783,50
9733,230833,50
9734,230883,50
9735,230933,50
9736,230983,50
9737,231033,50
9738,231083,50
9739,231133,50
9740,231183,50
9741,231233,50
9742,231283,50
9743,231333,50
9744,231383,50
9745,231433,50
9746,231483,50
9747,231533,50
9748,231583,50
9749,231633,50
9750,231683,50
9751,231733,50
9752,231783,50
9753,231833,50
9754,231883,50
9755,231933,50
9756,231983,50
9757,232033,50
9758,232083,50
9759,232133,50
9760,232183,50
9761,232233,50
9762,232283,50
9763,232333,50
9764,232383,50
9765,232433,50
9766,232483,50
9767,232533,50
9768,232583,50
9769,232633,50
9770,232683,50
9771,232733,50
9772,232783,50
9773,232833,50
9774,232883,50
9775,232933,50
9776,232983,50
9777,233033,50
9778,233083,50
9779,233133,50
9780,233183,50
9781,233233,50
9782,233283,50
9783,233333,50
9784,233383,50
9785,233433,50
9786,233483,50
9787,233533,50
9788,233583,50
9789,233633,50
9790,233683,50
9791,233733,50
9792,233783,50
9793,233833,50
9794,233883,50
9795,233933,50
9796,233983,50
9797,234033,50
9798,234083,50
9799,234133,50
9800,234183,50
9801,234233,50
9802,234283,50
9803,234333,50
9804,234383,50
9805,234433,50
9806,234483,50
9807,234533,50
9808,234583,50
9809,234633,50
9810,234683,50
9811,234733,50
9812,234783,50
9813,234833,50
9814,234883,50
9815,234933,50
9816,234983,50
9817,235033,50
9818,235083,50
9819,235133,50
9820,235183,50
9821,235233,50
9822,235283,50
9823,235333,50
9824,235383,50
9825,235433,50
9826,235483,50
9827,235533,50
9828,235583,50
9829,235633,50
9830,235683,50
9831,235733,50
9832,235783,50
9833,235833,50
9834,235883,50
9835,235933,50
9836,235983,50
9837,236033,50
9838,236083,50
9839,236133,50
9840,236183,50
9841,236233,50
9842,236283,50
9843,236333,50
9844,236383,50
9845,236433,50
9846,236483,50
9847,236533,50
9848,236583,50
9849,236633,50
9850,236683,50
9851,236733,50
9852,236783,50
9853,236833,50
9854,236883,50
9855,236933,50
9856,236983,50
9857,237033,50
9858,237083,50
9859,237133,50
9860,237183,50
9861,237233,50
9862,237283,50
9863,237333,50
9864,237383,50
9865,237433,50
9866,237483,50
9867,237533,50
9868,237583,50
9869,237633,50
9870,237683,50
9871,237733,50
9872,237783,50
9873,237833,50
9874,237883,50
9875,237933,50
9876,237983,50
9877,238033,50
9878,238083,50
9879,238133,50
9880,238183,50
9881,238233,50
9882,238283,50
9883,238333,50
9884,238383,50
9885,238433,50
9886,238483,50
9887,238533,50
9888,238583,50
9889,238633,50
9890,238683,50
9891,238733,50
9892,238783,50
9893,238833,50
9894,238883,50
9895,238933,50
9896,238983,50
9897,239033,50
9898,239083,51
9899,239134,50
9900,239184,50
9901,239234,50
9902,239284,50
9903,239334,50
9904,239384,50
9905,239434,50
9906,239484,50
9907,239534,50
9908,239584,50
9909,239634,50
9910,239684,50
9911,239734,50
9912,239784,50
9913,239834,50
9914,239884,50
9915,239934,50
9916,239984,50
9917,240034,50
9918,240084,50
9919,240134,50
9920,240184,50
9921,240234,50
9922,240284,50
9923,240334,50
9924,240384,50
9925,240434,50
9926,240484,50
9927,240534,50
9928,240584,50
9929,240634,50
9930,240684,50
9931,240734,50
9932,240784,50
9933,240834,50
9934,240884,50
9935,240934,50
9936,240984,50
9937,241034,50
9938,241084,50
9939,241134,50
9940,241184,50
9941,241234,50
9942,241284,50
9943,241334,50
9944,241384,50
9945,241434,50
9946,241484,50
9947,241534,50
9948,241584,50
9949,241634,50
9950,241684,50
9951,241734,50
9952,241784,50
9953,241834,50
9954,241884,50
9955,241934,50
9956,241984,50
9957,242034,50
9958,242084,50
9959,242134,50
9960,242184,50
9961,242234,50
9962,242284,50
9963,242334,50
9964,242384,50
9965,242434,50
9966,242484,50
9967,242534,50
9968,242584,50
9969,242634,50
9970,242684,50
9971,242734,50
9972,242784,50
9973,242834,50
9974,242884,50
9975,242934,50
9976,242984,50
9977,243034,50
9978,243084,50
9979,243134,50
9980,243184,50
9981,243234,50
9982,243284,50
9983,243334,50
9984,243384,50
9985,243434,50
9986,243484,50
9987,243534,50
9988,243584,50
9989,243634,50
9990,243684,50
9991,243734,50
9992,243784,50
9993,243834,50
9994,243884,50
9995,243934,50
9996,243984,50
9997,244034,50
9998,244084,50
9999,244134,50
10000,244184,50
10001,244234,50
10002,244284,50
10003,244334,50
10004,244384,50
10005,244434,50
10006,244484,50
10007,244534,50
10008,244584,50
10009,244634,50
10010,244684,50
10011,244734,50
10012,244784,50
10013,244834,50
10014,244884,50
10015,244934,50
10016,244984,50
10017,245034,50
10018,245084,50
10019,245134,50
10020,245184,50
10021,245234,50
10022,245284,50
10023,245334,50
10024,245384,50
10025,245434,50
10026,245484,50
10027,245534,50
10028,245584,50
10029,245634,50
10030,245684,50
10031,245734,50
10032,245784,50
10033,245834,50
10034,245884,50
10035,245934,50
10036,245984,50
10037,246034,50
10038,246084,50
10039,246134,50
10040,246184,50
10041,246234,50
10042,246284,50
10043,246334,50
10044,246384,50
10045,246434,50
10046,246484,50
10047,246534,50
10048,246584,50
10049,246634,50
10050,246684,50
10051,246734,50
10052,246784,50
10053,246834,50
10054,246884,50
10055,246934,50
10056,246984,50
10057,247034,50
10058,247084,50
10059,247134,50
10060,247184,50
10061,247234,50
10062,247284,50
10063,247334,50
10064,247384,50
10065,247434,50
10066,247484,50
10067,247534,50
10068,247584,50
10069,247634,50
10070,247684,50
10071,247734,50
10072,247784,50
10073,247834,50
10074,247884,50
10075,247934,50
10076,247984,50
10077,248034,50
10078,248084,50
10079,248134,50
10080,248184,50
10081,248234,50
10082,248284,50
10083,248334,50
10084,248384,50
10085,248434,50
10086,248484,50
10087,248534,50
10088,248584,50
10089,248634,50
10090,248684,50
10091,248734,50
10092,248784,50
10093,248834,50
10094,248884,50
10095,248934,50
10096,248984,50
10097,249034,50
10098,249084,50
10099,249134,50
10100,249184,50
10101,249234,50
10102,249284,50
10103,249334,50
10104,249384,50
10105,249434,50
10106,249484,50
10107,249534,50
10108,249584,50
10109,249634,50
10110,249684,50
10111,249734,50
10112,249784,50
10113,249834,50
10114,249884,50
10115,249934,50
10116,249984,50
10117,250034,50
10118,250084,50
10119,250134,50
10120,250184,50
10121,250234,50
10122,250284,50
10123,250334,50
10124,250384,50
10125,250434,50
10126,250484,50
10127,250534,50
10128,250584,50
10129,250634,50
10130,250684,50
10131,250734,50
10132,250784,50
10133,250834,50
10134,250884,50
10135,250934,50
10136,250984,50
10137,251034,50
10138,251084,50
10139,251134,50
10140,251184,50
10141,251234,50
10142,251284,50
10143,251334,50
10144,251384,50
10145,251434,50
10146,251484,50
10147,251534,50
10148,251584,50
10149,251634,50
10150,251684,50
10151,251734,50
10152,251784,50
10153,251834,50
10154,251884,50
10155,251934,50
10156,251984,50
10157,252034,50
10158,252084,50
10159,252134,50
10160,252184,50
10161,252234,50
10162,252284,50
10163,252334,50
10164,252384,50
10165,252434,50
10166,252484,50
10167,252534,50
10168,252584,50
10169,252634,50
10170,252684,50
10171,252734,50
10172,252784,50
10173,252834,50
10174,252884,50
10175,252934,50
10176,252984,50
10177,253034,50
10178,253084,50
10179,253134,50
10180,253184,50
10181,253234,50
10182,253284,50
10183,253334,50
10184,253384,50
10185,253434,50
10186,253484,50
10187,253534,50
10188,253584,50
10189,253634,50
10190,253684,50
10191,253734,50
10192,253784,50
10193,253834,50
10194,253884,50
10195,253934,50
10196,253984,50
10197,254034,50
10198,254084,50
10199,254134,50
10200,254184,50
10201,254234,50
10202,254284,50
10203,254334,50
10204,254384,50
10205,254434,50
10206,254484,50
10207,254534,50
10208,254584,50
10209,254634,50
10210,254684,50
10211,254734,50
10212,254784,50
10213,254834,50
10214,254884,50
10215,254934,50
10216,254984,50
10217,255034,50
10218,255084,50
10219,255134,50
10220,255184,50
10221,255234,50
10222,255284,50
10223,255334,50
10224,255384,50
10225,255434,50
10226,255484,50
10227,255534,50
10228,255584,50
10229,255634,50
10230,255684,50
10231,255734,50
10232,255784,50
10233,255834,50
10234,255884,50
10235,255934,50
10236,255984,50
10237,256034,50
10238,256084,50
10239,256134,50
10240,256184,50
10241,256234,50
10242,256284,50
10243,256334,50
10244,256384,50
10245,256434,50
10246,256484,50
10247,256534,50
10248,256584,50
10249,256634,50
10250,256684,50
10251,256734,50
10252,256784,50
10253,256834,50
10254,256884,50
10255,256934,50
10256,256984,50
10257,257034,50
10258,257084,50
10259,257134,50
10260,257184,50
10261,257234,50
10262,257284,50
10263,257334,50
10264,257384,50
10265,257434,50
10266,257484,50
10267,257534,50
10268,257584,50
10269,257634,50
10270,257684,50
10271,257734,50
10272,257784,50
10273,257834,50
10274,257884,50
10275,257934,50
10276,257984,50
10277,258034,50
10278,258084,50
10279,258134,50
10280,258184,50
10281,258234,50
10282,258284,50
10283,258334,50
10284,258384,50
10285,258434,50
10286,258484,50
10287,258534,50
10288,258584,50
10289,258634,50
10290,258684,50
10291,258734,50
10292,258784,50
10293,258834,50
10294,258884,50
10295,258934,50
10296,258984,50
10297,259034,50
10298,259084,50
10299,259134,50
10300,259184,50
10301,259234,50
10302,259284,50
10303,259334,50
10304,259384,50
10305,259434,50
10306,259484,50
10307,259534,50
10308,259584,50
10309,259634,50
10310,259684,50
10311,259734,50
10312,259784,50
10313,259834,50
10314,259884,50
10315,259934,50
10316,259984,50
10317,260034,50
10318,260084,50
10319,260134,50
10320,260184,50
10321,260234,50
10322,260284,50
10323,260334,50
10324,260384,50
10325,260434,50
10326,260484,50
10327,260534,50
10328,260584,50
10329,260634,50
10330,260684,50
10331,260734,50
10332,260784,50
10333,260834,50
10334,260884,50
10335,260934,50
10336,260984,50
10337,261034,50
10338,261084,50
10339,261134,50
10340,261184,50
10341,261234,50
10342,261284,50
10343,261334,50
10344,261384,50
10345,261434,50
10346,261484,50
10347,261534,50
10348,261584,50
10349,261634,50
10350,261684,50
10351,261734,50
10352,261784,50
10353,261834,50
10354,261884,50
10355,261934,50
10356,261984,50
10357,262034,50
10358,262084,50
10359,262134,50
10360,262184,50
10361,262234,50
10362,262284,50
10363,262334,50
10364,262384,50
10365,262434,50
10366,262484,50
10367,262534,50
10368,262584,50
10369,262634,50
10370,262684,50
10371,262734,50
10372,262784,50
10373,262834,50
10374,262884,50
10375,262934,50
10376,262984,50
10377,263034,50
10378,263084,50
10379,263134,50
10380,263184,50
10381,263234,50
10382,263284,50
10383,263334,50
10384,263384,50
10385,263434,50
10386,263484,50
10387,263534,50
10388,263584,50
10389,263634,50
10390,263684,50
10391,263734,50
10392,263784,50
10393,263834,50
10394,263884,50
10395,263934,50
10396,263984,50
10397,264034,50
10398,264084,50
10399,264134,50
10400,264184,50
10401,264234,50
10402,264284,50
10403,264334,50
10404,264384,50
10405,264434,50
10406,264484,50
10407,264534,50
10408,264584,50
10409,264634,50
10410,264684,50
10411,264734,50
10412,264784,50
10413,264834,50
10414,264884,50
10415,264934,50
10416,264984,50
10417,265034,51
10418,265085,50
10419,265135,50
10420,265185,50
10421,265235,50
10422,265285,50
10423,265335,50
10424,265385,50
10425,265435,50
10426,265485,50
10427,265535,50
10428,265585,50
10429,265635,50
10430,265685,50
10431,265735,50
10432,265785,50
10433,265835,50
10434,265885,50
10435,265935,50
10436,265985,50
10437,266035,50
10438,266085,50
10439,266135,50
10440,266185,50
10441,266235,50
10442,266285,50
10443,266335,50
10444,266385,50
10445,266435,50
10446,266485,50
10447,266535,50
10448,266585,50
10449,266635,50
10450,266685,50
10451,266735,50
10452,266785,50
10453,266835,50
10454,266885,50
10455,266935,50
10456,266985,50
10457,267035,50
10458,267085,50
10459,267135,50
10460,267185,50
10461,267235,50
10462,267285,50
10463,267335,50
10464,267385,50
10465,267435,50
10466,267485,50
10467,267535,50
10468,267585,50
10469,267635,50
10470,267685,50
10471,267735,50
10472,267785,50
10473,267835,50
10474,267885,50
10475,267935,50
10476,267985,50
10477,268035,50
10478,268085,50
10479,268135,50
10480,268185,50
10481,268235,50
10482,268285,50
10483,268335,50
10484,268385,50
10485,268435,50
10486,268485,50
10487,268535,50
10488,268585,50
10489,268635,50
10490,268685,50
10491,268735,50
10492,268785,50
10493,268835,50
10494,268885,50
10495,268935,50
10496,268985,50
10497,269035,50
10498,269085,50
10499,269135,50
10500,269185,50
10501,269235,50
10502,269285,50
10503,269335,50
10504,269385,50
10505,269435,50
10506,269485,50
10507,269535,50
10508,269585,50
10509,269635,50
10510,269685,50
10511,269735,50
10512,269785,50
10513,269835,50
10514,269885,50
10515,269935,50
10516,269985,50
10517,270035,50
10518,270085,50
10519,270135,50
10520,270185,50
10521,270235,50
10522,270285,50
10523,270335,50
10524,270385,50
10525,270435,50
10526,270485,50
10527,270535,50
10528,270585,50
10529,270635,50
10530,270685,50
10531,270735,50
10532,270785,50
10533,270835,50
10534,270885,50
10535,270935,50
10536,270985,50
10537,271035,50
10538,271085,50
10539,271135,50
10540,271185,50
10541,271235,50
10542,271285,50
10543,271335,50
10544,271385,50
10545,271435,50
10546,271485,50
10547,271535,50
10548,271585,50
10549,271635,50
10550,271685,50
10551,271735,50
10552,271785,50
10553,271835,50
10554,271885,50
10555,271935,50
10556,271985,50
10557,272035,50
10558,272085,50
10559,272135,50
10560,272185,50
10561,272235,50
10562,272285,50
10563,272335,50
10564,272385,50
10565,272435,50
10566,272485,50
10567,272535,50
10568,272585,50
10569,272635,50
10570,272685,50
10571,272735,50
10572,272785,50
10573,272835,50
10574,272885,50
10575,272935,50
10576,272985,50
10577,273035,50
10578,273085,50
10579,273135,50
10580,273185,50
10581,273235,50
10582,273285,50
10583,273335,50
10584,273385,50
10585,273435,50
10586,273485,50
10587,273535,50
10588,273585,50
10589,273635,50
10590,273685,50
10591,273735,50
10592,273785,50
10593,273835,50
10594,273885,50
10595,273935,50
10596,273985,50
10597,274035,50
10598,274085,50
10599,274135,50
10600,274185,50
10601,274235,50
10602,274285,50
10603,274335,50
10604,274385,50
10605,274435,50
10606,274485,50
10607,274535,50
10608,274585,50
10609,274635,50
10610,274685,50
10611,274735,50
10612,274785,50
10613,274835,50
10614,274885,50
10615,274935,50
10616,274985,50
10617,275035,50
10618,275085,50
10619,275135,50
10620,275185,50
10621,275235,50
10622,275285,50
10623,275335,50
10624,275385,50
10625,275435,50
10626,275485,50
10627,275535,50
10628,275585,50
10629,275635,50
10630,275685,50
10631,275735,50
10632,275785,50
10633,275835,50
10634,275885,50
10635,275935,50
10636,275985,50
10637,276035,50
10638,276085,50
10639,276135,50
10640,276185,50
10641,276235,50
10642,276285,50
10643,276335,50
10644,276385,50
10645,276435,50
10646,276485,50
10647,276535,50
10648,276585,50
10649,276635,50
10650,276685,50
10651,276735,50
10652,276785,50
10653,276835,50
10654,276885,50
10655,276935,50
10656,276985,50
10657,277035,50
10658,277085,50
10659,277135,50
10660,277185,50
10661,277235,50
10662,277285,50
10663,277335,50
10664,277385,50
10665,277435,50
10666,277485,50
10667,277535,50
10668,277585,50
10669,277635,50
10670,277685,50
10671,277735,50
10672,277785,50
10673,277835,50
10674,277885,50
10675,277935,50
10676,277985,50
10677,278035,50
10678,278085,50
10679,278135,50
10680,278185,50
10681,278235,50
10682,278285,50
10683,278335,50
10684,278385,50
10685,278435,50
10686,278485,50
10687,278535,50
10688,278585,50
10689,278635,50
10690,278685,50
10691,278735,50
10692,278785,50
10693,278835,50
10694,278885,50
10695,278935,50
10696,278985,50
10697,279035,50
10698,279085,50
10699,279135,50
10700,279185,50
10701,279235,50
10702,279285,50
10703,279335,50
10704,279385,50
10705,279435,50
10706,279485,50
10707,279535,50
10708,279585,50
10709,279635,50
10710,279685,50
10711,279735,50
10712,279785,50
10713,279835,50
10714,279885,50
10715,279935,50
10716,279985,50
10717,280035,50
10718,280085,50
10719,280135,50
10720,280185,50
10721,280235,50
10722,280285,50
10723,280335,50
10724,280385,50
10725,280435,50
10726,280485,50
10727,280535,50
10728,280585,50
10729,280635,50
10730,280685,50
10731,280735,50
10732,280785,50
10733,280835,50
10734,280885,50
10735,280935,50
10736,280985,50
10737,281035,50
10738,281085,50
10739,281135,50
10740,281185,50
10741,281235,50
10742,281285,50
10743,281335,50
10744,281385,50
10745,281435,50
10746,281485,50
10747,281535,50
10748,281585,50
10749,281635,50
10750,281685,50
10751,281735,50
10752,281785,50
10753,281835,50
10754,281885,50
10755,281935,50
10756,281985,50
10757,282035,50
10758,282085,50
10759,282135,50
10760,282185,50
10761,282235,50
10762,282285,50
10763,282335,50
10764,282385,50
10765,282435,50
10766,282485,50
10767,282535,50
10768,282585,50
10769,282635,50
10770,282685,50
10771,282735,50
10772,282785,50
10773,282835,50
10774,282885,50
10775,282935,50
10776,282985,50
10777,283035,50
10778,283085,50
10779,283135,50
10780,283185,50
10781,283235,50
10782,283285,50
10783,283335,50
10784,283385,50
10785,283435,50
10786,283485,50
10787,283535,50
10788,283585,50
10789,283635,50
10790,283685,50
10791,283735,50
10792,283785,50
10793,283835,50
10794,283885,50
10795,283935,50
10796,283985,50
10797,284035,50
10798,284085,50
10799,284135,50
10800,284185,50
10801,284235,50
10802,284285,50
10803,284335,50
10804,284385,50
10805,284435,50
10806,284485,50
10807,284535,50
10808,284585,50
10809,284635,50
10810,284685,50
10811,284735,50
10812,284785,50
10813,284835,50
10814,284885,50
10815,284935,50
10816,284985,50
10817,285035,50
10818,285085,50
10819,285135,50
10820,285185,50
10821,285235,50
10822,285285,50
10823,285335,50
10824,285385,50
10825,285435,50
10826,285485,50
10827,285535,50
10828,285585,50
10829,285635,50
10830,285685,50
10831,285735,50
10832,285785,50
10833,285835,50
10834,285885,50
10835,285935,50
10836,285985,50
10837,286035,50
10838,286085,50
10839,286135,50
10840,286185,50
10841,286235,50
10842,286285,50
10843,286335,50
10844,286385,50
10845,286435,50
10846,286485,50
10847,286535,50
10848,286585,50
10849,286635,50
10850,286685,50
10851,286735,50
10852,286785,50
10853,286835,50
10854,286885,50
10855,286935,50
10856,286985,50
10857,287035,50
10858,287085,50
10859,287135,50
10860,287185,50
10861,287235,50
10862,287285,50
10863,287335,50
10864,287385,50
10865,287435,50
10866,287485,50
10867,287535,50
10868,287585,50
10869,287635,50
10870,287685,50
10871,287735,50
10872,287785,50
10873,287835,50
10874,287885,50
10875,287935,50
10876,287985,50
10877,288035,50
10878,288085,50
10879,288135,50
10880,288185,50
10881,288235,50
10882,288285,50
10883,288335,50
10884,288385,50
10885,288435,50
10886,288485,50
10887,288535,50
10888,288585,50
10889,288635,50
10890,288685,50
10891,288735,50
10892,288785,50
10893,288835,50
10894,288885,50
10895,288935,50
10896,288985,50
10897,289035,50
10898,289085,50
10899,289135,50
10900,289185,50
10901,289235,50
10902,289285,50
10903,289335,50
10904,289385,50
10905,289435,50
10906,289485,50
10907,289535,50
10908,289585,50
10909,289635,50
10910,289685,50
10911,289735,50
10912,289785,50
10913,289835,50
10914,289885,50
10915,289935,50
10916,289985,50
10917,290035,50
10918,290085,50
10919,290135,50
10920,290185,50
10921,290235,50
10922,290285,50
10923,290335,50
10924,290385,50
10925,290435,50
10926,290485,50
10927,290535,50
10928,290585,50
10929,290635,50
10930,290685,50
10931,290735,50
10932,290785,50
10933,290835,50
10934,290885,50
10935,290935,51
10936,290986,50
10937,291036,50
10938,291086,50
10939,291136,50
10940,291186,50
10941,291236,50
10942,291286,50
10943,291336,50
10944,291386,50
10945,291436,50
10946,291486,50
10947,291536,50
10948,291586,50
10949,291636,50
10950,291686,50
10951,291736,50
10952,291786,50
10953,291836,50
10954,291886,50
10955,291936,50
10956,291986,50
10957,292036,50
10958,292086,50
10959,292136,50
10960,292186,50
10961,292236,50
10962,292286,50
10963,292336,50
10964,292386,50
10965,292436,50
10966,292486,50
10967,292536,50
10968,292586,50
10969,292636,50
10970,292686,50
10971,292736,50
10972,292786,50
10973,292836,50
10974,292886,50
10975,292936,50
10976,292986,50
10977,293036,50
10978,293086,50
10979,293136,50
10980,293186,50
10981,293236,50
10982,293286,50
10983,293336,50
10984,293386,50
10985,293436,50
10986,293486,50
10987,293536,50
10988,293586,50
10989,293636,50
10990,293686,50
10991,293736,50
10992,293786,50
10993,293836,50
10994,293886,50
10995,293936,50
10996,293986,50
10997,294036,50
10998,294086,50
10999,294136,50
11000,294186,50
11001,294236,50
11002,294286,50
11003,294336,50
11004,294386,50
11005,294436,50
11006,294486,50
11007,294536,50
11008,294586,50
11009,294636,50
11010,294686,50
11011,294736,50
11012,294786,50
11013,294836,50
11014,294886,50
11015,294936,50
11016,294986,50
11017,295036,50
11018,295086,50
11019,295136,50
11020,295186,50
11021,295236,50
11022,295286,50
11023,295336,50
11024,295386,50
11025,295436,50
11026,295486,50
11027,295536,50
11028,295586,50
11029,295636,50
11030,295686,50
11031,295736,50
11032,295786,50
11033,295836,50
11034,295886,50
11035,295936,50
11036,295986,50
11037,296036,50
11038,296086,50
11039,296136,50
11040,296186,50
11041,296236,50
11042,296286,50
11043,296336,50
11044,296386,50
11045,296436,50
11046,296486,50
11047,296536,50
11048,296586,50
11049,296636,50
11050,296686,50
11051,296736,50
11052,296786,50
11053,296836,50
11054,296886,50
11055,296936,50
11056,296986,50
11057,297036,50
11058,297086,50
11059,297136,50
11060,297186,50
11061,297236,50
11062,297286,50
11063,297336,50
11064,297386,50
11065,297436,50
11066,297486,50
11067,297536,50
11068,297586,50
11069,297636,50
11070,297686,50
11071,297736,50
11072,297786,50
11073,297836,50
11074,297886,50
11075,297936,50
11076,297986,50
11077,298036,50
11078,298086,50
11079,298136,50
11080,298186,50
11081,298236,50
11082,298286,50
11083,298336,50
11084,298386,50
11085,298436,50
11086,298486,50
11087,298536,50
11088,298586,50
11089,298636,50
11090,298686,50
11091,298736,50
11092,298786,50
11093,298836,50
11094,298886,50
11095,298936,50
11096,298986,50
11097,299036,50
11098,299086,50
11099,299136,50
11100,299186,50
11101,299236,50
11102,299286,50
11103,299336,50
11104,299386,50
11105,299436,50
11106,299486,50
11107,299536,50
11108,299586,50
11109,299636,50
11110,299686,50
11111,299736,50
11112,299786,50
11113,299836,50
11114,299886,50
11115,299936,50
11116,299986,50
11117,300036,50
11118,300086,50
11119,300136,50
11120,300186,50
11121,300236,50
11122,300286,50
11123,300336,50
11124,300386,50
11125,300436,50
11126,300486,50
11127,300536,50
11128,300586,50
11129,300636,50
11130,300686,50
11131,300736,50
11132,300786,50
11133,300836,50
11134,300886,50
11135,300936,50
11136,300986,50
11137,301036,50
11138,301086,50
11139,301136,50
11140,301186,50
11141,301236,50
11142,301286,50
11143,301336,50
11144,301386,50
11145,301436,50
11146,301486,50
11147,301536,50
11148,301586,50
11149,301636,50
11150,301686,50
11151,301736,50
11152,301786,50
11153,301836,50
11154,301886,50
11155,301936,50
11156,301986,50
11157,302036,50
11158,302086,50
11159,302136,50
11160,302186,50
11161,302236,50
11162,302286,50
11163,302336,50
11164,302386,50
11165,302436,50
11166,302486,50
11167,302536,50
11168,302586,50
11169,302636,50
11170,302686,50
11171,302736,50
11172,302786,50
11173,302836,50
11174,302886,50
11175,302936,50
11176,302986,50
11177,303036,50
11178,303086,50
11179,303136,50
11180,303186,50
11181,303236,50
11182,303286,50
11183,303336,50
11184,303386,50
11185,303436,50
11186,303486,50
11187,303536,50
11188,303586,50
11189,303636,50
11190,303686,50
11191,303736,50
11192,303786,50
11193,303836,50
11194,303886,50
11195,303936,50
11196,303986,50
11197,304036,50
11198,304086,50
11199,304136,50
11200,304186,50
11201,304236,50
11202,304286,50
11203,304336,50
11204,304386,50
11205,304436,50
11206,304486,50
11207,304536,50
11208,304586,50
11209,304636,50
11210,304686,50
11211,304736,50
11212,304786,50
11213,304836,50
11214,304886,50
11215,304936,50
11216,304986,50
11217,305036,50
11218,305086,50
11219,305136,50
11220,305186,50
11221,305236,50
11222,305286,50
11223,305336,50
11224,305386,50
11225,305436,50
11226,305486,50
11227,305536,50
11228,305586,50
11229,305636,50
11230,305686,50
11231,305736,50
11232,305786,50
11233,305836,50
11234,305886,50
11235,305936,50
11236,305986,50
11237,306036,50
11238,306086,50
11239,306136,50
11240,306186,50
11241,306236,50
11242,306286,50
11243,306336,50
11244,306386,50
11245,306436,50
11246,306486,50
11247,306536,50
11248,306586,50
11249,306636,50
11250,306686,50
11251,306736,50
11252,306786,50
11253,306836,50
11254,306886,50
11255,306936,50
11256,306986,50
11257,307036,50
11258,307086,50
11259,307136,50
11260,307186,50
11261,307236,50
11262,307286,50
11263,307336,50
11264,307386,50
11265,307436,50
11266,307486,50
11267,307536,50
11268,307586,50
11269,307636,50
11270,307686,50
11271,307736,50
11272,307786,50
11273,307836,50
11274,307886,50
11275,307936,50
11276,307986,50
11277,308036,50
11278,308086,50
11279,308136,50
11280,308186,50
11281,308236,50
11282,308286,50
11283,308336,50
11284,308386,50
11285,308436,50
11286,308486,50
11287,308536,50
11288,308586,50
11289,308636,50
11290,308686,50
11291,308736,50
11292,308786,50
11293,308836,50
11294,308886,50
11295,308936,50
11296,308986,50
11297,309036,50
11298,309086,50
11299,309136,50
11300,309186,50
11301,309236,50
11302,309286,50
11303,309336,50
11304,309386,50
11305,309436,50
11306,309486,50
11307,309536,50
11308,309586,50
11309,309636,50
11310,309686,50
11311,309736,50
11312,309786,50
11313,309836,50
11314,309886,50
11315,309936,50
11316,309986,50
11317,310036,50
11318,310086,50
11319,310136,50
11320,310186,50
11321,310236,50
11322,310286,50
11323,310336,50
11324,310386,50
11325,310436,50
11326,310486,50
11327,310536,50
11328,310586,50
11329,310636,50
11330,310686,50
11331,310736,50
11332,310786,50
11333,310836,50
11334,310886,50
11335,310936,50
11336,310986,50
11337,311036,50
11338,311086,50
11339,311136,50
11340,311186,50
11341,311236,50
11342,311286,50
11343,311336,50
11344,311386,50
11345,311436,50
11346,311486,50
11347,311536,50
11348,311586,50
11349,311636,50
11350,311686,50
11351,311736,50
11352,311786,50
11353,311836,50
11354,311886,50
11355,311936,50
11356,311986,50
11357,312036,50
11358,312086,50
11359,312136,50
11360,312186,50
11361,312236,50
11362,312286,50
11363,312336,50
11364,312386,50
11365,312436,50
11366,312486,50
11367,312536,50
11368,312586,50
11369,312636,50
11370,312686,50
11371,312736,50
11372,312786,50
11373,312836,50
11374,312886,50
11375,312936,50
11376,312986,50
11377,313036,50
11378,313086,50
11379,313136,50
11380,313186,50
11381,313236,50
11382,313286,50
11383,313336,50
11384,313386,50
11385,313436,50
11386,313486,50
11387,313536,50
11388,313586,50
11389,313636,50
11390,313686,50
11391,313736,50
11392,313786,50
11393,313836,50
11394,313886,50
11395,313936,50
11396,313986,50
11397,314036,50
11398,314086,50
11399,314136,50
11400,314186,50
11401,314236,50
11402,314286,50
11403,314336,50
11404,314386,50
11405,314436,50
11406,314486,50
11407,314536,50
11408,314586,50
11409,314636,50
11410,314686,50
11411,314736,50
11412,314786,50
11413,314836,50
11414,314886,50
11415,314936,50
11416,314986,50
11417,315036,50
11418,315086,50
11419,315136,50
11420,315186,50
11421,315236,50
11422,315286,50
11423,315336,50
11424,315386,50
11425,315436,50
11426,315486,50
11427,315536,50
11428,315586,50
11429,315636,50
11430,315686,50
11431,315736,50
11432,315786,50
11433,315836,50
11434,315886,50
11435,315936,50
11436,315986,50
11437,316036,50
11438,316086,50
11439,316136,50
11440,316186,50
11441,316236,50
11442,316286,50
11443,316336,50
11444,316386,50
11445,316436,50
11446,316486,50
11447,316536,50
11448,316586,50
11449,316636,50
11450,316686,50
11451,316736,50
11452,316786,50
11453,316836,50
11454,316886,50
11455,316936,50
11456,316986,50
11457,317036,50
11458,317086,50
11459,317136,50
11460,317186,50
11461,317236,50
11462,317286,50
11463,317336,50
11464,317386,50
11465,317436,50
11466,317486,50
11467,317536,50
11468,317586,50
11469,317636,50
11470,317686,50
11471,317736,50
11472,317786,50
11473,317836,50
11474,317886,50
11475,317936,50
11476,317986,50
11477,318036,50
11478,318086,50
11479,318136,50
11480,318186,50
11481,318236,50
11482,318286,50
11483,318336,50
11484,318386,50
11485,318436,50
11486,318486,50
11487,318536,50
11488,318586,50
11489,318636,50
11490,318686,50
11491,318736,50
11492,318786,50
11493,318836,50
11494,318886,50
11495,318936,50
11496,318986,50
11497,319036,50
11498,319086,50
11499,319136,50
11500,319186,50
11501,319236,50
11502,319286,50
11503,319336,50
11504,319386,50
11505,319436,50
11506,319486,50
11507,319536,50
11508,319586,50
11509,319636,50
11510,319686,50
11511,319736,50
11512,319786,50
11513,319836,50
11514,319886,50
11515,319936,50
11516,319986,50
11517,320036,50
11518,320086,50
11519,320136,50
11520,320186,50
11521,320236,50
11522,320286,50
11523,320336,50
11524,320386,50
11525,320436,50
11526,320486,50
11527,320536,50
11528,320586,50
11529,320636,50
11530,320686,50
11531,320736,50
11532,320786,50
11533,320836,50
11534,320886,50
11535,320936,50
11536,320986,50
11537,321036,50
11538,321086,50
11539,321136,50
11540,321186,50
11541,321236,50
11542,321286,50
11543,321336,50
11544,321386,50
11545,321436,50
11546,321486,50
11547,321536,50
11548,321586,50
11549,321636,50
11550,321686,50
11551,321736,50
11552,321786,50
11553,321836,50
11554,321886,50
11555,321936,50
11556,321986,50
11557,322036,50
11558,322086,50
11559,322136,50
11560,322186,50
11561,322236,50
11562,322286,50
11563,322336,50
11564,322386,50
11565,322436,50
11566,322486,50
11567,322536,50
11568,322586,50
11569,322636,50
11570,322686,50
11571,322736,50
11572,322786,50
11573,322836,50
11574,322886,50
11575,322936,50
11576,322986,50
11577,323036,50
11578,323086,50
11579,323136,50
11580,323186,50
11581,323236,50
11582,323286,50
11583,323336,50
11584,323386,50
11585,323436,50
11586,323486,50
11587,323536,50
11588,323586,50
11589,323636,50
11590,323686,50
11591,323736,50
11592,323786,50
11593,323836,50
11594,323886,50
11595,323936,50
11596,323986,50
11597,324036,50
11598,324086,50
11599,324136,50
11600,324186,50
11601,324236,50
11602,324286,50
11603,324336,50
11604,324386,50
11605,324436,50
11606,324486,50
11607,324536,50
11608,324586,50
11609,324636,50
11610,324686,50
11611,324736,50
11612,324786,50
11613,324836,50
11614,324886,50
11615,324936,50
11616,324986,50
11617,325036,50
11618,325086,50
11619,325136,50
11620,325186,50
11621,325236,50
11622,325286,50
11623,325336,50
11624,325386,50
11625,325436,50
11626,325486,50
11627,325536,50
11628,325586,50
11629,325636,50
11630,325686,50
11631,325736,50
11632,325786,50
11633,325836,50
11634,325886,50
11635,325936,50
11636,325986,50
11637,326036,50
11638,326086,50
11639,326136,50
11640,326186,50
11641,326236,50
11642,326286,50
11643,326336,50
11644,326386,50
11645,326436,50
11646,326486,50
11647,326536,50
11648,326586,50
11649,326636,50
11650,326686,50
11651,326736,50
11652,326786,50
11653,326836,50
11654,326886,50
11655,326936,50
11656,326986,50
11657,327036,50
11658,327086,50
11659,327136,50
11660,327186,50
11661,327236,50
11662,327286,50
11663,327336,50
11664,327386,50
11665,327436,50
11666,327486,50
11667,327536,50
11668,327586,50
11669,327636,50
11670,327686,50
11671,327736,50
11672,327786,50
11673,327836,50
11674,327886,50
11675,327936,50
11676,327986,50
11677,328036,50
11678,328086,50
11679,328136,50
11680,328186,50
11681,328236,50
11682,328286,50
11683,328336,50
11684,328386,50
11685,328436,50
11686,328486,50
11687,328536,50
11688,328586,50
11689,328636,50
11690,328686,50
11691,328736,50
11692,328786,50
11693,328836,50
11694,328886,50
11695,328936,50
11696,328986,50
11697,329036,50
11698,329086,50
11699,329136,50
11700,329186,50
11701,329236,50
11702,329286,50
11703,329336,50
11704,329386,50
11705,329436,50
11706,329486,50
11707,329536,50
11708,329586,50
11709,329636,50
11710,329686,50
11711,329736,50
11712,329786,50
11713,329836,50
11714,329886,50
11715,329936,50
11716,329986,50
11717,330036,50
11718,330086,50
11719,330136,50
11720,330186,50
11721,330236,50
11722,330286,50
11723,330336,50
11724,330386,50
11725,330436,50
11726,330486,50
11727,330536,50
11728,330586,50
11729,330636,50
11730,330686,50
11731,330736,50
11732,330786,50
11733,330836,50
11734,330886,50
11735,330936,50
11736,330986,50
11737,331036,50
11738,331086,50
11739,331136,50
11740,331186,50
11741,331236,50
11742,331286,50
11743,331336,50
11744,331386,50
11745,331436,50
11746,331486,50
11747,331536,50
11748,331586,50
11749,331636,50
11750,331686,50
11751,331736,50
11752,331786,50
11753,331836,50
11754,331886,50
11755,331936,50
11756,331986,50
11757,332036,50
11758,332086,50
11759,332136,50
11760,332186,50
11761,332236,50
11762,332286,50
11763,332336,50
11764,332386,50
11765,332436,50
11766,332486,50
11767,332536,50
11768,332586,50
11769,332636,50
11770,332686,50
11771,332736,50
11772,332786,50
11773,332836,50
11774,332886,50
11775,332936,50
11776,332986,50
11777,333036,50
11778,333086,50
11779,333136,50
11780,333186,50
11781,333236,50
11782,333286,50
11783,333336,50
11784,333386,50
11785,333436,50
11786,333486,50
11787,333536,50
11788,333586,50
11789,333636,50
11790,333686,50
11791,333736,50
11792,333786,50
11793,333836,50
11794,333886,50
11795,333936,50
11796,333986,50
11797,334036,50
11798,334086,50
11799,334136,50
11800,334186,50
11801,334236,50
11802,334286,50
11803,334336,50
11804,334386,50
11805,334436,50
11806,334486,50
11807,334536,50
11808,334586,50
11809,334636,50
11810,334686,50
11811,334736,50
11812,334786,50
11813,334836,50
11814,334886,50
11815,334936,50
11816,334986,50
11817,335036,50
11818,335086,50
11819,335136,50
11820,335186,50
11821,335236,50
11822,335286,50
11823,335336,50
11824,335386,50
11825,335436,50
11826,335486,50
11827,335536,50
11828,335586,50
11829,335636,50
11830,335686,50
11831,335736,50
11832,335786,50
11833,335836,50
11834,335886,50
11835,335936,50
11836,335986,50
11837,336036,50
11838,336086,50
11839,336136,50
11840,336186,50
11841,336236,50
11842,336286,50
11843,336336,50
11844,336386,50
11845,336436,50
11846,336486,50
11847,336536,50
11848,336586,50
11849,336636,50
11850,336686,50
11851,336736,50
11852,336786,50
11853,336836,50
11854,336886,50
11855,336936,50
11856,336986,50
11857,337036,50
11858,337086,50
11859,337136,50
11860,337186,50
11861,337236,50
11862,337286,50
11863,337336,50
11864,337386,50
11865,337436,50
11866,337486,50
11867,337536,50
11868,337586,50
11869,337636,50
11870,337686,50
11871,337736,50
11872,337786,50
11873,337836,50
11874,337886,50
11875,337936,50
11876,337986,50
11877,338036,50
11878,338086,50
11879,338136,50
11880,338186,50
11881,338236,50
11882,338286,50
11883,338336,50
11884,338386,50
11885,338436,50
11886,338486,50
11887,338536,50
11888,338586,50
11889,338636,50
11890,338686,50
11891,338736,50
11892,338786,50
11893,338836,50
11894,338886,50
11895,338936,50
11896,338986,50
11897,339036,50
11898,339086,50
11899,339136,50
11900,339186,50
11901,339236,50
11902,339286,50
11903,339336,50
11904,339386,50
11905,339436,50
11906,339486,50
11907,339536,50
11908,339586,50
11909,339636,50
11910,339686,50
11911,339736,50
11912,339786,50
11913,339836,50
11914,339886,50
11915,339936,50
11916,339986,50
11917,340036,50
11918,340086,51
11919,340137,50
11920,340187,50
11921,340237,50
11922,340287,50
11923,340337,50
11924,340387,50
11925,340437,50
11926,340487,50
11927,340537,50
11928,340587,50
11929,340637,50
11930,340687,50
11931,340737,50
11932,340787,50
11933,340837,50
11934,340887,50
11935,340937,50
11936,340987,50
11937,341037,50
11938,341087,50
11939,341137,50
11940,341187,50
11941,341237,50
11942,341287,50
11943,341337,50
11944,341387,50
11945,341437,50
11946,341487,50
11947,341537,50
11948,341587,50
11949,341637,50
11950,341687,50
11951,341737,50
11952,341787,50
11953,341837,50
11954,341887,50
11955,341937,50
11956,341987,50
11957,342037,50
11958,342087,50
11959,342137,50
11960,342187,50
11961,342237,50
11962,342287,50
11963,342337,50
11964,342387,50
11965,342437,50
11966,342487,50
11967,342537,50
11968,342587,50
11969,342637,50
11970,342687,50
11971,342737,50
11972,342787,50
11973,342837,50
11974,342887,50
11975,342937,50
11976,342987,50
11977,343037,50
11978,343087,50
11979,343137,50
11980,343187,50
11981,343237,50
11982,343287,50
11983,343337,50
11984,343387,50
11985,343437,50
11986,343487,50
11987,343537,50
11988,343587,50
11989,343637,50
11990,343687,50
11991,343737,50
11992,343787,50
11993,343837,50
11994,343887,50
11995,343937,50
11996,343987,50
11997,344037,50
11998,344087,50
11999,344137,50
12000,344187,50
12001,344237,50
12002,344287,50
12003,344337,50
12004,344387,50
12005,344437,50
12006,344487,50
12007,344537,50
12008,344587,50
12009,344637,50
12010,344687,50
12011,344737,50
12012,344787,50
12013,344837,50
12014,344887,50
12015,344937,50
12016,344987,50
12017,345037,50
12018,345087,50
12019,345137,50
12020,345187,50
12021,345237,50
12022,345287,50
12023,345337,50
12024,345387,50
12025,345437,50
12026,345487,50
12027,345537,50
12028,345587,50
12029,345637,50
12030,345687,50
12031,345737,50
12032,345787,50
12033,345837,50
12034,345887,50
12035,345937,50
12036,345987,50
12037,346037,50
12038,346087,50
12039,346137,50
12040,346187,50
12041,346237,50
12042,346287,50
12043,346337,50
12044,346387,50
12045,346437,50
12046,346487,50
12047,346537,50
12048,346587,50
12049,346637,50
12050,346687,50
12051,346737,50
12052,346787,50
12053,346837,50
12054,346887,50
12055,346937,50
12056,346987,50
12057,347037,50
12058,347087,50
12059,347137,50
12060,347187,50
12061,347237,50
12062,347287,50
12063,347337,50
12064,347387,50
12065,347437,50
12066,347487,50
12067,347537,50
12068,347587,50
12069,347637,50
12070,347687,50
12071,347737,50
12072,347787,50
12073,347837,50
12074,347887,50
12075,347937,50
12076,347987,50
12077,348037,50
12078,348087,50
12079,348137,50
12080,348187,50
12081,348237,50
12082,348287,50
12083,348337,50
12084,348387,50
12085,348437,50
12086,348487,50
12087,348537,50
12088,348587,50
12089,348637,50
12090,348687,50
12091,348737,50
12092,348787,50
12093,348837,50
12094,348887,50
12095,348937,50
12096,348987,50
12097,349037,50
12098,349087,50
12099,349137,50
12100,349187,50
12101,349237,50
12102,349287,50
12103,349337,50
12104,349387,50
12105,349437,50
12106,349487,50
12107,349537,50
12108,349587,50
12109,349637,50
12110,349687,50
12111,349737,50
12112,349787,50
12113,349837,50
12114,349887,50
12115,349937,50
12116,349987,50
12117,350037,50
12118,350087,50
12119,350137,50
12120,350187,50
12121,350237,50
12122,350287,50
12123,350337,50
12124,350387,50
12125,350437,50
12126,350487,50
12127,350537,50
12128,350587,50
12129,350637,50
12130,350687,50
12131,350737,50
12132,350787,50
12133,350837,50
12134,350887,50
12135,350937,50
12136,350987,50
12137,351037,50
12138,351087,50
12139,351137,50
12140,351187,50
12141,351237,50
12142,351287,50
12143,351337,50
12144,351387,50
12145,351437,50
12146,351487,50
12147,351537,50
12148,351587,50
12149,351637,50
12150,351687,50
12151,351737,50
12152,351787,50
12153,351837,50
12154,351887,50
12155,351937,50
12156,351987,50
12157,352037,50
12158,352087,50
12159,352137,50
12160,352187,50
12161,352237,50
12162,352287,50
12163,352337,50
12164,352387,50
12165,352437,50
12166,352487,50
12167,352537,50
12168,352587,50
12169,352637,50
12170,352687,50
12171,352737,50
12172,352787,50
12173,352837,50
12174,352887,50
12175,352937,50
12176,352987,50
12177,353037,50
12178,353087,50
12179,353137,50
12180,353187,50
12181,353237,50
12182,353287,50
12183,353337,50
12184,353387,50
12185,353437,50
12186,353487,50
12187,353537,50
12188,353587,50
12189,353637,50
12190,353687,50
12191,353737,50
12192,353787,50
12193,353837,50
12194,353887,50
12195,353937,50
12196,353987,50
12197,354037,50
12198,354087,50
12199,354137,50
12200,354187,50
12201,354237,50
12202,354287,50
12203,354337,50
12204,354387,50
12205,354437,50
12206,354487,50
12207,354537,50
12208,354587,50
12209,354637,50
12210,354687,50
12211,354737,50
12212,354787,50
12213,354837,50
12214,354887,50
12215,354937,50
12216,354987,50
12217,355037,50
12218,355087,50
12219,355137,50
12220,355187,50
12221,355237,50
12222,355287,50
12223,355337,50
12224,355387,50
12225,355437,50
12226,355487,50
12227,355537,50
12228,355587,50
12229,355637,50
12230,355687,50
12231,355737,50
12232,355787,50
12233,355837,50
12234,355887,50
12235,355937,50
12236,355987,50
12237,356037,50
12238,356087,50
12239,356137,50
12240,356187,50
12241,356237,50
12242,356287,50
12243,356337,50
12244,356387,50
12245,356437,50
12246,356487,50
12247,356537,50
12248,356587,50
12249,356637,50
12250,356687,50
12251,356737,50
12252,356787,50
12253,356837,50
12254,356887,50
12255,356937,50
12256,356987,50
12257,357037,50
12258,357087,50
12259,357137,50
12260,357187,50
12261,357237,50
12262,357287,50
12263,357337,50
12264,357387,50
12265,357437,50
12266,357487,50
12267,357537,50
12268,357587,50
12269,357637,50
12270,357687,50
12271,357737,50
12272,357787,50
12273,357837,50
12274,357887,50
12275,357937,50
12276,357987,50
12277,358037,50
12278,358087,50
12279,358137,50
12280,358187,50
12281,358237,50
12282,358287,50
12283,358337,50
12284,358387,50
12285,358437,50
12286,358487,50
12287,358537,50
12288,358587,50
12289,358637,50
12290,358687,50
12291,358737,50
12292,358787,50
12293,358837,50
12294,358887,50
12295,358937,50
12296,358987,50
12297,359037,50
12298,359087,50
12299,359137,50
12300,359187,50
12301,359237,50
12302,359287,50
12303,359337,50
12304,359387,50
12305,359437,50
12306,359487,50
12307,359537,50
12308,359587,50
12309,359637,50
12310,359687,50
12311,359737,50
12312,359787,50
12313,359837,50
12314,359887,50
12315,359937,50
12316,359987,50
12317,360037,50
12318,360087,50
12319,360137,50
12320,360187,50
12321,360237,50
12322,360287,50
12323,360337,50
12324,360387,50
12325,360437,50
12326,360487,50
12327,360537,50
12328,360587,50
12329,360637,50
12330,360687,50
12331,360737,50
12332,360787,50
12333,360837,50
12334,360887,50
12335,360937,50
12336,360987,50
12337,361037,50
12338,361087,50
12339,361137,50
12340,361187,50
12341,361237,50
12342,361287,50
12343,361337,50
12344,361387,50
12345,361437,50
12346,361487,50
12347,361537,50
12348,361587,50
12349,361637,50
12350,361687,50
12351,361737,50
12352,361787,50
12353,361837,50
12354,361887,50
12355,361937,50
12356,361987,50
12357,362037,50
12358,362087,50
12359,362137,50
12360,362187,50
12361,362237,50
12362,362287,50
12363,362337,50
12364,362387,50
12365,362437,50
12366,362487,50
12367,362537,50
12368,362587,50
12369,362637,50
12370,362687,50
12371,362737,50
12372,362787,50
12373,362837,50
12374,362887,50
12375,362937,50
12376,362987,50
12377,363037,50
12378,363087,50
12379,363137,50
12380,363187,50
12381,363237,50
12382,363287,50
12383,363337,50
12384,363387,50
12385,363437,50
12386,363487,50
12387,363537,50
12388,363587,50
12389,363637,50
12390,363687,50
12391,363737,50
12392,363787,50
12393,363837,50
12394,363887,50
12395,363937,50
12396,363987,50
12397,364037,50
12398,364087,50
12399,364137,50
12400,364187,50
12401,364237,50
12402,364287,50
12403,364337,50
12404,364387,50
12405,364437,50
12406,364487,50
12407,364537,50
12408,364587,50
12409,364637,50
12410,364687,50
12411,364737,50
12412,364787,50
12413,364837,50
12414,364887,50
12415,364937,50
12416,364987,50
12417,365037,50
12418,365087,50
12419,365137,50
12420,365187,50
12421,365237,50
12422,365287,50
12423,365337,50
12424,365387,50
12425,365437,50
12426,365487,50
12427,365537,50
12428,365587,50
12429,365637,50
12430,365687,50
12431,365737,50
12432,365787,50
12433,365837,50
12434,365887,50
12435,365937,50
12436,365987,50
12437,366037,50
12438,366087,50
12439,366137,50
12440,366187,50
12441,366237,50
12442,366287,50
12443,366337,50
12444,366387,50
12445,366437,50
12446,366487,50
12447,366537,50
12448,366587,50
12449,366637,50
12450,366687,50
12451,366737,50
12452,366787,50
12453,366837,50
12454,366887,50
12455,366937,50
12456,366987,50
12457,367037,50
12458,367087,50
12459,367137,50
12460,367187,50
12461,367237,50
12462,367287,50
12463,367337,50
12464,367387,50
12465,367437,50
12466,367487,50
12467,367537,50
12468,367587,50
12469,367637,50
12470,367687,50
12471,367737,50
12472,367787,50
12473,367837,50
12474,367887,50
12475,367937,50
12476,367987,50
12477,368037,50
12478,368087,50
12479,368137,50
12480,368187,50
12481,368237,50
12482,368287,50
12483,368337,50
12484,368387,50
12485,368437,50
12486,368487,50
12487,368537,50
12488,368587,50
12489,368637,50
12490,368687,50
12491,368737,50
12492,368787,50
12493,368837,50
12494,368887,50
12495,368937,50
12496,368987,50
12497,369037,50
12498,369087,50
12499,369137,50
12500,369187,50
12501,369237,50
12502,369287,50
12503,369337,50
12504,369387,50
12505,369437,50
12506,369487,50
12507,369537,50
12508,369587,50
12509,369637,50
12510,369687,50
12511,369737,50
12512,369787,50
12513,369837,50
12514,369887,50
12515,369937,50
12516,369987,50
12517,370037,50
12518,370087,50
12519,370137,50
12520,370187,50
12521,370237,50
12522,370287,50
12523,370337,50
12524,370387,50
12525,370437,50
12526,370487,50
12527,370537,50
12528,370587,50
12529,370637,50
12530,370687,50
12531,370737,50
12532,370787,50
12533,370837,50
12534,370887,50
12535,370937,50
12536,370987,50
12537,371037,50
12538,371087,50
12539,371137,50
12540,371187,50
12541,371237,50
12542,371287,50
12543,371337,50
12544,371387,50
12545,371437,50
12546,371487,50
12547,371537,50
12548,371587,50
12549,371637,50
12550,371687,50
12551,371737,50
12552,371787,50
12553,371837,50
12554,371887,50
12555,371937,50
12556,371987,50
12557,372037,50
12558,372087,50
12559,372137,50
12560,372187,50
12561,372237,50
12562,372287,50
12563,372337,50
12564,372387,50
12565,372437,50
12566,372487,50
12567,372537,50
12568,372587,50
12569,372637,50
12570,372687,50
12571,372737,50
12572,372787,50
12573,372837,50
12574,372887,50
12575,372937,50
12576,372987,50
12577,373037,50
12578,373087,50
12579,373137,50
12580,373187,50
12581,373237,50
12582,373287,50
12583,373337,50
12584,373387,50
12585,373437,50
12586,373487,50
12587,373537,50
12588,373587,50
12589,373637,50
12590,373687,50
12591,373737,50
12592,373787,50
12593,373837,50
12594,373887,50
12595,373937,50
12596,373987,50
12597,374037,50
12598,374087,50
12599,374137,50
12600,374187,50
12601,374237,50
12602,374287,50
12603,374337,50
12604,374387,50
12605,374437,50
12606,374487,50
12607,374537,50
12608,374587,50
12609,374637,50
12610,374687,50
12611,374737,50
12612,374787,50
12613,374837,50
12614,374887,50
12615,374937,50
12616,374987,50
12617,375037,50
12618,375087,50
12619,375137,50
12620,375187,50
12621,375237,50
12622,375287,50
12623,375337,50
12624,375387,50
12625,375437,50
12626,375487,50
12627,375537,50
12628,375587,50
12629,375637,50
12630,375687,50
12631,375737,50
12632,375787,50
12633,375837,50
12634,375887,50
12635,375937,50
12636,375987,50
12637,376037,50
12638,376087,50
12639,376137,50
12640,376187,50
12641,376237,50
12642,376287,50
12643,376337,50
12644,376387,50
12645,376437,50
12646,376487,50
12647,376537,50
12648,376587,50
12649,376637,50
12650,376687,50
12651,376737,50
12652,376787,50
12653,376837,50
12654,376887,50
12655,376937,50
12656,376987,50
12657,377037,50
12658,377087,50
12659,377137,50
12660,377187,50
12661,377237,50
12662,377287,50
12663,377337,50
12664,377387,50
12665,377437,50
12666,377487,50
12667,377537,50
12668,377587,50
12669,377637,50
12670,377687,50
12671,377737,50
12672,377787,50
12673,377837,50
12674,377887,50
12675,377937,50
12676,377987,50
12677,378037,50
12678,378087,50
12679,378137,50
12680,378187,50
12681,378237,50
12682,378287,50
12683,378337,50
12684,378387,50
12685,378437,50
12686,378487,50
12687,378537,50
12688,378587,50
12689,378637,50
12690,378687,50
12691,378737,50
12692,378787,50
12693,378837,50
12694,378887,50
12695,378937,50
12696,378987,50
12697,379037,50
12698,379087,50
12699,379137,50
12700,379187,50
12701,379237,50
12702,379287,50
12703,379337,50
12704,379387,50
12705,379437,50
12706,379487,50
12707,379537,50
12708,379587,50
12709,379637,50
12710,379687,50
12711,379737,50
12712,379787,50
12713,379837,50
12714,379887,50
12715,379937,50
12716,379987,50
12717,380037,50
12718,380087,50
12719,380137,50
12720,380187,50
12721,380237,50
12722,380287,50
12723,380337,50
12724,380387,50
12725,380437,50
12726,380487,50
12727,380537,50
12728,380587,50
12729,380637,50
12730,380687,50
12731,380737,50
12732,380787,50
12733,380837,50
12734,380887,50
12735,380937,50
12736,380987,50
12737,381037,50
12738,381087,50
12739,381137,50
12740,381187,50
12741,381237,50
12742,381287,50
12743,381337,50
12744,381387,50
12745,381437,50
12746,381487,50
12747,381537,50
12748,381587,50
12749,381637,50
12750,381687,50
12751,381737,50
12752,381787,50
12753,381837,50
12754,381887,50
12755,381937,50
12756,381987,50
12757,382037,50
12758,382087,50
12759,382137,50
12760,382187,50
12761,382237,50
12762,382287,50
12763,382337,50
12764,382387,50
12765,382437,50
12766,382487,50
12767,382537,50
12768,382587,50
12769,382637,50
12770,382687,50
12771,382737,50
12772,382787,50
12773,382837,50
12774,382887,50
12775,382937,50
12776,382987,50
12777,383037,50
12778,383087,50
12779,383137,50
12780,383187,50
12781,383237,50
12782,383287,50
12783,383337,50
12784,383387,50
12785,383437,50
12786,383487,50
12787,383537,50
12788,383587,50
12789,383637,50
12790,383687,50
12791,383737,50
12792,383787,50
12793,383837,50
12794,383887,50
12795,383937,50
12796,383987,50
12797,384037,50
12798,384087,50
12799,384137,50
12800,384187,50
12801,384237,50
12802,384287,50
12803,384337,50
12804,384387,50
12805,384437,50
12806,384487,50
12807,384537,50
12808,384587,50
12809,384637,50
12810,384687,50
12811,384737,50
12812,384787,50
12813,384837,50
12814,384887,50
12815,384937,50
12816,384987,50
12817,385037,50
12818,385087,50
12819,385137,50
12820,385187,50
12821,385237,50
12822,385287,50
12823,385337,50
12824,385387,50
12825,385437,50
12826,385487,50
12827,385537,50
12828,385587,50
12829,385637,50
12830,385687,50
12831,385737,50
12832,385787,50
12833,385837,50
12834,385887,50
12835,385937,50
12836,385987,50
12837,386037,50
12838,386087,50
12839,386137,50
12840,386187,50
12841,386237,50
12842,386287,50
12843,386337,50
12844,386387,50
12845,386437,50
12846,386487,50
12847,386537,50
12848,386587,50
12849,386637,50
12850,386687,50
12851,386737,50
12852,386787,50
12853,386837,50
12854,386887,50
12855,386937,50
12856,386987,50
12857,387037,50
12858,387087,50
12859,387137,50
12860,387187,50
12861,387237,50
12862,387287,50
12863,387337,50
12864,387387,50
12865,387437,50
12866,387487,50
12867,387537,50
12868,387587,50
12869,387637,50
12870,387687,50
12871,387737,50
12872,387787,50
12873,387837,50
12874,387887,50
12875,387937,50
12876,387987,50
12877,388037,50
12878,388087,50
12879,388137,50
12880,388187,50
12881,388237,50
12882,388287,50
12883,388337,50
12884,388387,50
12885,388437,50
12886,388487,50
12887,388537,50
12888,388587,50
12889,388637,50
12890,388687,50
12891,388737,50
12892,388787,50
12893,388837,50
12894,388887,50
12895,388937,50
12896,388987,50
12897,389037,50
12898,389087,50
12899,389137,50
12900,389187,50
12901,389237,50
12902,389287,50
12903,389337,50
12904,389387,50
12905,389437,50
12906,389487,50
12907,389537,50
12908,389587,50
12909,389637,50
12910,389687,50
12911,389737,50
12912,389787,50
12913,389837,50
12914,389887,50
12915,389937,50
12916,389987,50
12917,390037,50
12918,390087,50
12919,390137,50
12920,390187,50
12921,390237,50
12922,390287,50
12923,390337,50
12924,390387,50
12925,390437,50
12926,390487,50
12927,390537,50
12928,390587,50
12929,390637,50
12930,390687,50
12931,390737,50
12932,390787,50
12933,390837,50
12934,390887,50
12935,390937,50
12936,390987,50
12937,391037,50
12938,391087,50
12939,391137,50
12940,391187,50
12941,391237,50
12942,391287,50
12943,391337,50
12944,391387,50
12945,391437,50
12946,391487,50
12947,391537,50
12948,391587,50
12949,391637,50
12950,391687,50
12951,391737,50
12952,391787,50
12953,391837,50
12954,391887,50
12955,391937,50
12956,391987,50
12957,392037,50
12958,392087,50
12959,392137,50
12960,392187,50
12961,392237,50
12962,392287,50
12963,392337,50
12964,392387,50
12965,392437,50
12966,392487,50
12967,392537,50
12968,392587,50
12969,392637,50
12970,392687,50
12971,392737,50
12972,392787,50
12973,392837,50
12974,392887,50
12975,392937,50
12976,392987,50
12977,393037,50
12978,393087,50
12979,393137,50
12980,393187,50
12981,393237,50
12982,393287,50
12983,393337,50
12984,393387,50
12985,393437,50
12986,393487,50
12987,393537,50
12988,393587,50
12989,393637,50
12990,393687,50
12991,393737,50
12992,393787,50
12993,393837,50
12994,393887,50
12995,393937,50
12996,393987,50
12997,394037,50
12998,394087,50
12999,394137,50
13000,394187,50
13001,394237,50
13002,394287,50
13003,394337,50
13004,394387,50
13005,394437,50
13006,394487,50
13007,394537,50
13008,394587,50
13009,394637,50
13010,394687,50
13011,394737,50
13012,394787,50
13013,394837,50
13014,394887,50
13015,394937,50
13016,394987,50
13017,395037,50
13018,395087,50
13019,395137,50
13020,395187,50
13021,395237,50
13022,395287,50
13023,395337,50
13024,395387,50
13025,395437,50
13026,395487,50
13027,395537,50
13028,395587,50
13029,395637,50
13030,395687,50
13031,395737,50
13032,395787,50
13033,395837,50
13034,395887,50
13035,395937,50
13036,395987,50
13037,396037,50
13038,396087,50
13039,396137,50
13040,396187,50
13041,396237,50
13042,396287,50
13043,396337,50
13044,396387,50
13045,396437,50
13046,396487,50
13047,396537,50
13048,396587,50
13049,396637,50
13050,396687,50
13051,396737,50
13052,396787,50
13053,396837,50
13054,396887,50
13055,396937,50
13056,396987,50
13057,397037,50
13058,397087,50
13059,397137,50
13060,397187,50
13061,397237,50
13062,397287,50
13063,397337,50
13064,397387,50
13065,397437,50
13066,397487,50
13067,397537,50
13068,397587,50
13069,397637,50
13070,397687,50
13071,397737,50
13072,397787,50
13073,397837,50
13074,397887,50
13075,397937,50
13076,397987,50
13077,398037,50
13078,398087,50
13079,398137,50
13080,398187,50
13081,398237,50
13082,398287,50
13083,398337,50
13084,398387,50
13085,398437,50
13086,398487,50
13087,398537,50
13088,398587,50
13089,398637,50
13090,398687,50
13091,398737,50
13092,398787,50
13093,398837,50
13094,398887,50
13095,398937,50
13096,398987,50
13097,399037,50
13098,399087,50
13099,399137,50
13100,399187,50
13101,399237,50
13102,399287,50
13103,399337,50
13104,399387,50
13105,399437,50
13106,399487,50
13107,399537,50
13108,399587,50
13109,399637,50
13110,399687,50
13111,399737,50
13112,399787,50
13113,399837,50
13114,399887,50
13115,399937,50
13116,399987,50
13117,400037,50
13118,400087,50
13119,400137,50
13120,400187,50
13121,400237,50
13122,400287,50
13123,400337,50
13124,400387,50
13125,400437,50
13126,400487,50
13127,400537,50
13128,400587,50
13129,400637,50
13130,400687,50
13131,400737,50
13132,400787,50
13133,400837,50
13134,400887,50
13135,400937,50
13136,400987,50
13137,401037,50
13138,401087,50
13139,401137,50
13140,401187,50
13141,401237,50
13142,401287,50
13143,401337,50
13144,401387,50
13145,401437,50
13146,401487,50
13147,401537,50
13148,401587,50
13149,401637,50
13150,401687,50
13151,401737,50
13152,401787,50
13153,401837,50
13154,401887,50
13155,401937,50
13156,401987,50
13157,402037,50
13158,402087,50
13159,402137,50
13160,402187,50
13161,402237,50
13162,402287,50
13163,402337,50
13164,402387,50
13165,402437,50
13166,402487,50
13167,402537,50
13168,402587,50
13169,402637,50
13170,402687,50
13171,402737,50
13172,402787,50
13173,402837,50
13174,402887,50
13175,402937,50
13176,402987,50
13177,403037,50
13178,403087,50
13179,403137,50
13180,403187,50
13181,403237,50
13182,403287,50
13183,403337,50
13184,403387,50
13185,403437,50
13186,403487,50
13187,403537,50
13188,403587,50
13189,403637,50
13190,403687,50
13191,403737,50
13192,403787,50
13193,403837,50
13194,403887,50
13195,403937,50
13196,403987,50
13197,404037,50
13198,404087,50
13199,404137,50
13200,404187,50
13201,404237,50
13202,404287,50
13203,404337,50
13204,404387,50
13205,404437,50
13206,404487,50
13207,404537,50
13208,404587,50
13209,404637,50
13210,404687,50
13211,404737,50
13212,404787,50
13213,404837,50
13214,404887,50
13215,404937,50
13216,404987,50
13217,405037,50
13218,405087,50
13219,405137,50
13220,405187,50
13221,405237,50
13222,405287,50
13223,405337,50
13224,405387,50
13225,405437,50
13226,405487,50
13227,405537,50
13228,405587,50
13229,405637,50
13230,405687,50
13231,405737,50
13232,405787,50
13233,405837,50
13234,405887,50
13235,405937,50
13236,405987,50
13237,406037,50
13238,406087,50
13239,406137,50
13240,406187,50
13241,406237,50
13242,406287,50
13243,406337,50
13244,406387,50
13245,406437,50
13246,406487,50
13247,406537,50
13248,406587,50
13249,406637,50
13250,406687,50
13251,406737,50
13252,406787,50
13253,406837,50
13254,406887,50
13255,406937,50
13256,406987,50
13257,407037,50
13258,407087,50
13259,407137,50
13260,407187,50
13261,407237,50
13262,407287,50
13263,407337,50
13264,407387,50
13265,407437,50
13266,407487,50
13267,407537,50
13268,407587,50
13269,407637,50
13270,407687,50
13271,407737,50
13272,407787,50
13273,407837,50
13274,407887,50
13275,407937,50
13276,407987,50
13277,408037,50
13278,408087,50
13279,408137,50
13280,408187,50
13281,408237,50
13282,408287,50
13283,408337,50
13284,408387,50
13285,408437,50
13286,408487,50
13287,408537,50
13288,408587,50
13289,408637,50
13290,408687,50
13291,408737,50
13292,408787,50
13293,408837,50
13294,408887,50
13295,408937,50
13296,408987,50
13297,409037,50
13298,409087,50
13299,409137,50
13300,409187,50
13301,409237,50
13302,409287,50
13303,409337,50
13304,409387,50
13305,409437,50
13306,409487,50
13307,409537,50
13308,409587,50
13309,409637,50
13310,409687,50
13311,409737,50
13312,409787,50
13313,409837,50
13314,409887,50
13315,409937,50
13316,409987,50
13317,410037,50
13318,410087,50
13319,410137,50
13320,410187,50
13321,410237,50
13322,410287,50
13323,410337,50
13324,410387,50
13325,410437,50
13326,410487,50
13327,410537,50
13328,410587,50
13329,410637,50
13330,410687,50
13331,410737,50
13332,410787,50
13333,410837,50
13334,410887,50
13335,410937,50
13336,410987,50
13337,411037,50
13338,411087,50
13339,411137,50
13340,411187,50
13341,411237,50
13342,411287,50
13343,411337,50
13344,411387,50
13345,411437,50
13346,411487,50
13347,411537,50
13348,411587,50
13349,411637,50
13350,411687,50
13351,411737,50
13352,411787,50
13353,411837,50
13354,411887,50
13355,411937,50
13356,411987,50
13357,412037,50
13358,412087,50
13359,412137,50
13360,412187,50
13361,412237,50
13362,412287,50
13363,412337,50
13364,412387,50
13365,412437,50
13366,412487,50
13367,412537,50
13368,412587,50
13369,412637,50
13370,412687,50
13371,412737,50
13372,412787,50
13373,412837,50
13374,412887,50
13375,412937,50
13376,412987,50
13377,413037,50
13378,413087,50
13379,413137,50
13380,413187,50
13381,413237,50
13382,413287,50
13383,413337,50
13384,413387,50
13385,413437,50
13386,413487,50
13387,413537,50
13388,413587,50
13389,413637,50
13390,413687,50
13391,413737,50
13392,413787,50
13393,413837,50
13394,413887,50
13395,413937,50
13396,413987,50
13397,414037,50
13398,414087,50
13399,414137,50
13400,414187,50
13401,414237,50
13402,414287,50
13403,414337,50
13404,414387,50
13405,414437,50
13406,414487,50
13407,414537,50
13408,414587,50
13409,414637,50
13410,414687,50
13411,414737,50
13412,414787,50
13413,414837,50
13414,414887,50
13415,414937,50
13416,414987,50
13417,415037,50
13418,415087,50
13419,415137,50
13420,415187,50
13421,415237,50
13422,415287,50
13423,415337,50
13424,415387,50
13425,415437,50
13426,415487,50
13427,415537,50
13428,415587,50
13429,415637,50
13430,415687,50
13431,415737,50
13432,415787,50
13433,415837,50
13434,415887,50
13435,415937,50
13436,415987,50
13437,416037,50
13438,416087,50
13439,416137,50
13440,416187,50
13441,416237,50
13442,416287,50
13443,416337,50
13444,416387,50
13445,416437,50
13446,416487,50
13447,416537,50
13448,416587,50
13449,416637,50
13450,416687,50
13451,416737,50
13452,416787,50
13453,416837,50
13454,416887,50
13455,416937,50
13456,416987,50
13457,417037,50
13458,417087,50
13459,417137,50
13460,417187,50
13461,417237,50
13462,417287,50
13463,417337,50
13464,417387,50
13465,417437,50
13466,417487,50
13467,417537,50
13468,417587,50
13469,417637,50
13470,417687,50
13471,417737,50
13472,417787,50
13473,417837,50
13474,417887,50
13475,417937,50
13476,417987,50
13477,418037,50
13478,418087,50
13479,418137,50
13480,418187,50
13481,418237,50
13482,418287,50
13483,418337,50
13484,418387,50
13485,418437,50
13486,418487,50
13487,418537,50
13488,418587,50
13489,418637,50
13490,418687,50
13491,418737,50
13492,418787,50
13493,418837,50
13494,418887,50
13495,418937,50
13496,418987,50
13497,419037,50
13498,419087,50
13499,419137,50
13500,419187,50
13501,419237,50
13502,419287,50
13503,419337,50
13504,419387,50
13505,419437,50
13506,419487,50
13507,419537,50
13508,419587,50
13509,419637,50
13510,419687,50
13511,419737,50
13512,419787,50
13513,419837,50
13514,419887,50
13515,419937,50
13516,419987,50
13517,420037,50
13518,420087,50
13519,420137,50
13520,420187,50
13521,420237,50
13522,420287,50
13523,420337,50
13524,420387,50
13525,420437,50
13526,420487,50
13527,420537,50
13528,420587,50
13529,420637,50
13530,420687,50
13531,420737,50
13532,420787,50
13533,420837,50
13534,420887,50
13535,420937,50
13536,420987,50
13537,421037,50
13538,421087,50
13539,421137,50
13540,421187,50
13541,421237,50
13542,421287,50
13543,421337,50
13544,421387,50
13545,421437,50
13546,421487,50
13547,421537,50
13548,421587,50
13549,421637,50
13550,421687,50
13551,421737,50
13552,421787,50
13553,421837,50
13554,421887,50
13555,421937,50
13556,421987,50
13557,422037,50
13558,422087,50
13559,422137,50
13560,422187,50
13561,422237,50
13562,422287,50
13563,422337,50
13564,422387,50
13565,422437,50
13566,422487,50
13567,422537,50
13568,422587,50
13569,422637,50
13570,422687,50
13571,422737,50
13572,422787,50
13573,422837,50
13574,422887,50
13575,422937,50
13576,422987,50
13577,423037,50
13578,423087,50
13579,423137,50
13580,423187,50
13581,423237,50
13582,423287,50
13583,423337,50
13584,423387,50
13585,423437,50
13586,423487,50
13587,423537,50
13588,423587,50
13589,423637,50
13590,423687,50
13591,423737,50
13592,423787,50
13593,423837,50
13594,423887,50
13595,423937,50
13596,423987,50
13597,424037,50
13598,424087,50
13599,424137,50
13600,424187,50
13601,424237,50
13602,424287,50
13603,424337,50
13604,424387,50
13605,424437,50
13606,424487,50
13607,424537,50
13608,424587,50
13609,424637,50
13610,424687,50
13611,424737,50
13612,424787,50
13613,424837,50
13614,424887,50
13615,424937,50
13616,424987,50
13617,425037,50
13618,425087,50
13619,425137,50
13620,425187,50
13621,425237,50
13622,425287,50
13623,425337,50
13624,425387,50
13625,425437,50
13626,425487,50
13627,425537,50
13628,425587,50
13629,425637,50
13630,425687,50
13631,425737,50
13632,425787,50
13633,425837,50
13634,425887,50
13635,425937,50
13636,425987,50
13637,426037,50
13638,426087,50
13639,426137,50
13640,426187,50
13641,426237,50
13642,426287,50
13643,426337,50
13644,426387,50
13645,426437,50
13646,426487,50
13647,426537,50
13648,426587,50
13649,426637,50
13650,426687,50
13651,426737,50
13652,426787,50
13653,426837,50
13654,426887,50
13655,426937,50
13656,426987,50
13657,427037,50
13658,427087,50
13659,427137,50
13660,427187,50
13661,427237,50
13662,427287,50
13663,427337,50
13664,427387,50
13665,427437,50
13666,427487,50
13667,427537,50
13668,427587,50
13669,427637,50
13670,427687,50
13671,427737,50
13672,427787,50
13673,427837,50
13674,427887,50
13675,427937,50
13676,427987,50
13677,428037,50
13678,428087,50
13679,428137,50
13680,428187,50
13681,428237,50
13682,428287,50
13683,428337,50
13684,428387,50
13685,428437,50
13686,428487,50
13687,428537,50
13688,428587,50
13689,428637,50
13690,428687,50
13691,428737,50
13692,428787,50
13693,428837,50
13694,428887,50
13695,428937,50
13696,428987,50
13697,429037,50
13698,429087,50
13699,429137,50
13700,429187,50
13701,429237,50
13702,429287,50
13703,429337,50
13704,429387,50
13705,429437,50
13706,429487,50
13707,429537,50
13708,429587,50
13709,429637,50
13710,429687,50
13711,429737,50
13712,429787,50
13713,429837,50
13714,429887,50
13715,429937,50
13716,429987,50
13717,430037,50
13718,430087,50
13719,430137,50
13720,430187,50
13721,430237,50
13722,430287,50
13723,430337,50
13724,430387,50
13725,430437,50
13726,430487,50
13727,430537,50
13728,430587,50
13729,430637,50
13730,430687,50
13731,430737,50
13732,430787,50
13733,430837,50
13734,430887,50
13735,430937,50
13736,430987,50
13737,431037,50
13738,431087,50
13739,431137,50
13740,431187,50
13741,431237,50
13742,431287,50
13743,431337,50
13744,431387,50
13745,431437,50
13746,431487,50
13747,431537,50
13748,431587,50
13749,431637,50
13750,431687,50
13751,431737,50
13752,431787,50
13753,431837,50
13754,431887,50
13755,431937,50
13756,431987,50
13757,432037,50
13758,432087,50
13759,432137,50
13760,432187,50
13761,432237,50
13762,432287,50
13763,432337,50
13764,432387,50
13765,432437,50
13766,432487,50
13767,432537,50
13768,432587,50
13769,432637,50
13770,432687,50
13771,432737,50
13772,432787,50
13773,432837,50
13774,432887,50
13775,432937,50
13776,432987,50
13777,433037,50
13778,433087,50
13779,433137,50
13780,433187,50
13781,433237,50
13782,433287,50
13783,433337,50
13784,433387,50
13785,433437,50
13786,433487,50
13787,433537,50
13788,433587,50
13789,433637,50
13790,433687,50
13791,433737,50
13792,433787,50
13793,433837,50
13794,433887,50
13795,433937,50
13796,433987,50
13797,434037,50
13798,434087,50
13799,434137,50
13800,434187,50
13801,434237,50
13802,434287,50
13803,434337,50
13804,434387,50
13805,434437,50
13806,434487,50
13807,434537,50
13808,434587,50
13809,434637,50
13810,434687,50
13811,434737,50
13812,434787,50
13813,434837,50
13814,434887,50
13815,434937,50
13816,434987,50
13817,435037,50
13818,435087,50
13819,435137,50
13820,435187,50
13821,435237,50
13822,435287,50
13823,435337,50
13824,435387,50
13825,435437,50
13826,435487,50
13827,435537,50
13828,435587,50
13829,435637,50
13830,435687,50
13831,435737,50
13832,435787,50
13833,435837,50
13834,435887,50
13835,435937,50
13836,435987,50
13837,436037,50
13838,436087,50
13839,436137,50
13840,436187,50
13841,436237,50
13842,436287,50
13843,436337,50
13844,436387,50
13845,436437,50
13846,436487,50
13847,436537,50
13848,436587,50
13849,436637,50
13850,436687,50
13851,436737,50
13852,436787,50
13853,436837,50
13854,436887,50
13855,436937,50
13856,436987,50
13857,437037,50
13858,437087,50
13859,437137,50
13860,437187,50
13861,437237,50
13862,437287,50
13863,437337,50
13864,437387,50
13865,437437,50
13866,437487,50
13867,437537,50
13868,437587,50
13869,437637,50
13870,437687,50
13871,437737,50
13872,437787,50
13873,437837,50
13874,437887,50
13875,437937,50
13876,437987,50
13877,438037,50
13878,438087,50
13879,438137,50
13880,438187,50
13881,438237,50
13882,438287,50
13883,438337,50
13884,438387,50
13885,438437,50
13886,438487,50
13887,438537,50
13888,438587,50
13889,438637,50
13890,438687,50
13891,438737,50
13892,438787,50
13893,438837,50
13894,438887,50
13895,438937,50
13896,438987,50
13897,439037,50
13898,439087,50
13899,439137,50
13900,439187,50
13901,439237,50
13902,439287,50
13903,439337,50
13904,439387,50
13905,439437,50
13906,439487,50
13907,439537,50
13908,439587,50
13909,439637,50
13910,439687,50
13911,439737,50
13912,439787,50
13913,439837,50
13914,439887,50
13915,439937,50
13916,439987,50
13917,440037,50
13918,440087,50
13919,440137,50
13920,440187,50
13921,440237,50
13922,440287,50
13923,440337,50
13924,440387,50
13925,440437,50
13926,440487,50
13927,440537,50
13928,440587,50
13929,440637,50
13930,440687,50
13931,440737,50
13932,440787,50
13933,440837,50
13934,440887,50
13935,440937,50
13936,440987,50
13937,441037,50
13938,441087,50
13939,441137,50
13940,441187,50
13941,441237,50
13942,441287,50
13943,441337,50
13944,441387,50
13945,441437,50
13946,441487,50
13947,441537,50
13948,441587,50
13949,441637,50
13950,441687,50
13951,441737,50
13952,441787,50
13953,441837,50
13954,441887,50
13955,441937,50
13956,441987,50
13957,442037,50
13958,442087,50
13959,442137,50
13960,442187,50
13961,442237,50
13962,442287,50
13963,442337,50
13964,442387,50
13965,442437,50
13966,442487,50
13967,442537,50
13968,442587,50
13969,442637,50
13970,442687,50
13971,442737,50
13972,442787,50
13973,442837,50
13974,442887,50
13975,442937,50
13976,442987,50
13977,443037,50
13978,443087,50
13979,443137,50
13980,443187,50
13981,443237,50
13982,443287,50
13983,443337,50
13984,443387,50
13985,443437,50
13986,443487,50
13987,443537,50
13988,443587,50
13989,443637,50
13990,443687,50
13991,443737,50
13992,443787,50
13993,443837,50
13994,443887,50
13995,443937,50
13996,443987,50
13997,444037,50
13998,444087,50
13999,444137,50
14000,444187,50
14001,444237,50
14002,444287,50
14003,444337,50
14004,444387,50
14005,444437,50
14006,444487,50
14007,444537,50
14008,444587,50
14009,444637,50
14010,444687,50
14011,444737,50
14012,444787,50
14013,444837,50
14014,444887,50
14015,444937,50
14016,444987,50
14017,445037,50
14018,445087,50
14019,445137,50
14020,445187,50
14021,445237,50
14022,445287,50
14023,445337,50
14024,445387,50
14025,445437,50
14026,445487,50
14027,445537,50
14028,445587,50
14029,445637,50
14030,445687,50
14031,445737,50
14032,445787,50
14033,445837,50
14034,445887,50
14035,445937,50
14036,445987,50
14037,446037,50
14038,446087,50
14039,446137,50
14040,446187,50
14041,446237,50
14042,446287,50
14043,446337,50
14044,446387,50
14045,446437,50
14046,446487,50
14047,446537,50
14048,446587,50
14049,446637,50
14050,446687,50
14051,446737,50
14052,446787,50
14053,446837,50
14054,446887,50
14055,446937,50
14056,446987,50
14057,447037,50
14058,447087,50
14059,447137,50
14060,447187,50
14061,447237,50
14062,447287,50
14063,447337,50
14064,447387,50
14065,447437,50
14066,447487,50
14067,447537,50
14068,447587,50
14069,447637,50
14070,447687,50
14071,447737,50
14072,447787,50
14073,447837,50
14074,447887,50
14075,447937,50
14076,447987,50
14077,448037,50
14078,448087,50
14079,448137,50
14080,448187,50
14081,448237,50
14082,448287,50
14083,448337,50
14084,448387,50
14085,448437,50
14086,448487,50
14087,448537,50
14088,448587,50
14089,448637,50
14090,448687,50
14091,448737,50
14092,448787,50
14093,448837,50
14094,448887,50
14095,448937,50
14096,448987,50
14097,449037,50
14098,449087,50
14099,449137,50
14100,449187,50
14101,449237,50
14102,449287,50
14103,449337,50
14104,449387,50
14105,449437,50
14106,449487,50
14107,449537,50
14108,449587,50
14109,449637,50
14110,449687,50
14111,449737,50
14112,449787,50
14113,449837,50
14114,449887,50
14115,449937,50
14116,449987,50
14117,450037,50
14118,450087,50
14119,450137,50
14120,450187,50
14121,450237,50
14122,450287,50
14123,450337,50
14124,450387,50
14125,450437,50
14126,450487,50
14127,450537,50
14128,450587,50
14129,450637,50
14130,450687,50
14131,450737,50
14132,450787,50
14133,450837,50
14134,450887,50
14135,450937,50
14136,450987,50
14137,451037,50
14138,451087,50
14139,451137,50
14140,451187,50
14141,451237,50
14142,451287,50
14143,451337,50
14144,451387,50
14145,451437,50
14146,451487,50
14147,451537,50
14148,451587,50
14149,451637,50
14150,451687,50
14151,451737,50
14152,451787,50
14153,451837,50
14154,451887,50
14155,451937,50
14156,451987,50
14157,452037,50
14158,452087,50
14159,452137,50
14160,452187,50
14161,452237,50
14162,452287,50
14163,452337,50
14164,452387,50
14165,452437,50
14166,452487,50
14167,452537,50
14168,452587,50
14169,452637,50
14170,452687,50
14171,452737,50
14172,452787,50
14173,452837,50
14174,452887,50
14175,452937,50
14176,452987,50
14177,453037,50
14178,453087,50
14179,453137,50
14180,453187,50
14181,453237,50
14182,453287,50
14183,453337,50
14184,453387,50
14185,453437,50
14186,453487,50
14187,453537,50
14188,453587,50
14189,453637,50
14190,453687,50
14191,453737,50
14192,453787,50
14193,453837,50
14194,453887,50
14195,453937,50
14196,453987,50
14197,454037,50
14198,454087,50
14199,454137,50
14200,454187,50
14201,454237,50
14202,454287,50
14203,454337,50
14204,454387,50
14205,454437,50
14206,454487,50
14207,454537,50
14208,454587,50
14209,454637,50
14210,454687,50
14211,454737,50
14212,454787,50
14213,454837,50
14214,454887,50
14215,454937,50
14216,454987,50
14217,455037,50
14218,455087,50
14219,455137,50
14220,455187,50
14221,455237,50
14222,455287,50
14223,455337,50
14224,455387,50
14225,455437,50
14226,455487,50
14227,455537,50
14228,455587,50
14229,455637,50
14230,455687,50
14231,455737,50
14232,455787,50
14233,455837,50
14234,455887,50
14235,455937,50
14236,455987,50
14237,456037,50
14238,456087,50
14239,456137,50
14240,456187,50
14241,456237,50
14242,456287,50
14243,456337,50
14244,456387,50
14245,456437,50
14246,456487,50
14247,456537,50
14248,456587,50
14249,456637,50
14250,456687,50
14251,456737,50
14252,456787,50
14253,456837,50
14254,456887,50
14255,456937,50
14256,456987,50
14257,457037,50
14258,457087,50
14259,457137,50
14260,457187,50
14261,457237,50
14262,457287,50
14263,457337,50
14264,457387,50
14265,457437,50
14266,457487,50
14267,457537,50
14268,457587,50
14269,457637,50
14270,457687,50
14271,457737,50
14272,457787,50
14273,457837,50
14274,457887,50
14275,457937,50
14276,457987,50
14277,458037,50
14278,458087,50
14279,458137,50
14280,458187,50
14281,458237,50
14282,458287,50
14283,458337,50
14284,458387,50
14285,458437,50
14286,458487,50
14287,458537,50
14288,458587,50
14289,458637,50
14290,458687,50
14291,458737,50
14292,458787,50
14293,458837,50
14294,458887,50
14295,458937,50
14296,458987,50
14297,459037,50
14298,459087,50
14299,459137,50
14300,459187,50
14301,459237,50
14302,459287,50
14303,459337,50
14304,459387,50
14305,459437,50
14306,459487,50
14307,459537,50
14308,459587,50
14309,459637,50
14310,459687,50
14311,459737,50
14312,459787,50
14313,459837,50
14314,459887,50
14315,459937,50
14316,459987,50
14317,460037,50
14318,460087,50
14319,460137,50
14320,460187,50
14321,460237,50
14322,460287,50
14323,460337,50
14324,460387,50
14325,460437,50
14326,460487,50
14327,460537,50
14328,460587,50
14329,460637,50
14330,460687,50
14331,460737,50
14332,460787,50
14333,460837,50
14334,460887,50
14335,460937,50
14336,460987,50
14337,461037,50
14338,461087,50
14339,461137,50
14340,461187,50
14341,461237,50
14342,461287,50
14343,461337,50
14344,461387,50
14345,461437,50
14346,461487,50
14347,461537,50
14348,461587,50
14349,461637,50
14350,461687,50
14351,461737,50
14352,461787,50
14353,461837,50
14354,461887,50
14355,461937,50
14356,461987,50
14357,462037,50
14358,462087,50
14359,462137,50
14360,462187,50
14361,462237,50
14362,462287,50
14363,462337,50
14364,462387,50
14365,462437,50
14366,462487,50
14367,462537,50
14368,462587,50
14369,462637,50
14370,462687,50
14371,462737,50
14372,462787,50
14373,462837,50
14374,462887,50
14375,462937,50
14376,462987,50
14377,463037,50
14378,463087,50
14379,463137,50
14380,463187,50
14381,463237,50
14382,463287,50
14383,463337,50
14384,463387,50
14385,463437,50
14386,463487,50
14387,463537,50
14388,463587,50
14389,463637,50
14390,463687,50
14391,463737,50
14392,463787,50
14393,463837,50
14394,463887,50
14395,463937,50
14396,463987,50
14397,464037,50
14398,464087,50
14399,464137,50
14400,464187,50
14401,464237,50
14402,464287,50
14403,464337,50
14404,464387,50
14405,464437,50
14406,464487,50
14407,464537,50
14408,464587,50
14409,464637,50
14410,464687,50
14411,464737,50
14412,464787,50
14413,464837,50
14414,464887,50
14415,464937,50
14416,464987,50
14417,465037,50
14418,465087,50
14419,465137,50
14420,465187,50
14421,465237,50
14422,465287,50
14423,465337,50
14424,465387,50
14425,465437,50
14426,465487,50
14427,465537,50
14428,465587,50
14429,465637,50
14430,465687,50
14431,465737,50
14432,465787,50
14433,465837,50
14434,465887,50
14435,465937,50
14436,465987,50
14437,466037,50
14438,466087,50
14439,466137,50
14440,466187,50
14441,466237,50
14442,466287,50
14443,466337,50
14444,466387,50
14445,466437,50
14446,466487,50
14447,466537,50
14448,466587,50
14449,466637,50
14450,466687,50
14451,466737,50
14452,466787,50
14453,466837,50
14454,466887,50
14455,466937,50
14456,466987,50
14457,467037,50
14458,467087,50
14459,467137,50
14460,467187,50
14461,467237,50
14462,467287,50
14463,467337,50
14464,467387,50
14465,467437,50
14466,467487,50
14467,467537,50
14468,467587,50
14469,467637,50
14470,467687,50
14471,467737,50
14472,467787,50
14473,467837,50
14474,467887,50
14475,467937,50
14476,467987,50
14477,468037,50
14478,468087,50
14479,468137,50
14480,468187,50
14481,468237,50
14482,468287,50
14483,468337,50
14484,468387,50
14485,468437,50
14486,468487,50
14487,468537,50
14488,468587,50
14489,468637,50
14490,468687,50
14491,468737,50
14492,468787,50
14493,468837,50
14494,468887,50
14495,468937,50
14496,468987,50
14497,469037,50
14498,469087,50
14499,469137,50
14500,469187,50
14501,469237,50
14502,469287,50
14503,469337,50
14504,469387,50
14505,469437,50
14506,469487,50
14507,469537,50
14508,469587,50
14509,469637,50
14510,469687,50
14511,469737,50
14512,469787,50
14513,469837,50
14514,469887,50
14515,469937,50
14516,469987,50
14517,470037,50
14518,470087,50
14519,470137,50
14520,470187,50
14521,470237,50
14522,470287,50
14523,470337,50
14524,470387,50
14525,470437,50
14526,470487,50
14527,470537,50
14528,470587,50
14529,470637,50
14530,470687,50
14531,470737,50
14532,470787,50
14533,470837,50
14534,470887,50
14535,470937,50
14536,470987,50
14537,471037,50
14538,471087,50
14539,471137,50
14540,471187,50
14541,471237,50
14542,471287,50
14543,471337,50
14544,471387,50
14545,471437,50
14546,471487,50
14547,471537,50
14548,471587,50
14549,471637,50
14550,471687,50
14551,471737,50
14552,471787,50
14553,471837,50
14554,471887,50
14555,471937,50
14556,471987,50
14557,472037,50
14558,472087,50
14559,472137,50
14560,472187,50
14561,472237,50
14562,472287,50
14563,472337,50
14564,472387,50
14565,472437,50
14566,472487,50
14567,472537,50
14568,472587,50
14569,472637,50
14570,472687,50
14571,472737,50
14572,472787,50
14573,472837,50
14574,472887,50
14575,472937,50
14576,472987,50
14577,473037,50
14578,473087,50
14579,473137,50
14580,473187,50
14581,473237,50
14582,473287,50
14583,473337,50
14584,473387,50
14585,473437,50
14586,473487,50
14587,473537,50
14588,473587,50
14589,473637,50
14590,473687,50
14591,473737,50
14592,473787,50
14593,473837,50
14594,473887,50
14595,473937,50
14596,473987,50
14597,474037,50
14598,474087,50
14599,474137,50
14600,474187,50
14601,474237,50
14602,474287,50
14603,474337,50
14604,474387,50
14605,474437,50
14606,474487,50
14607,474537,50
14608,474587,50
14609,474637,50
14610,474687,50
14611,474737,50
14612,474787,50
14613,474837,50
14614,474887,50
14615,474937,50
14616,474987,50
14617,475037,50
14618,475087,50
14619,475137,50
14620,475187,50
14621,475237,50
14622,475287,50
14623,475337,50
14624,475387,50
14625,475437,50
14626,475487,50
14627,475537,50
14628,475587,50
14629,475637,50
14630,475687,50
14631,475737,50
14632,475787,50
14633,475837,50
14634,475887,50
14635,475937,50
14636,475987,50
14637,476037,50
14638,476087,50
14639,476137,50
14640,476187,50
14641,476237,50
14642,476287,50
14643,476337,50
14644,476387,50
14645,476437,50
14646,476487,50
14647,476537,50
14648,476587,50
14649,476637,50
14650,476687,50
14651,476737,50
14652,476787,50
14653,476837,50
14654,476887,50
14655,476937,50
14656,476987,50
14657,477037,50
14658,477087,50
14659,477137,50
14660,477187,50
14661,477237,50
14662,477287,50
14663,477337,50
14664,477387,50
14665,477437,50
14666,477487,50
14667,477537,50
14668,477587,50
14669,477637,50
14670,477687,50
14671,477737,50
14672,477787,50
14673,477837,50
14674,477887,50
14675,477937,50
14676,477987,50
14677,478037,50
14678,478087,50
14679,478137,50
14680,478187,50
14681,478237,50
14682,478287,50
14683,478337,50
14684,478387,50
14685,478437,50
14686,478487,50
14687,478537,50
14688,478587,50
14689,478637,50
14690,478687,50
14691,478737,50
14692,478787,50
14693,478837,50
14694,478887,50
14695,478937,50
14696,478987,50
14697,479037,50
14698,479087,50
14699,479137,50
14700,479187,50
14701,479237,50
14702,479287,50
14703,479337,50
14704,479387,50
14705,479437,50
14706,479487,50
14707,479537,50
14708,479587,50
14709,479637,50
14710,479687,50
14711,479737,50
14712,479787,50
14713,479837,50
14714,479887,50
14715,479937,50
14716,479987,50
14717,480037,50
14718,480087,50
14719,480137,50
14720,480187,50
14721,480237,50
14722,480287,50
14723,480337,50
14724,480387,50
14725,480437,50
14726,480487,50
14727,480537,50
14728,480587,50
14729,480637,50
14730,480687,50
14731,480737,50
14732,480787,50
14733,480837,50
14734,480887,50
14735,480937,50
14736,480987,50
14737,481037,50
14738,481087,50
14739,481137,50
14740,481187,50
14741,481237,50
14742,481287,50
14743,481337,50
14744,481387,50
14745,481437,50
14746,481487,50
14747,481537,50
14748,481587,50
14749,481637,50
14750,481687,50
14751,481737,50
14752,481787,50
14753,481837,50
14754,481887,50
14755,481937,50
14756,481987,50
14757,482037,50
14758,482087,50
14759,482137,50
14760,482187,50
14761,482237,50
14762,482287,50
14763,482337,50
14764,482387,50
14765,482437,50
14766,482487,50
14767,482537,50
14768,482587,50
14769,482637,50
14770,482687,50
14771,482737,50
14772,482787,50
14773,482837,50
14774,482887,50
14775,482937,50
14776,482987,50
14777,483037,50
14778,483087,50
14779,483137,50
14780,483187,50
14781,483237,50
14782,483287,50
14783,483337,50
14784,483387,50
14785,483437,50
14786,483487,50
14787,483537,50
14788,483587,50
14789,483637,50
14790,483687,50
14791,483737,50
14792,483787,50
14793,483837,50
14794,483887,50
14795,483937,50
14796,483987,50
14797,484037,50
14798,484087,50
14799,484137,50
14800,484187,50
14801,484237,50
14802,484287,50
14803,484337,50
14804,484387,50
14805,484437,50
14806,484487,50
14807,484537,50
14808,484587,50
14809,484637,50
14810,484687,50
14811,484737,50
14812,484787,50
14813,484837,50
14814,484887,50
14815,484937,50
14816,484987,50
14817,485037,50
14818,485087,50
14819,485137,50
14820,485187,50
14821,485237,50
14822,485287,50
14823,485337,50
14824,485387,50
14825,485437,50
14826,485487,50
14827,485537,50
14828,485587,50
14829,485637,50
14830,485687,50
14831,485737,50
14832,485787,50
14833,485837,50
14834,485887,50
14835,485937,50
14836,485987,50
14837,486037,50
14838,486087,50
14839,486137,50
14840,486187,50
14841,486237,50
14842,486287,50
14843,486337,50
14844,486387,50
14845,486437,50
14846,486487,50
14847,486537,50
14848,486587,50
14849,486637,50
14850,486687,50
14851,486737,50
14852,486787,50
14853,486837,50
14854,486887,50
14855,486937,50
14856,486987,50
14857,487037,50
14858,487087,50
14859,487137,50
14860,487187,50
14861,487237,50
14862,487287,50
14863,487337,50
14864,487387,50
14865,487437,50
14866,487487,50
14867,487537,50
14868,487587,50
14869,487637,50
14870,487687,50
14871,487737,50
14872,487787,50
14873,487837,50
14874,487887,50
14875,487937,50
14876,487987,50
14877,488037,50
14878,488087,50
14879,488137,50
14880,488187,50
14881,488237,50
14882,488287,50
14883,488337,50
14884,488387,50
14885,488437,50
14886,488487,50
14887,488537,50
14888,488587,50
14889,488637,50
14890,488687,50
14891,488737,50
14892,488787,50
14893,488837,50
14894,488887,50
14895,488937,50
14896,488987,50
14897,489037,50
14898,489087,50
14899,489137,50
14900,489187,50
14901,489237,50
14902,489287,50
14903,489337,50
14904,489387,50
14905,489437,50
14906,489487,50
14907,489537,50
14908,489587,50
14909,489637,50
14910,489687,50
14911,489737,50
14912,489787,50
14913,489837,50
14914,489887,50
14915,489937,50
14916,489987,50
14917,490037,50
14918,490087,50
14919,490137,50
14920,490187,50
14921,490237,50
14922,490287,50
14923,490337,50
14924,490387,50
14925,490437,50
14926,490487,50
14927,490537,50
14928,490587,50
14929,490637,50
14930,490687,50
14931,490737,50
14932,490787,50
14933,490837,50
14934,490887,50
14935,490937,50
14936,490987,50
14937,491037,50
14938,491087,50
14939,491137,50
14940,491187,50
14941,491237,50
14942,491287,50
14943,491337,50
14944,491387,50
14945,491437,50
14946,491487,50
14947,491537,50
14948,491587,50
14949,491637,50
14950,491687,50
14951,491737,50
14952,491787,50
14953,491837,50
14954,491887,50
14955,491937,50
14956,491987,50
14957,492037,50
14958,492087,50
14959,492137,50
14960,492187,50
14961,492237,50
14962,492287,50
14963,492337,50
14964,492387,50
14965,492437,50
14966,492487,50
14967,492537,50
14968,492587,50
14969,492637,50
14970,492687,50
14971,492737,50
14972,492787,50
14973,492837,50
14974,492887,50
14975,492937,50
14976,492987,50
14977,493037,50
14978,493087,50
14979,493137,50
14980,493187,50
14981,493237,50
14982,493287,50
14983,493337,50
14984,493387,50
14985,493437,50
14986,493487,50
14987,493537,50
14988,493587,50
14989,493637,50
14990,493687,50
14991,493737,50
14992,493787,50
14993,493837,50
14994,493887,50
14995,493937,50
14996,493987,50
14997,494037,50
14998,494087,50
14999,494137,50
15000,494187,50
15001,494237,50
15002,494287,50
15003,494337,50
15004,494387,50
15005,494437,50
15006,494487,50
15007,494537,50
15008,494587,50
15009,494637,50
15010,494687,50
15011,494737,50
15012,494787,50
15013,494837,50
15014,494887,50
15015,494937,50
15016,494987,50
15017,495037,50
15018,495087,50
15019,495137,50
15020,495187,50
15021,495237,50
15022,495287,50
15023,495337,50
15024,495387,50
15025,495437,50
15026,495487,50
15027,495537,50
15028,495587,50
15029,495637,50
15030,495687,50
15031,495737,50
15032,495787,50
15033,495837,50
15034,495887,50
15035,495937,50
15036,495987,50
15037,496037,50
15038,496087,50
15039,496137,50
15040,496187,50
15041,496237,50
15042,496287,50
15043,496337,50
15044,496387,50
15045,496437,50
15046,496487,50
15047,496537,50
15048,496587,50
15049,496637,50
15050,496687,50
15051,496737,50
15052,496787,50
15053,496837,50
15054,496887,50
15055,496937,50
15056,496987,50
15057,497037,50
15058,497087,50
15059,497137,50
15060,497187,50
15061,497237,50
15062,497287,50
15063,497337,50
15064,497387,50
15065,497437,50
15066,497487,50
15067,497537,50
15068,497587,50
15069,497637,50
15070,497687,50
15071,497737,50
15072,497787,50
15073,497837,50
15074,497887,50
15075,497937,50
15076,497987,50
15077,498037,50
15078,498087,50
15079,498137,50
15080,498187,50
15081,498237,50
15082,498287,50
15083,498337,50
15084,498387,50
15085,498437,50
15086,498487,50
15087,498537,50
15088,498587,50
15089,498637,50
15090,498687,50
15091,498737,50
15092,498787,50
15093,498837,50
15094,498887,50
15095,498937,50
15096,498987,50
15097,499037,50
15098,499087,50
15099,499137,50
15100,499187,50
15101,499237,50
15102,499287,50
15103,499337,50
15104,499387,50
15105,499437,50
15106,499487,50
15107,499537,50
15108,499587,50
15109,499637,50
15110,499687,50
15111,499737,50
15112,499787,50
15113,499837,50
15114,499887,50
15115,499937,50
15116,499987,50
15117,500037,50
15118,500087,50
15119,500137,50
15120,500187,50
15121,500237,50
15122,500287,50
15123,500337,50
15124,500387,50
15125,500437,50
15126,500487,50
15127,500537,50
15128,500587,50
15129,500637,50
15130,500687,50
15131,500737,50
15132,500787,50
15133,500837,50
15134,500887,50
15135,500937,50
15136,500987,50
15137,501037,50
15138,501087,50
15139,501137,50
15140,501187,50
15141,501237,50
15142,501287,50
15143,501337,50
15144,501387,50
15145,501437,50
15146,501487,50
15147,501537,50
15148,501587,50
15149,501637,50
15150,501687,50
15151,501737,50
15152,501787,50
15153,501837,50
15154,501887,50
15155,501937,50
15156,501987,50
15157,502037,50
15158,502087,50
15159,502137,50
15160,502187,50
15161,502237,50
15162,502287,50
15163,502337,50
15164,502387,50
15165,502437,50
15166,502487,50
15167,502537,50
15168,502587,50
15169,502637,50
15170,502687,50
15171,502737,50
15172,502787,50
15173,502837,50
15174,502887,50
15175,502937,50
15176,502987,50
15177,503037,50
15178,503087,50
15179,503137,50
15180,503187,50
15181,503237,50
15182,503287,50
15183,503337,50
15184,503387,50
15185,503437,50
15186,503487,50
15187,503537,50
15188,503587,50
15189,503637,50
15190,503687,50
15191,503737,50
15192,503787,50
15193,503837,50
15194,503887,50
15195,503937,50
15196,503987,50
15197,504037,50
15198,504087,50
15199,504137,50
15200,504187,50
15201,504237,50
15202,504287,50
15203,504337,50
15204,504387,50
15205,504437,50
15206,504487,50
15207,504537,50
15208,504587,50
15209,504637,50
15210,504687,50
15211,504737,50
15212,504787,50
15213,504837,50
15214,504887,50
15215,504937,50
15216,504987,50
15217,505037,50
15218,505087,50
15219,505137,50
15220,505187,50
15221,505237,50
15222,505287,50
15223,505337,50
15224,505387,50
15225,505437,50
15226,505487,50
15227,505537,50
15228,505587,50
15229,505637,50
15230,505687,50
15231,505737,50
15232,505787,50
15233,505837,50
15234,505887,50
15235,505937,50
15236,505987,50
15237,506037,50
15238,506087,50
15239,506137,50
15240,506187,50
15241,506237,50
15242,506287,50
15243,506337,50
15244,506387,50
15245,506437,50
15246,506487,50
15247,506537,50
15248,506587,50
15249,506637,50
15250,506687,50
15251,506737,50
15252,506787,50
15253,506837,50
15254,506887,50
15255,506937,50
15256,506987,50
15257,507037,50
15258,507087,50
15259,507137,50
15260,507187,50
15261,507237,50
15262,507287,50
15263,507337,50
15264,507387,50
15265,507437,50
15266,507487,50
15267,507537,50
15268,507587,50
15269,507637,50
15270,507687,50
