29552,111,50
29553,161,50
29554,211,50
29555,261,50
29556,311,50
29557,361,50
29558,411,50
29559,461,50
29560,511,50
29561,561,50
29562,611,50
29563,661,50
29564,711,50
29565,761,50
29566,811,50
29567,861,50
29568,911,50
29569,961,50
29570,1011,50
29571,1061,50
29572,1111,50
29573,1161,50
29574,1211,50
29575,1261,50
29576,1311,50
29577,1361,50
29578,1411,50
29579,1461,50
29580,1511,50
29581,1561,50
29582,1611,50
29583,1661,50
29584,1711,50
29585,1761,50
29586,1811,50
29587,1861,50
29588,1911,50
29589,1961,50
29590,2011,50
29591,2061,50
29592,2111,50
29593,2161,50
29594,2211,50
29595,2261,50
29596,2311,50
29597,2361,50
29598,2411,50
29599,2461,50
29600,2511,50
29601,2561,50
29602,2611,50
29603,2661,50
29604,2711,50
29605,2761,50
29606,2811,50
29607,2861,50
29608,2911,50
29609,2961,50
29610,3011,50
29611,3061,50
29612,3111,50
29613,3161,50
29614,3211,50
29615,3261,50
29616,3311,50
29617,3361,50
29618,3411,50
29619,3461,50
29620,3511,50
29621,3561,50
29622,3611,50
29623,3661,50
29624,3711,50
29625,3761,50
29626,3811,50
29627,3861,50
29628,3911,50
29629,3961,50
29630,4011,50
29631,4061,50
29632,4111,50
29633,4161,50
29634,4211,50
29635,4261,50
29636,4311,50
29637,4361,50
29638,4411,50
29639,4461,50
29640,4511,50
29641,4561,50
29642,4611,50
29643,4661,50
29644,4711,50
29645,4761,50
29646,4811,50
29647,4861,50
29648,4911,50
29649,4961,50
29650,5011,50
29651,5061,50
29652,5111,50
29653,5161,50
29654,5211,50
29655,5261,50
29656,5311,50
29657,5361,50
29658,5411,50
29659,5461,50
29660,5511,50
29661,5561,50
29662,5611,50
29663,5661,50
29664,5711,50
29665,5761,50
29666,5811,50
29667,5861,50
29668,5911,50
29669,5961,50
29670,6011,50
29671,6061,50
29672,6111,50
29673,6161,50
29674,6211,50
29675,6261,50
29676,6311,50
29677,6361,50
29678,6411,50
29679,6461,50
29680,6511,50
29681,6561,50
29682,6611,50
29683,6661,50
29684,6711,50
29685,6761,50
29686,6811,50
29687,6861,50
29688,6911,50
29689,6961,50
29690,7011,50
29691,7061,50
29692,7111,50
29693,7161,50
29694,7211,50
29695,7261,50
29696,7311,50
29697,7361,50
29698,7411,50
29699,7461,50
29700,7511,50
29701,7561,50
29702,7611,50
29703,7661,50
29704,7711,50
29705,7761,50
29706,7811,50
29707,7861,50
29708,7911,50
29709,7961,50
29710,8011,50
29711,8061,50
29712,8111,50
29713,8161,50
29714,8211,50
29715,8261,50
29716,8311,50
29717,8361,50
29718,8411,50
29719,8461,50
29720,8511,50
29721,8561,50
29722,8611,50
29723,8661,50
29724,8711,50
29725,8761,50
29726,8811,50
29727,8861,50
29728,8911,50
29729,8961,50
29730,9011,50
29731,9061,50
29732,9111,50
29733,9161,50
29734,9211,50
29735,9261,50
29736,9311,50
29737,9361,50
29738,9411,50
29739,9461,50
29740,9511,50
29741,9561,50
29742,9611,50
29743,9661,50
29744,9711,50
29745,9761,50
29746,9811,50
29747,9861,50
29748,9911,50
29749,9961,50
29750,10011,50
29751,10061,50
29752,10111,50
29753,10161,50
29754,10211,50
29755,10261,50
29756,10311,50
29757,10361,50
29758,10411,50
29759,10461,50
29760,10511,50
29761,10561,50
29762,10611,50
29763,10661,50
29764,10711,50
29765,10761,50
29766,10811,50
29767,10861,50
29768,10911,50
29769,10961,50
29770,11011,50
29771,11061,50
29772,11111,50
29773,11161,50
29774,11211,50
29775,11261,50
29776,11311,50
29777,11361,50
29778,11411,50
29779,11461,50
29780,11511,50
29781,11561,50
29782,11611,50
29783,11661,50
29784,11711,50
29785,11761,50
29786,11811,50
29787,11861,50
29788,11911,50
29789,11961,50
29790,12011,50
29791,12061,50
29792,12111,50
29793,12161,50
29794,12211,50
29795,12261,50
29796,12311,50
29797,12361,50
29798,12411,50
29799,12461,50
29800,12511,50
29801,12561,50
29802,12611,50
29803,12661,50
29804,12711,50
29805,12761,50
29806,12811,50
29807,12861,50
29808,12911,50
29809,12961,50
29810,13011,50
29811,13061,50
29812,13111,50
29813,13161,50
29814,13211,50
29815,13261,50
29816,13311,50
29817,13361,50
29818,13411,50
29819,13461,50
29820,13511,50
29821,13561,50
29822,13611,50
29823,13661,50
29824,13711,50
29825,13761,50
29826,13811,50
29827,13861,50
29828,13911,50
29829,13961,50
29830,14011,50
29831,14061,50
29832,14111,50
29833,14161,50
29834,14211,50
29835,14261,50
29836,14311,50
29837,14361,50
29838,14411,50
29839,14461,50
29840,14511,50
29841,14561,50
29842,14611,50
29843,14661,50
29844,14711,50
29845,14761,50
29846,14811,50
29847,14861,50
29848,14911,50
29849,14961,50
29850,15011,50
29851,15061,50
29852,15111,50
29853,15161,50
29854,15211,50
29855,15261,50
29856,15311,50
29857,15361,50
29858,15411,50
29859,15461,50
29860,15511,50
29861,15561,50
29862,15611,50
29863,15661,50
29864,15711,50
29865,15761,50
29866,15811,50
29867,15861,50
29868,15911,50
29869,15961,50
29870,16011,50
29871,16061,50
29872,16111,50
29873,16161,50
29874,16211,50
29875,16261,50
29876,16311,50
29877,16361,50
29878,16411,50
29879,16461,50
29880,16511,50
29881,16561,50
29882,16611,50
29883,16661,50
29884,16711,50
29885,16761,50
29886,16811,50
29887,16861,50
29888,16911,50
29889,16961,50
29890,17011,50
29891,17061,50
29892,17111,50
29893,17161,50
29894,17211,50
29895,17261,50
29896,17311,50
29897,17361,50
29898,17411,50
29899,17461,50
29900,17511,50
29901,17561,50
29902,17611,50
29903,17661,50
29904,17711,50
29905,17761,50
29906,17811,50
29907,17861,50
29908,17911,50
29909,17961,50
29910,18011,50
29911,18061,50
29912,18111,50
29913,18161,50
29914,18211,50
29915,18261,50
29916,18311,50
29917,18361,50
29918,18411,50
29919,18461,50
29920,18511,50
29921,18561,50
29922,18611,50
29923,18661,50
29924,18711,50
29925,18761,50
29926,18811,50
29927,18861,50
29928,18911,50
29929,18961,50
29930,19011,50
29931,19061,50
29932,19111,50
29933,19161,50
29934,19211,50
29935,19261,50
29936,19311,50
29937,19361,50
29938,19411,50
29939,19461,50
29940,19511,50
29941,19561,50
29942,19611,50
29943,19661,50
29944,19711,50
29945,19761,50
29946,19811,50
29947,19861,50
29948,19911,50
29949,19961,50
29950,20011,50
29951,20061,50
29952,20111,50
29953,20161,50
29954,20211,50
29955,20261,50
29956,20311,50
29957,20361,50
29958,20411,50
29959,20461,50
29960,20511,50
29961,20561,50
29962,20611,50
29963,20661,50
29964,20711,50
29965,20761,50
29966,20811,50
29967,20861,50
29968,20911,50
29969,20961,50
29970,21011,50
29971,21061,50
29972,21111,50
29973,21161,50
29974,21211,50
29975,21261,50
29976,21311,50
29977,21361,50
29978,21411,50
29979,21461,50
29980,21511,50
29981,21561,50
29982,21611,50
29983,21661,50
29984,21711,50
29985,21761,50
29986,21811,50
29987,21861,50
29988,21911,50
29989,21961,50
29990,22011,50
29991,22061,50
29992,22111,50
29993,22161,50
29994,22211,50
29995,22261,50
29996,22311,50
29997,22361,50
29998,22411,50
29999,22461,50
30000,22511,50
30001,22561,50
30002,22611,50
30003,22661,50
30004,22711,50
30005,22761,50
30006,22811,50
30007,22861,50
30008,22911,50
30009,22961,50
30010,23011,50
30011,23061,50
30012,23111,50
30013,23161,50
30014,23211,50
30015,23261,50
30016,23311,50
30017,23361,50
30018,23411,50
30019,23461,50
30020,23511,50
30021,23561,50
30022,23611,50
30023,23661,50
30024,23711,50
30025,23761,50
30026,23811,50
30027,23861,50
30028,23911,50
30029,23961,50
30030,24011,50
30031,24061,50
30032,24111,50
30033,24161,50
30034,24211,50
30035,24261,50
30036,24311,50
30037,24361,50
30038,24411,50
30039,24461,50
30040,24511,50
30041,24561,50
30042,24611,50
30043,24661,50
30044,24711,50
30045,24761,50
30046,24811,50
30047,24861,50
30048,24911,50
30049,24961,50
30050,25011,50
30051,25061,50
30052,25111,50
30053,25161,50
30054,25211,50
30055,25261,50
30056,25311,50
30057,25361,50
30058,25411,50
30059,25461,50
30060,25511,50
30061,25561,50
30062,25611,50
30063,25661,50
30064,25711,50
30065,25761,50
30066,25811,50
30067,25861,50
30068,25911,50
30069,25961,50
30070,26011,50
30071,26061,50
30072,26111,50
30073,26161,50
30074,26211,50
30075,26261,50
30076,26311,50
30077,26361,50
30078,26411,50
30079,26461,50
30080,26511,50
30081,26561,50
30082,26611,50
30083,26661,50
30084,26711,50
30085,26761,50
30086,26811,50
30087,26861,50
30088,26911,50
30089,26961,50
30090,27011,50
30091,27061,50
30092,27111,50
30093,27161,50
30094,27211,50
30095,27261,50
30096,27311,50
30097,27361,50
30098,27411,50
30099,27461,50
30100,27511,50
30101,27561,50
30102,27611,50
30103,27661,50
30104,27711,50
30105,27761,50
30106,27811,50
30107,27861,50
30108,27911,50
30109,27961,50
30110,28011,50
30111,28061,50
30112,28111,50
30113,28161,50
30114,28211,50
30115,28261,50
30116,28311,50
30117,28361,50
30118,28411,50
30119,28461,50
30120,28511,50
30121,28561,50
30122,28611,50
30123,28661,50
30124,28711,50
30125,28761,50
30126,28811,50
30127,28861,50
30128,28911,50
30129,28961,50
30130,29011,50
30131,29061,50
30132,29111,50
30133,29161,50
30134,29211,50
30135,29261,50
30136,29311,50
30137,29361,50
30138,29411,50
30139,29461,50
30140,29511,50
30141,29561,50
30142,29611,50
30143,29661,50
30144,29711,50
30145,29761,50
30146,29811,50
30147,29861,50
30148,29911,50
30149,29961,50
30150,30011,50
30151,30061,50
30152,30111,50
30153,30161,50
30154,30211,50
30155,30261,50
30156,30311,50
30157,30361,50
30158,30411,50
30159,30461,50
30160,30511,50
30161,30561,50
30162,30611,50
30163,30661,50
30164,30711,50
30165,30761,50
30166,30811,50
30167,30861,50
30168,30911,50
30169,30961,50
30170,31011,50
30171,31061,50
30172,31111,50
30173,31161,50
30174,31211,50
30175,31261,50
30176,31311,50
30177,31361,50
30178,31411,50
30179,31461,50
30180,31511,50
30181,31561,50
30182,31611,50
30183,31661,50
30184,31711,50
30185,31761,50
30186,31811,50
30187,31861,50
30188,31911,50
30189,31961,50
30190,32011,50
30191,32061,50
30192,32111,50
30193,32161,50
30194,32211,50
30195,32261,50
30196,32311,50
30197,32361,50
30198,32411,50
30199,32461,50
30200,32511,50
30201,32561,50
30202,32611,50
30203,32661,50
30204,32711,50
30205,32761,50
30206,32811,50
30207,32861,50
30208,32911,50
30209,32961,50
30210,33011,50
30211,33061,50
30212,33111,50
30213,33161,50
30214,33211,50
30215,33261,50
30216,33311,50
30217,33361,50
30218,33411,50
30219,33461,50
30220,33511,50
30221,33561,50
30222,33611,50
30223,33661,50
30224,33711,50
30225,33761,50
30226,33811,50
30227,33861,50
30228,33911,50
30229,33961,50
30230,34011,50
30231,34061,50
30232,34111,50
30233,34161,50
30234,34211,50
30235,34261,50
30236,34311,50
30237,34361,50
30238,34411,50
30239,34461,50
30240,34511,50
30241,34561,50
30242,34611,50
30243,34661,50
30244,34711,50
30245,34761,50
30246,34811,50
30247,34861,50
30248,34911,50
30249,34961,50
30250,35011,50
30251,35061,50
30252,35111,50
30253,35161,50
30254,35211,50
30255,35261,50
30256,35311,50
30257,35361,50
30258,35411,50
30259,35461,50
30260,35511,50
30261,35561,50
30262,35611,50
30263,35661,50
30264,35711,50
30265,35761,50
30266,35811,50
30267,35861,50
30268,35911,50
30269,35961,50
30270,36011,50
30271,36061,50
30272,36111,50
30273,36161,50
30274,36211,50
30275,36261,50
30276,36311,50
30277,36361,50
30278,36411,50
30279,36461,50
30280,36511,50
30281,36561,50
30282,36611,50
30283,36661,50
30284,36711,50
30285,36761,50
30286,36811,50
30287,36861,50
30288,36911,50
30289,36961,50
30290,37011,50
30291,37061,50
30292,37111,50
30293,37161,50
30294,37211,50
30295,37261,50
30296,37311,50
30297,37361,50
30298,37411,50
30299,37461,50
30300,37511,50
30301,37561,50
30302,37611,50
30303,37661,50
30304,37711,50
30305,37761,50
30306,37811,50
30307,37861,50
30308,37911,50
30309,37961,50
30310,38011,50
30311,38061,50
30312,38111,50
30313,38161,50
30314,38211,50
30315,38261,50
30316,38311,50
30317,38361,50
30318,38411,50
30319,38461,50
30320,38511,50
30321,38561,50
30322,38611,50
30323,38661,50
30324,38711,50
30325,38761,50
30326,38811,50
30327,38861,50
30328,38911,50
30329,38961,50
30330,39011,50
30331,39061,50
30332,39111,50
30333,39161,50
30334,39211,50
30335,39261,50
30336,39311,50
30337,39361,50
30338,39411,50
30339,39461,50
30340,39511,50
30341,39561,50
30342,39611,50
30343,39661,50
30344,39711,50
30345,39761,50
30346,39811,50
30347,39861,50
30348,39911,50
30349,39961,50
30350,40011,50
30351,40061,50
30352,40111,50
30353,40161,50
30354,40211,50
30355,40261,50
30356,40311,50
30357,40361,50
30358,40411,50
30359,40461,50
30360,40511,50
30361,40561,50
30362,40611,50
30363,40661,50
30364,40711,50
30365,40761,50
30366,40811,50
30367,40861,50
30368,40911,50
30369,40961,50
30370,41011,50
30371,41061,50
30372,41111,50
30373,41161,50
30374,41211,50
30375,41261,50
30376,41311,50
30377,41361,50
30378,41411,50
30379,41461,50
30380,41511,50
30381,41561,50
30382,41611,50
30383,41661,50
30384,41711,50
30385,41761,50
30386,41811,50
30387,41861,50
30388,41911,50
30389,41961,50
30390,42011,50
30391,42061,50
30392,42111,50
30393,42161,50
30394,42211,50
30395,42261,50
30396,42311,50
30397,42361,50
30398,42411,50
30399,42461,50
30400,42511,50
30401,42561,50
30402,42611,50
30403,42661,50
30404,42711,50
30405,42761,50
30406,42811,50
30407,42861,50
30408,42911,50
30409,42961,50
30410,43011,50
30411,43061,50
30412,43111,50
30413,43161,50
30414,43211,50
30415,43261,50
30416,43311,50
30417,43361,50
30418,43411,50
30419,43461,50
30420,43511,50
30421,43561,50
30422,43611,50
30423,43661,50
30424,43711,50
30425,43761,51
30426,43812,50
30427,43862,50
30428,43912,50
30429,43962,50
30430,44012,50
30431,44062,50
30432,44112,50
30433,44162,50
30434,44212,50
30435,44262,50
30436,44312,50
30437,44362,50
30438,44412,50
30439,44462,50
30440,44512,50
30441,44562,50
30442,44612,50
30443,44662,50
30444,44712,50
30445,44762,50
30446,44812,50
30447,44862,50
30448,44912,50
30449,44962,50
30450,45012,50
30451,45062,50
30452,45112,50
30453,45162,50
30454,45212,50
30455,45262,50
30456,45312,50
30457,45362,50
30458,45412,50
30459,45462,50
30460,45512,50
30461,45562,50
30462,45612,50
30463,45662,50
30464,45712,50
30465,45762,50
30466,45812,50
30467,45862,50
30468,45912,50
30469,45962,50
30470,46012,50
30471,46062,50
30472,46112,50
30473,46162,50
30474,46212,50
30475,46262,50
30476,46312,50
30477,46362,50
30478,46412,50
30479,46462,50
30480,46512,50
30481,46562,50
30482,46612,50
30483,46662,50
30484,46712,50
30485,46762,50
30486,46812,50
30487,46862,50
30488,46912,50
30489,46962,50
30490,47012,50
30491,47062,50
30492,47112,50
30493,47162,50
30494,47212,50
30495,47262,50
30496,47312,50
30497,47362,50
30498,47412,50
30499,47462,50
30500,47512,50
30501,47562,50
30502,47612,50
30503,47662,50
30504,47712,50
30505,47762,50
30506,47812,50
30507,47862,50
30508,47912,50
30509,47962,50
30510,48012,50
30511,48062,50
30512,48112,50
30513,48162,50
30514,48212,50
30515,48262,50
30516,48312,50
30517,48362,50
30518,48412,50
30519,48462,50
30520,48512,50
30521,48562,50
30522,48612,50
30523,48662,50
30524,48712,50
30525,48762,50
30526,48812,50
30527,48862,50
30528,48912,50
30529,48962,50
30530,49012,50
30531,49062,50
30532,49112,50
30533,49162,50
30534,49212,50
30535,49262,50
30536,49312,50
30537,49362,50
30538,49412,50
30539,49462,50
30540,49512,50
30541,49562,50
30542,49612,50
30543,49662,50
30544,49712,50
30545,49762,50
30546,49812,50
30547,49862,50
30548,49912,50
30549,49962,50
30550,50012,50
30551,50062,50
30552,50112,50
30553,50162,50
30554,50212,50
30555,50262,50
30556,50312,50
30557,50362,50
30558,50412,50
30559,50462,50
30560,50512,50
30561,50562,50
30562,50612,50
30563,50662,50
30564,50712,50
30565,50762,50
30566,50812,50
30567,50862,50
30568,50912,50
30569,50962,50
30570,51012,50
30571,51062,50
30572,51112,50
30573,51162,50
30574,51212,50
30575,51262,50
30576,51312,50
30577,51362,50
30578,51412,50
30579,51462,50
30580,51512,50
30581,51562,50
30582,51612,50
30583,51662,50
30584,51712,50
30585,51762,50
30586,51812,50
30587,51862,50
30588,51912,50
30589,51962,50
30590,52012,50
30591,52062,50
30592,52112,50
30593,52162,50
30594,52212,50
30595,52262,50
30596,52312,50
30597,52362,50
30598,52412,50
30599,52462,50
30600,52512,50
30601,52562,50
30602,52612,50
30603,52662,50
30604,52712,50
30605,52762,50
30606,52812,50
30607,52862,50
30608,52912,50
30609,52962,50
30610,53012,50
30611,53062,50
30612,53112,50
30613,53162,50
30614,53212,50
30615,53262,50
30616,53312,50
30617,53362,50
30618,53412,50
30619,53462,50
30620,53512,50
30621,53562,50
30622,53612,50
30623,53662,50
30624,53712,50
30625,53762,50
30626,53812,50
30627,53862,50
30628,53912,50
30629,53962,50
30630,54012,50
30631,54062,50
30632,54112,50
30633,54162,50
30634,54212,50
30635,54262,50
30636,54312,50
30637,54362,50
30638,54412,50
30639,54462,50
30640,54512,50
30641,54562,50
30642,54612,50
30643,54662,50
30644,54712,50
30645,54762,50
30646,54812,50
30647,54862,50
30648,54912,50
30649,54962,50
30650,55012,50
30651,55062,50
30652,55112,50
30653,55162,50
30654,55212,50
30655,55262,50
30656,55312,50
30657,55362,50
30658,55412,50
30659,55462,50
30660,55512,50
30661,55562,50
30662,55612,50
30663,55662,50
30664,55712,50
30665,55762,50
30666,55812,50
30667,55862,50
30668,55912,50
30669,55962,50
30670,56012,50
30671,56062,50
30672,56112,50
30673,56162,50
30674,56212,50
30675,56262,50
30676,56312,50
30677,56362,50
30678,56412,50
30679,56462,50
30680,56512,50
30681,56562,50
30682,56612,50
30683,56662,50
30684,56712,50
30685,56762,50
30686,56812,50
30687,56862,50
30688,56912,50
30689,56962,50
30690,57012,50
30691,57062,50
30692,57112,50
30693,57162,50
30694,57212,50
30695,57262,50
30696,57312,50
30697,57362,50
30698,57412,50
30699,57462,50
30700,57512,50
30701,57562,50
30702,57612,50
30703,57662,50
30704,57712,50
30705,57762,50
30706,57812,50
30707,57862,50
30708,57912,50
30709,57962,50
30710,58012,50
30711,58062,50
30712,58112,50
30713,58162,50
30714,58212,50
30715,58262,50
30716,58312,50
30717,58362,50
30718,58412,50
30719,58462,50
30720,58512,50
30721,58562,50
30722,58612,50
30723,58662,50
30724,58712,50
30725,58762,50
30726,58812,50
30727,58862,50
30728,58912,50
30729,58962,50
30730,59012,50
30731,59062,50
30732,59112,50
30733,59162,50
30734,59212,50
30735,59262,50
30736,59312,50
30737,59362,50
30738,59412,50
30739,59462,50
30740,59512,50
30741,59562,50
30742,59612,50
30743,59662,50
30744,59712,50
30745,59762,50
30746,59812,50
30747,59862,50
30748,59912,50
30749,59962,50
30750,60012,50
30751,60062,50
30752,60112,50
30753,60162,50
30754,60212,50
30755,60262,50
30756,60312,50
30757,60362,50
30758,60412,50
30759,60462,50
30760,60512,50
30761,60562,50
30762,60612,50
30763,60662,50
30764,60712,50
30765,60762,50
30766,60812,50
30767,60862,50
30768,60912,50
30769,60962,50
30770,61012,50
30771,61062,50
30772,61112,50
30773,61162,50
30774,61212,50
30775,61262,50
30776,61312,50
30777,61362,50
30778,61412,50
30779,61462,50
30780,61512,50
30781,61562,50
30782,61612,50
30783,61662,50
30784,61712,50
30785,61762,50
30786,61812,50
30787,61862,50
30788,61912,50
30789,61962,50
30790,62012,50
30791,62062,50
30792,62112,50
30793,62162,50
30794,62212,50
30795,62262,50
30796,62312,50
30797,62362,50
30798,62412,50
30799,62462,50
30800,62512,50
30801,62562,50
30802,62612,50
30803,62662,50
30804,62712,50
30805,62762,50
30806,62812,50
30807,62862,50
30808,62912,50
30809,62962,50
30810,63012,50
30811,63062,50
30812,63112,50
30813,63162,50
30814,63212,50
30815,63262,50
30816,63312,50
30817,63362,50
30818,63412,50
30819,63462,50
30820,63512,50
30821,63562,50
30822,63612,50
30823,63662,50
30824,63712,50
30825,63762,50
30826,63812,50
30827,63862,50
30828,63912,50
30829,63962,50
30830,64012,50
30831,64062,50
30832,64112,50
30833,64162,50
30834,64212,50
30835,64262,50
30836,64312,50
30837,64362,50
30838,64412,50
30839,64462,50
30840,64512,50
30841,64562,50
30842,64612,50
30843,64662,50
30844,64712,50
30845,64762,50
30846,64812,50
30847,64862,50
30848,64912,50
30849,64962,50
30850,65012,50
30851,65062,50
30852,65112,50
30853,65162,50
30854,65212,50
30855,65262,50
30856,65312,50
30857,65362,50
30858,65412,50
30859,65462,50
30860,65512,50
30861,65562,50
30862,65612,50
30863,65662,50
30864,65712,50
30865,65762,50
30866,65812,50
30867,65862,50
30868,65912,50
30869,65962,50
30870,66012,50
30871,66062,50
30872,66112,50
30873,66162,50
30874,66212,50
30875,66262,50
30876,66312,50
30877,66362,50
30878,66412,50
30879,66462,50
30880,66512,50
30881,66562,50
30882,66612,50
30883,66662,50
30884,66712,50
30885,66762,50
30886,66812,50
30887,66862,50
30888,66912,50
30889,66962,50
30890,67012,50
30891,67062,50
30892,67112,50
30893,67162,50
30894,67212,50
30895,67262,50
30896,67312,50
30897,67362,50
30898,67412,50
30899,67462,50
30900,67512,50
30901,67562,50
30902,67612,50
30903,67662,50
30904,67712,50
30905,67762,50
30906,67812,50
30907,67862,50
30908,67912,50
30909,67962,50
30910,68012,50
30911,68062,50
30912,68112,50
30913,68162,50
30914,68212,50
30915,68262,50
30916,68312,50
30917,68362,50
30918,68412,50
30919,68462,50
30920,68512,50
30921,68562,50
30922,68612,50
30923,68662,50
30924,68712,50
30925,68762,50
30926,68812,50
30927,68862,50
30928,68912,50
30929,68962,50
30930,69012,50
30931,69062,50
30932,69112,50
30933,69162,50
30934,69212,50
30935,69262,50
30936,69312,50
30937,69362,50
30938,69412,50
30939,69462,51
30940,69513,50
30941,69563,50
30942,69613,50
30943,69663,50
30944,69713,50
30945,69763,50
30946,69813,50
30947,69863,50
30948,69913,50
30949,69963,50
30950,70013,50
30951,70063,50
30952,70113,50
30953,70163,50
30954,70213,50
30955,70263,50
30956,70313,50
30957,70363,50
30958,70413,50
30959,70463,50
30960,70513,50
30961,70563,50
30962,70613,50
30963,70663,50
30964,70713,50
30965,70763,50
30966,70813,50
30967,70863,50
30968,70913,50
30969,70963,50
30970,71013,50
30971,71063,50
30972,71113,50
30973,71163,50
30974,71213,50
30975,71263,50
30976,71313,50
30977,71363,50
30978,71413,50
30979,71463,50
30980,71513,50
30981,71563,50
30982,71613,50
30983,71663,50
30984,71713,50
30985,71763,50
30986,71813,50
30987,71863,50
30988,71913,50
30989,71963,50
30990,72013,50
30991,72063,50
30992,72113,50
30993,72163,50
30994,72213,50
30995,72263,50
30996,72313,50
30997,72363,50
30998,72413,50
30999,72463,50
31000,72513,50
31001,72563,50
31002,72613,50
31003,72663,50
31004,72713,50
31005,72763,50
31006,72813,50
31007,72863,50
31008,72913,50
31009,72963,50
31010,73013,50
31011,73063,50
31012,73113,50
31013,73163,50
31014,73213,50
31015,73263,50
31016,73313,50
31017,73363,50
31018,73413,50
31019,73463,50
31020,73513,50
31021,73563,50
31022,73613,50
31023,73663,50
31024,73713,50
31025,73763,50
31026,73813,50
31027,73863,50
31028,73913,50
31029,73963,50
31030,74013,50
31031,74063,50
31032,74113,50
31033,74163,50
31034,74213,50
31035,74263,50
31036,74313,50
31037,74363,50
31038,74413,50
31039,74463,50
31040,74513,50
31041,74563,50
31042,74613,50
31043,74663,50
31044,74713,50
31045,74763,50
31046,74813,50
31047,74863,50
31048,74913,50
31049,74963,50
31050,75013,50
31051,75063,50
31052,75113,50
31053,75163,50
31054,75213,50
31055,75263,50
31056,75313,50
31057,75363,50
31058,75413,50
31059,75463,50
31060,75513,50
31061,75563,50
31062,75613,50
31063,75663,50
31064,75713,50
31065,75763,50
31066,75813,50
31067,75863,50
31068,75913,50
31069,75963,50
31070,76013,50
31071,76063,50
31072,76113,50
31073,76163,50
31074,76213,50
31075,76263,50
31076,76313,50
31077,76363,50
31078,76413,50
31079,76463,50
31080,76513,50
31081,76563,50
31082,76613,50
31083,76663,50
31084,76713,50
31085,76763,50
31086,76813,50
31087,76863,50
31088,76913,50
31089,76963,50
31090,77013,50
31091,77063,50
31092,77113,50
31093,77163,50
31094,77213,50
31095,77263,50
31096,77313,50
31097,77363,50
31098,77413,50
31099,77463,50
31100,77513,50
31101,77563,50
31102,77613,50
31103,77663,50
31104,77713,50
31105,77763,50
31106,77813,50
31107,77863,50
31108,77913,50
31109,77963,50
31110,78013,50
31111,78063,50
31112,78113,50
31113,78163,50
31114,78213,50
31115,78263,50
31116,78313,50
31117,78363,50
31118,78413,50
31119,78463,50
31120,78513,50
31121,78563,50
31122,78613,50
31123,78663,50
31124,78713,50
31125,78763,50
31126,78813,50
31127,78863,50
31128,78913,50
31129,78963,50
31130,79013,50
31131,79063,50
31132,79113,50
31133,79163,50
31134,79213,50
31135,79263,50
31136,79313,50
31137,79363,50
31138,79413,50
31139,79463,50
31140,79513,50
31141,79563,50
31142,79613,50
31143,79663,50
31144,79713,50
31145,79763,50
31146,79813,50
31147,79863,50
31148,79913,50
31149,79963,50
31150,80013,50
31151,80063,50
31152,80113,50
31153,80163,50
31154,80213,50
31155,80263,50
31156,80313,50
31157,80363,50
31158,80413,50
31159,80463,50
31160,80513,50
31161,80563,50
31162,80613,50
31163,80663,50
31164,80713,50
31165,80763,50
31166,80813,50
31167,80863,50
31168,80913,50
31169,80963,50
31170,81013,50
31171,81063,50
31172,81113,50
31173,81163,50
31174,81213,50
31175,81263,50
31176,81313,50
31177,81363,50
31178,81413,50
31179,81463,50
31180,81513,50
31181,81563,50
31182,81613,50
31183,81663,50
31184,81713,50
31185,81763,50
31186,81813,50
31187,81863,50
31188,81913,50
31189,81963,50
31190,82013,50
31191,82063,50
31192,82113,50
31193,82163,50
31194,82213,50
31195,82263,50
31196,82313,50
31197,82363,50
31198,82413,50
31199,82463,50
31200,82513,50
31201,82563,50
31202,82613,50
31203,82663,50
31204,82713,50
31205,82763,50
31206,82813,50
31207,82863,50
31208,82913,50
31209,82963,50
31210,83013,50
31211,83063,50
31212,83113,50
31213,83163,50
31214,83213,50
31215,83263,50
31216,83313,50
31217,83363,50
31218,83413,50
31219,83463,50
31220,83513,50
31221,83563,50
31222,83613,50
31223,83663,50
31224,83713,50
31225,83763,50
31226,83813,50
31227,83863,50
31228,83913,50
31229,83963,50
31230,84013,50
31231,84063,50
31232,84113,50
31233,84163,50
31234,84213,50
31235,84263,50
31236,84313,50
31237,84363,50
31238,84413,50
31239,84463,50
31240,84513,50
31241,84563,50
31242,84613,50
31243,84663,50
31244,84713,50
31245,84763,50
31246,84813,50
31247,84863,50
31248,84913,50
31249,84963,50
31250,85013,50
31251,85063,50
31252,85113,50
31253,85163,50
31254,85213,50
31255,85263,50
31256,85313,50
31257,85363,50
31258,85413,50
31259,85463,50
31260,85513,50
31261,85563,50
31262,85613,50
31263,85663,50
31264,85713,50
31265,85763,50
31266,85813,50
31267,85863,50
31268,85913,50
31269,85963,50
31270,86013,50
31271,86063,50
31272,86113,50
31273,86163,50
31274,86213,50
31275,86263,50
31276,86313,50
31277,86363,50
31278,86413,50
31279,86463,50
31280,86513,50
31281,86563,50
31282,86613,50
31283,86663,50
31284,86713,50
31285,86763,50
31286,86813,50
31287,86863,50
31288,86913,50
31289,86963,50
31290,87013,50
31291,87063,50
31292,87113,50
31293,87163,50
31294,87213,50
31295,87263,50
31296,87313,50
31297,87363,50
31298,87413,50
31299,87463,50
31300,87513,50
31301,87563,50
31302,87613,50
31303,87663,50
31304,87713,50
31305,87763,50
31306,87813,50
31307,87863,50
31308,87913,50
31309,87963,50
31310,88013,50
31311,88063,50
31312,88113,50
31313,88163,50
31314,88213,50
31315,88263,50
31316,88313,50
31317,88363,50
31318,88413,50
31319,88463,50
31320,88513,50
31321,88563,50
31322,88613,50
31323,88663,50
31324,88713,50
31325,88763,50
31326,88813,50
31327,88863,50
31328,88913,50
31329,88963,50
31330,89013,50
31331,89063,50
31332,89113,50
31333,89163,50
31334,89213,50
31335,89263,50
31336,89313,50
31337,89363,50
31338,89413,50
31339,89463,50
31340,89513,50
31341,89563,50
31342,89613,50
31343,89663,50
31344,89713,50
31345,89763,50
31346,89813,50
31347,89863,50
31348,89913,50
31349,89963,50
31350,90013,50
31351,90063,50
31352,90113,50
31353,90163,50
31354,90213,50
31355,90263,50
31356,90313,50
31357,90363,50
31358,90413,50
31359,90463,50
31360,90513,50
31361,90563,50
31362,90613,50
31363,90663,50
31364,90713,50
31365,90763,50
31366,90813,50
31367,90863,50
31368,90913,50
31369,90963,50
31370,91013,50
31371,91063,50
31372,91113,50
31373,91163,50
31374,91213,50
31375,91263,50
31376,91313,50
31377,91363,50
31378,91413,50
31379,91463,50
31380,91513,50
31381,91563,50
31382,91613,50
31383,91663,50
31384,91713,50
31385,91763,50
31386,91813,50
31387,91863,50
31388,91913,50
31389,91963,50
31390,92013,50
31391,92063,50
31392,92113,50
31393,92163,50
31394,92213,50
31395,92263,50
31396,92313,50
31397,92363,50
31398,92413,50
31399,92463,50
31400,92513,50
31401,92563,50
31402,92613,50
31403,92663,50
31404,92713,50
31405,92763,50
31406,92813,50
31407,92863,50
31408,92913,50
31409,92963,50
31410,93013,50
31411,93063,50
31412,93113,50
31413,93163,50
31414,93213,50
31415,93263,50
31416,93313,50
31417,93363,50
31418,93413,50
31419,93463,50
31420,93513,50
31421,93563,50
31422,93613,50
31423,93663,50
31424,93713,50
31425,93763,50
31426,93813,50
31427,93863,50
31428,93913,50
31429,93963,50
31430,94013,50
31431,94063,50
31432,94113,50
31433,94163,50
31434,94213,50
31435,94263,50
31436,94313,50
31437,94363,50
31438,94413,50
31439,94463,50
31440,94513,50
31441,94563,50
31442,94613,50
31443,94663,50
31444,94713,50
31445,94763,50
31446,94813,50
31447,94863,50
31448,94913,50
31449,94963,50
31450,95013,50
31451,95063,50
31452,95113,51
31453,95164,50
31454,95214,50
31455,95264,50
31456,95314,50
31457,95364,50
31458,95414,50
31459,95464,50
31460,95514,50
31461,95564,50
31462,95614,50
31463,95664,50
31464,95714,50
31465,95764,50
31466,95814,50
31467,95864,50
31468,95914,50
31469,95964,50
31470,96014,50
31471,96064,50
31472,96114,50
31473,96164,50
31474,96214,50
31475,96264,50
31476,96314,50
31477,96364,50
31478,96414,50
31479,96464,50
31480,96514,50
31481,96564,50
31482,96614,50
31483,96664,50
31484,96714,50
31485,96764,50
31486,96814,50
31487,96864,50
31488,96914,50
31489,96964,50
31490,97014,50
31491,97064,50
31492,97114,50
31493,97164,50
31494,97214,50
31495,97264,50
31496,97314,50
31497,97364,50
31498,97414,50
31499,97464,50
31500,97514,50
31501,97564,50
31502,97614,50
31503,97664,50
31504,97714,50
31505,97764,50
31506,97814,50
31507,97864,50
31508,97914,50
31509,97964,50
31510,98014,50
31511,98064,50
31512,98114,50
31513,98164,50
31514,98214,50
31515,98264,50
31516,98314,50
31517,98364,50
31518,98414,50
31519,98464,50
31520,98514,50
31521,98564,50
31522,98614,50
31523,98664,50
31524,98714,50
31525,98764,50
31526,98814,50
31527,98864,50
31528,98914,50
31529,98964,50
31530,99014,50
31531,99064,50
31532,99114,50
31533,99164,50
31534,99214,50
31535,99264,50
31536,99314,50
31537,99364,50
31538,99414,50
31539,99464,50
31540,99514,50
31541,99564,50
31542,99614,50
31543,99664,50
31544,99714,50
31545,99764,50
31546,99814,50
31547,99864,50
31548,99914,50
31549,99964,50
31550,100014,50
31551,100064,50
31552,100114,50
31553,100164,50
31554,100214,50
31555,100264,50
31556,100314,50
31557,100364,50
31558,100414,50
31559,100464,50
31560,100514,50
31561,100564,50
31562,100614,50
31563,100664,50
31564,100714,50
31565,100764,50
31566,100814,50
31567,100864,50
31568,100914,50
31569,100964,50
31570,101014,50
31571,101064,50
31572,101114,50
31573,101164,50
31574,101214,50
31575,101264,50
31576,101314,50
31577,101364,50
31578,101414,50
31579,101464,50
31580,101514,50
31581,101564,50
31582,101614,50
31583,101664,50
31584,101714,50
31585,101764,50
31586,101814,50
31587,101864,50
31588,101914,50
31589,101964,50
31590,102014,50
31591,102064,50
31592,102114,50
31593,102164,50
31594,102214,50
31595,102264,50
31596,102314,50
31597,102364,50
31598,102414,50
31599,102464,50
31600,102514,50
31601,102564,50
31602,102614,50
31603,102664,50
31604,102714,50
31605,102764,50
31606,102814,50
31607,102864,50
31608,102914,50
31609,102964,50
31610,103014,50
31611,103064,50
31612,103114,50
31613,103164,50
31614,103214,50
31615,103264,50
31616,103314,50
31617,103364,50
31618,103414,50
31619,103464,50
31620,103514,50
31621,103564,50
31622,103614,50
31623,103664,50
31624,103714,50
31625,103764,50
31626,103814,50
31627,103864,50
31628,103914,50
31629,103964,50
31630,104014,50
31631,104064,50
31632,104114,50
31633,104164,50
31634,104214,50
31635,104264,50
31636,104314,50
31637,104364,50
31638,104414,50
31639,104464,50
31640,104514,50
31641,104564,50
31642,104614,50
31643,104664,50
31644,104714,50
31645,104764,50
31646,104814,50
31647,104864,50
31648,104914,50
31649,104964,50
31650,105014,50
31651,105064,50
31652,105114,50
31653,105164,50
31654,105214,50
31655,105264,50
31656,105314,50
31657,105364,50
31658,105414,50
31659,105464,50
31660,105514,50
31661,105564,50
31662,105614,50
31663,105664,50
31664,105714,50
31665,105764,50
31666,105814,50
31667,105864,50
31668,105914,50
31669,105964,50
31670,106014,50
31671,106064,50
31672,106114,50
31673,106164,50
31674,106214,50
31675,106264,50
31676,106314,50
31677,106364,50
31678,106414,50
31679,106464,50
31680,106514,50
31681,106564,50
31682,106614,50
31683,106664,50
31684,106714,50
31685,106764,50
31686,106814,50
31687,106864,50
31688,106914,50
31689,106964,50
31690,107014,50
31691,107064,50
31692,107114,50
31693,107164,50
31694,107214,50
31695,107264,50
31696,107314,50
31697,107364,50
31698,107414,50
31699,107464,50
31700,107514,50
31701,107564,50
31702,107614,50
31703,107664,50
31704,107714,50
31705,107764,50
31706,107814,50
31707,107864,50
31708,107914,50
31709,107964,50
31710,108014,50
31711,108064,50
31712,108114,50
31713,108164,50
31714,108214,50
31715,108264,50
31716,108314,50
31717,108364,50
31718,108414,50
31719,108464,50
31720,108514,50
31721,108564,50
31722,108614,50
31723,108664,50
31724,108714,50
31725,108764,50
31726,108814,50
31727,108864,50
31728,108914,50
31729,108964,50
31730,109014,50
31731,109064,50
31732,109114,50
31733,109164,50
31734,109214,50
31735,109264,50
31736,109314,50
31737,109364,50
31738,109414,50
31739,109464,50
31740,109514,50
31741,109564,50
31742,109614,50
31743,109664,50
31744,109714,50
31745,109764,50
31746,109814,50
31747,109864,50
31748,109914,50
31749,109964,50
31750,110014,50
31751,110064,50
31752,110114,50
31753,110164,50
31754,110214,50
31755,110264,50
31756,110314,50
31757,110364,50
31758,110414,50
31759,110464,50
31760,110514,50
31761,110564,50
31762,110614,50
31763,110664,50
31764,110714,50
31765,110764,50
31766,110814,50
31767,110864,50
31768,110914,50
31769,110964,50
31770,111014,50
31771,111064,50
31772,111114,50
31773,111164,50
31774,111214,50
31775,111264,50
31776,111314,50
31777,111364,50
31778,111414,50
31779,111464,50
31780,111514,50
31781,111564,50
31782,111614,50
31783,111664,50
31784,111714,50
31785,111764,50
31786,111814,50
31787,111864,50
31788,111914,50
31789,111964,50
31790,112014,50
31791,112064,50
31792,112114,50
31793,112164,50
31794,112214,50
31795,112264,50
31796,112314,50
31797,112364,50
31798,112414,50
31799,112464,50
31800,112514,50
31801,112564,50
31802,112614,50
31803,112664,50
31804,112714,50
31805,112764,50
31806,112814,50
31807,112864,50
31808,112914,50
31809,112964,50
31810,113014,50
31811,113064,50
31812,113114,50
31813,113164,50
31814,113214,50
31815,113264,50
31816,113314,50
31817,113364,50
31818,113414,50
31819,113464,50
31820,113514,50
31821,113564,50
31822,113614,50
31823,113664,50
31824,113714,50
31825,113764,50
31826,113814,50
31827,113864,50
31828,113914,50
31829,113964,50
31830,114014,50
31831,114064,50
31832,114114,50
31833,114164,50
31834,114214,50
31835,114264,50
31836,114314,50
31837,114364,50
31838,114414,50
31839,114464,50
31840,114514,50
31841,114564,50
31842,114614,50
31843,114664,50
31844,114714,50
31845,114764,50
31846,114814,50
31847,114864,50
31848,114914,50
31849,114964,50
31850,115014,50
31851,115064,50
31852,115114,50
31853,115164,50
31854,115214,50
31855,115264,50
31856,115314,50
31857,115364,50
31858,115414,50
31859,115464,50
31860,115514,50
31861,115564,50
31862,115614,50
31863,115664,50
31864,115714,50
31865,115764,50
31866,115814,50
31867,115864,50
31868,115914,50
31869,115964,50
31870,116014,50
31871,116064,50
31872,116114,50
31873,116164,50
31874,116214,50
31875,116264,50
31876,116314,50
31877,116364,50
31878,116414,50
31879,116464,50
31880,116514,50
31881,116564,50
31882,116614,50
31883,116664,50
31884,116714,50
31885,116764,50
31886,116814,50
31887,116864,50
31888,116914,50
31889,116964,50
31890,117014,50
31891,117064,50
31892,117114,50
31893,117164,50
31894,117214,50
31895,117264,50
31896,117314,50
31897,117364,50
31898,117414,50
31899,117464,50
31900,117514,50
31901,117564,50
31902,117614,50
31903,117664,50
31904,117714,50
31905,117764,50
31906,117814,50
31907,117864,50
31908,117914,50
31909,117964,50
31910,118014,50
31911,118064,50
31912,118114,50
31913,118164,50
31914,118214,50
31915,118264,50
31916,118314,50
31917,118364,50
31918,118414,50
31919,118464,50
31920,118514,50
31921,118564,50
31922,118614,50
31923,118664,50
31924,118714,50
31925,118764,50
31926,118814,50
31927,118864,50
31928,118914,50
31929,118964,50
31930,119014,50
31931,119064,50
31932,119114,50
31933,119164,50
31934,119214,50
31935,119264,50
31936,119314,50
31937,119364,50
31938,119414,50
31939,119464,50
31940,119514,50
31941,119564,50
31942,119614,50
31943,119664,50
31944,119714,50
31945,119764,50
31946,119814,50
31947,119864,50
31948,119914,50
31949,119964,50
31950,120014,50
31951,120064,50
31952,120114,50
31953,120164,50
31954,120214,50
31955,120264,50
31956,120314,50
31957,120364,50
31958,120414,50
31959,120464,50
31960,120514,50
31961,120564,50
31962,120614,50
31963,120664,50
31964,120714,50
31965,120764,50
31966,120814,50
31967,120864,50
31968,120914,50
31969,120964,50
31970,121014,50
31971,121064,50
31972,121114,50
31973,121164,50
31974,121214,50
31975,121264,50
31976,121314,50
31977,121364,50
31978,121414,50
31979,121464,50
31980,121514,50
31981,121564,50
31982,121614,50
31983,121664,50
31984,121714,50
31985,121764,51
31986,121815,50
31987,121865,50
31988,121915,50
31989,121965,50
31990,122015,50
31991,122065,50
31992,122115,50
31993,122165,50
31994,122215,50
31995,122265,50
31996,122315,50
31997,122365,50
31998,122415,50
31999,122465,50
32000,122515,50
32001,122565,50
32002,122615,50
32003,122665,50
32004,122715,50
32005,122765,50
32006,122815,50
32007,122865,50
32008,122915,50
32009,122965,50
32010,123015,50
32011,123065,50
32012,123115,50
32013,123165,50
32014,123215,50
32015,123265,50
32016,123315,50
32017,123365,50
32018,123415,50
32019,123465,50
32020,123515,50
32021,123565,50
32022,123615,50
32023,123665,50
32024,123715,50
32025,123765,50
32026,123815,50
32027,123865,50
32028,123915,50
32029,123965,50
32030,124015,50
32031,124065,50
32032,124115,50
32033,124165,50
32034,124215,50
32035,124265,50
32036,124315,50
32037,124365,50
32038,124415,50
32039,124465,50
32040,124515,50
32041,124565,50
32042,124615,50
32043,124665,50
32044,124715,50
32045,124765,50
32046,124815,50
32047,124865,50
32048,124915,50
32049,124965,50
32050,125015,50
32051,125065,50
32052,125115,50
32053,125165,50
32054,125215,50
32055,125265,50
32056,125315,50
32057,125365,50
32058,125415,50
32059,125465,50
32060,125515,50
32061,125565,50
32062,125615,50
32063,125665,50
32064,125715,50
32065,125765,50
32066,125815,50
32067,125865,50
32068,125915,50
32069,125965,50
32070,126015,50
32071,126065,50
32072,126115,50
32073,126165,50
32074,126215,50
32075,126265,50
32076,126315,50
32077,126365,50
32078,126415,50
32079,126465,50
32080,126515,50
32081,126565,50
32082,126615,50
32083,126665,50
32084,126715,50
32085,126765,50
32086,126815,50
32087,126865,50
32088,126915,50
32089,126965,50
32090,127015,50
32091,127065,50
32092,127115,50
32093,127165,50
32094,127215,50
32095,127265,50
32096,127315,50
32097,127365,50
32098,127415,50
32099,127465,50
32100,127515,50
32101,127565,50
32102,127615,50
32103,127665,50
32104,127715,50
32105,127765,50
32106,127815,50
32107,127865,50
32108,127915,50
32109,127965,50
32110,128015,50
32111,128065,50
32112,128115,50
32113,128165,50
32114,128215,50
32115,128265,50
32116,128315,50
32117,128365,50
32118,128415,50
32119,128465,50
32120,128515,50
32121,128565,50
32122,128615,50
32123,128665,50
32124,128715,50
32125,128765,50
32126,128815,50
32127,128865,50
32128,128915,50
32129,128965,50
32130,129015,50
32131,129065,50
32132,129115,50
32133,129165,50
32134,129215,50
32135,129265,50
32136,129315,50
32137,129365,50
32138,129415,50
32139,129465,50
32140,129515,50
32141,129565,50
32142,129615,50
32143,129665,50
32144,129715,50
32145,129765,50
32146,129815,50
32147,129865,50
32148,129915,50
32149,129965,50
32150,130015,50
32151,130065,50
32152,130115,50
32153,130165,50
32154,130215,50
32155,130265,50
32156,130315,50
32157,130365,50
32158,130415,50
32159,130465,50
32160,130515,50
32161,130565,50
32162,130615,50
32163,130665,50
32164,130715,50
32165,130765,50
32166,130815,50
32167,130865,50
32168,130915,50
32169,130965,50
32170,131015,50
32171,131065,50
32172,131115,50
32173,131165,50
32174,131215,50
32175,131265,50
32176,131315,50
32177,131365,50
32178,131415,50
32179,131465,50
32180,131515,50
32181,131565,50
32182,131615,50
32183,131665,50
32184,131715,50
32185,131765,50
32186,131815,50
32187,131865,50
32188,131915,50
32189,131965,50
32190,132015,50
32191,132065,50
32192,132115,50
32193,132165,50
32194,132215,50
32195,132265,50
32196,132315,50
32197,132365,50
32198,132415,50
32199,132465,50
32200,132515,50
32201,132565,50
32202,132615,50
32203,132665,50
32204,132715,50
32205,132765,50
32206,132815,50
32207,132865,50
32208,132915,50
32209,132965,50
32210,133015,50
32211,133065,50
32212,133115,50
32213,133165,50
32214,133215,50
32215,133265,50
32216,133315,50
32217,133365,50
32218,133415,50
32219,133465,50
32220,133515,50
32221,133565,50
32222,133615,50
32223,133665,50
32224,133715,50
32225,133765,50
32226,133815,50
32227,133865,50
32228,133915,50
32229,133965,50
32230,134015,50
32231,134065,50
32232,134115,50
32233,134165,50
32234,134215,50
32235,134265,50
32236,134315,50
32237,134365,50
32238,134415,50
32239,134465,50
32240,134515,50
32241,134565,50
32242,134615,50
32243,134665,50
32244,134715,50
32245,134765,50
32246,134815,50
32247,134865,50
32248,134915,50
32249,134965,50
32250,135015,50
32251,135065,50
32252,135115,50
32253,135165,50
32254,135215,50
32255,135265,50
32256,135315,50
32257,135365,50
32258,135415,50
32259,135465,50
32260,135515,50
32261,135565,50
32262,135615,50
32263,135665,50
32264,135715,50
32265,135765,50
32266,135815,50
32267,135865,50
32268,135915,50
32269,135965,50
32270,136015,50
32271,136065,50
32272,136115,50
32273,136165,50
32274,136215,50
32275,136265,50
32276,136315,50
32277,136365,50
32278,136415,50
32279,136465,50
32280,136515,50
32281,136565,50
32282,136615,50
32283,136665,50
32284,136715,50
32285,136765,50
32286,136815,50
32287,136865,50
32288,136915,50
32289,136965,50
32290,137015,50
32291,137065,50
32292,137115,50
32293,137165,50
32294,137215,50
32295,137265,50
32296,137315,50
32297,137365,50
32298,137415,50
32299,137465,50
32300,137515,50
32301,137565,50
32302,137615,50
32303,137665,50
32304,137715,50
32305,137765,50
32306,137815,50
32307,137865,50
32308,137915,50
32309,137965,50
32310,138015,50
32311,138065,50
32312,138115,50
32313,138165,50
32314,138215,50
32315,138265,50
32316,138315,50
32317,138365,50
32318,138415,50
32319,138465,50
32320,138515,50
32321,138565,50
32322,138615,50
32323,138665,50
32324,138715,50
32325,138765,50
32326,138815,50
32327,138865,50
32328,138915,50
32329,138965,50
32330,139015,50
32331,139065,50
32332,139115,50
32333,139165,50
32334,139215,50
32335,139265,50
32336,139315,50
32337,139365,50
32338,139415,50
32339,139465,50
32340,139515,50
32341,139565,50
32342,139615,50
32343,139665,50
32344,139715,50
32345,139765,50
32346,139815,50
32347,139865,50
32348,139915,50
32349,139965,50
32350,140015,50
32351,140065,50
32352,140115,50
32353,140165,50
32354,140215,50
32355,140265,50
32356,140315,50
32357,140365,50
32358,140415,50
32359,140465,50
32360,140515,50
32361,140565,50
32362,140615,50
32363,140665,50
32364,140715,50
32365,140765,50
32366,140815,50
32367,140865,50
32368,140915,50
32369,140965,50
32370,141015,50
32371,141065,50
32372,141115,50
32373,141165,50
32374,141215,50
32375,141265,50
32376,141315,50
32377,141365,50
32378,141415,50
32379,141465,50
32380,141515,50
32381,141565,50
32382,141615,50
32383,141665,50
32384,141715,50
32385,141765,50
32386,141815,50
32387,141865,50
32388,141915,50
32389,141965,50
32390,142015,50
32391,142065,50
32392,142115,50
32393,142165,50
32394,142215,50
32395,142265,50
32396,142315,50
32397,142365,50
32398,142415,50
32399,142465,50
32400,142515,50
32401,142565,50
32402,142615,50
32403,142665,50
32404,142715,50
32405,142765,50
32406,142815,50
32407,142865,50
32408,142915,50
32409,142965,50
32410,143015,50
32411,143065,50
32412,143115,50
32413,143165,50
32414,143215,50
32415,143265,50
32416,143315,50
32417,143365,50
32418,143415,50
32419,143465,50
32420,143515,50
32421,143565,50
32422,143615,50
32423,143665,50
32424,143715,50
32425,143765,50
32426,143815,50
32427,143865,50
32428,143915,50
32429,143965,50
32430,144015,50
32431,144065,50
32432,144115,50
32433,144165,50
32434,144215,50
32435,144265,50
32436,144315,50
32437,144365,50
32438,144415,50
32439,144465,50
32440,144515,50
32441,144565,50
32442,144615,50
32443,144665,50
32444,144715,50
32445,144765,50
32446,144815,50
32447,144865,50
32448,144915,50
32449,144965,50
32450,145015,50
32451,145065,50
32452,145115,50
32453,145165,50
32454,145215,50
32455,145265,50
32456,145315,50
32457,145365,50
32458,145415,50
32459,145465,50
32460,145515,50
32461,145565,50
32462,145615,50
32463,145665,50
32464,145715,50
32465,145765,50
32466,145815,50
32467,145865,50
32468,145915,50
32469,145965,50
32470,146015,50
32471,146065,50
32472,146115,50
32473,146165,50
32474,146215,50
32475,146265,50
32476,146315,50
32477,146365,50
32478,146415,50
32479,146465,50
32480,146515,50
32481,146565,50
32482,146615,50
32483,146665,50
32484,146715,50
32485,146765,50
32486,146815,50
32487,146865,50
32488,146915,50
32489,146965,50
32490,147015,50
32491,147065,50
32492,147115,50
32493,147165,50
32494,147215,50
32495,147265,50
32496,147315,50
32497,147365,50
32498,147415,50
32499,147465,50
32500,147515,50
32501,147565,50
32502,147615,50
32503,147665,50
32504,147715,50
32505,147765,50
32506,147815,50
32507,147865,50
32508,147915,50
32509,147965,50
32510,148015,50
32511,148065,50
32512,148115,50
32513,148165,50
32514,148215,50
32515,148265,50
32516,148315,50
32517,148365,50
32518,148415,50
32519,148465,50
32520,148515,50
32521,148565,50
32522,148615,50
32523,148665,50
32524,148715,50
32525,148765,50
32526,148815,50
32527,148865,50
32528,148915,50
32529,148965,50
32530,149015,50
32531,149065,50
32532,149115,50
32533,149165,50
32534,149215,50
32535,149265,50
32536,149315,50
32537,149365,50
32538,149415,50
32539,149465,50
32540,149515,50
32541,149565,51
32542,149616,50
32543,149666,50
32544,149716,50
32545,149766,50
32546,149816,50
32547,149866,50
32548,149916,50
32549,149966,50
32550,150016,50
32551,150066,50
32552,150116,50
32553,150166,50
32554,150216,50
32555,150266,50
32556,150316,50
32557,150366,50
32558,150416,50
32559,150466,50
32560,150516,50
32561,150566,50
32562,150616,50
32563,150666,50
32564,150716,50
32565,150766,50
32566,150816,50
32567,150866,50
32568,150916,50
32569,150966,50
32570,151016,50
32571,151066,50
32572,151116,50
32573,151166,50
32574,151216,50
32575,151266,50
32576,151316,50
32577,151366,50
32578,151416,50
32579,151466,50
32580,151516,50
32581,151566,50
32582,151616,50
32583,151666,50
32584,151716,50
32585,151766,50
32586,151816,50
32587,151866,50
32588,151916,50
32589,151966,50
32590,152016,50
32591,152066,50
32592,152116,50
32593,152166,50
32594,152216,50
32595,152266,50
32596,152316,50
32597,152366,50
32598,152416,50
32599,152466,50
32600,152516,50
32601,152566,50
32602,152616,50
32603,152666,50
32604,152716,50
32605,152766,50
32606,152816,50
32607,152866,50
32608,152916,50
32609,152966,50
32610,153016,50
32611,153066,50
32612,153116,50
32613,153166,50
32614,153216,50
32615,153266,50
32616,153316,50
32617,153366,50
32618,153416,50
32619,153466,50
32620,153516,50
32621,153566,50
32622,153616,50
32623,153666,50
32624,153716,50
32625,153766,50
32626,153816,50
32627,153866,50
32628,153916,50
32629,153966,50
32630,154016,50
32631,154066,50
32632,154116,50
32633,154166,50
32634,154216,50
32635,154266,50
32636,154316,50
32637,154366,50
32638,154416,50
32639,154466,50
32640,154516,50
32641,154566,50
32642,154616,50
32643,154666,50
32644,154716,50
32645,154766,50
32646,154816,50
32647,154866,50
32648,154916,50
32649,154966,50
32650,155016,50
32651,155066,50
32652,155116,50
32653,155166,50
32654,155216,50
32655,155266,50
32656,155316,50
32657,155366,50
32658,155416,50
32659,155466,50
32660,155516,50
32661,155566,50
32662,155616,50
32663,155666,50
32664,155716,50
32665,155766,50
32666,155816,50
32667,155866,50
32668,155916,50
32669,155966,50
32670,156016,50
32671,156066,50
32672,156116,50
32673,156166,50
32674,156216,50
32675,156266,50
32676,156316,50
32677,156366,50
32678,156416,50
32679,156466,50
32680,156516,50
32681,156566,50
32682,156616,50
32683,156666,50
32684,156716,50
32685,156766,50
32686,156816,50
32687,156866,50
32688,156916,50
32689,156966,50
32690,157016,50
32691,157066,50
32692,157116,50
32693,157166,50
32694,157216,50
32695,157266,50
32696,157316,50
32697,157366,50
32698,157416,50
32699,157466,50
32700,157516,50
32701,157566,50
32702,157616,50
32703,157666,50
32704,157716,50
32705,157766,50
32706,157816,50
32707,157866,50
32708,157916,50
32709,157966,50
32710,158016,50
32711,158066,50
32712,158116,50
32713,158166,50
32714,158216,50
32715,158266,50
32716,158316,50
32717,158366,50
32718,158416,50
32719,158466,50
32720,158516,50
32721,158566,50
32722,158616,50
32723,158666,50
32724,158716,50
32725,158766,50
32726,158816,50
32727,158866,50
32728,158916,50
32729,158966,50
32730,159016,50
32731,159066,50
32732,159116,50
32733,159166,50
32734,159216,50
32735,159266,50
32736,159316,50
32737,159366,50
32738,159416,50
32739,159466,50
32740,159516,50
32741,159566,50
32742,159616,50
32743,159666,50
32744,159716,50
32745,159766,50
32746,159816,50
32747,159866,50
32748,159916,50
32749,159966,50
32750,160016,50
32751,160066,50
32752,160116,50
32753,160166,50
32754,160216,50
32755,160266,50
32756,160316,50
32757,160366,50
32758,160416,50
32759,160466,50
32760,160516,50
32761,160566,50
32762,160616,50
32763,160666,50
32764,160716,50
32765,160766,50
32766,160816,50
32767,160866,50
32768,160916,50
32769,160966,50
32770,161016,50
32771,161066,50
32772,161116,50
32773,161166,50
32774,161216,50
32775,161266,50
32776,161316,50
32777,161366,50
32778,161416,50
32779,161466,50
32780,161516,50
32781,161566,50
32782,161616,50
32783,161666,50
32784,161716,50
32785,161766,50
32786,161816,50
32787,161866,50
32788,161916,50
32789,161966,50
32790,162016,50
32791,162066,50
32792,162116,50
32793,162166,50
32794,162216,50
32795,162266,50
32796,162316,50
32797,162366,50
32798,162416,50
32799,162466,50
32800,162516,50
32801,162566,50
32802,162616,50
32803,162666,50
32804,162716,50
32805,162766,50
32806,162816,50
32807,162866,50
32808,162916,50
32809,162966,50
32810,163016,50
32811,163066,50
32812,163116,50
32813,163166,50
32814,163216,50
32815,163266,50
32816,163316,50
32817,163366,50
32818,163416,50
32819,163466,50
32820,163516,50
32821,163566,50
32822,163616,50
32823,163666,50
32824,163716,50
32825,163766,50
32826,163816,50
32827,163866,50
32828,163916,50
32829,163966,50
32830,164016,50
32831,164066,50
32832,164116,50
32833,164166,50
32834,164216,50
32835,164266,50
32836,164316,50
32837,164366,50
32838,164416,50
32839,164466,50
32840,164516,50
32841,164566,50
32842,164616,50
32843,164666,50
32844,164716,50
32845,164766,50
32846,164816,50
32847,164866,50
32848,164916,50
32849,164966,50
32850,165016,50
32851,165066,50
32852,165116,50
32853,165166,50
32854,165216,50
32855,165266,50
32856,165316,50
32857,165366,50
32858,165416,50
32859,165466,50
32860,165516,50
32861,165566,50
32862,165616,50
32863,165666,50
32864,165716,50
32865,165766,50
32866,165816,50
32867,165866,50
32868,165916,50
32869,165966,50
32870,166016,50
32871,166066,50
32872,166116,50
32873,166166,50
32874,166216,50
32875,166266,50
32876,166316,50
32877,166366,50
32878,166416,50
32879,166466,50
32880,166516,50
32881,166566,50
32882,166616,50
32883,166666,50
32884,166716,50
32885,166766,50
32886,166816,50
32887,166866,50
32888,166916,50
32889,166966,50
32890,167016,50
32891,167066,50
32892,167116,50
32893,167166,50
32894,167216,50
32895,167266,50
32896,167316,50
32897,167366,50
32898,167416,50
32899,167466,50
32900,167516,50
32901,167566,50
32902,167616,50
32903,167666,50
32904,167716,50
32905,167766,50
32906,167816,50
32907,167866,50
32908,167916,50
32909,167966,50
32910,168016,50
32911,168066,50
32912,168116,50
32913,168166,50
32914,168216,50
32915,168266,50
32916,168316,50
32917,168366,50
32918,168416,50
32919,168466,50
32920,168516,50
32921,168566,50
32922,168616,50
32923,168666,50
32924,168716,50
32925,168766,50
32926,168816,50
32927,168866,50
32928,168916,50
32929,168966,50
32930,169016,50
32931,169066,50
32932,169116,50
32933,169166,50
32934,169216,50
32935,169266,50
32936,169316,50
32937,169366,50
32938,169416,50
32939,169466,50
32940,169516,50
32941,169566,50
32942,169616,50
32943,169666,50
32944,169716,50
32945,169766,50
32946,169816,50
32947,169866,50
32948,169916,50
32949,169966,50
32950,170016,50
32951,170066,50
32952,170116,50
32953,170166,50
32954,170216,50
32955,170266,50
32956,170316,50
32957,170366,50
32958,170416,50
32959,170466,50
32960,170516,50
32961,170566,50
32962,170616,50
32963,170666,50
32964,170716,50
32965,170766,50
32966,170816,50
32967,170866,50
32968,170916,50
32969,170966,50
32970,171016,50
32971,171066,50
32972,171116,50
32973,171166,50
32974,171216,50
32975,171266,50
32976,171316,50
32977,171366,50
32978,171416,50
32979,171466,50
32980,171516,50
32981,171566,50
32982,171616,50
32983,171666,50
32984,171716,50
32985,171766,50
32986,171816,50
32987,171866,50
32988,171916,50
32989,171966,50
32990,172016,50
32991,172066,50
32992,172116,50
32993,172166,50
32994,172216,50
32995,172266,50
32996,172316,50
32997,172366,50
32998,172416,50
32999,172466,50
33000,172516,50
33001,172566,50
33002,172616,50
33003,172666,50
33004,172716,50
33005,172766,50
33006,172816,50
33007,172866,50
33008,172916,50
33009,172966,50
33010,173016,50
33011,173066,50
33012,173116,50
33013,173166,50
33014,173216,50
33015,173266,50
33016,173316,50
33017,173366,50
33018,173416,50
33019,173466,50
33020,173516,50
33021,173566,50
33022,173616,50
33023,173666,50
33024,173716,50
33025,173766,50
33026,173816,51
33027,173867,50
33028,173917,50
33029,173967,50
33030,174017,50
33031,174067,50
33032,174117,50
33033,174167,50
33034,174217,50
33035,174267,50
33036,174317,50
33037,174367,50
33038,174417,50
33039,174467,50
33040,174517,50
33041,174567,50
33042,174617,50
33043,174667,50
33044,174717,50
33045,174767,50
33046,174817,50
33047,174867,50
33048,174917,50
33049,174967,50
33050,175017,50
33051,175067,50
33052,175117,50
33053,175167,50
33054,175217,50
33055,175267,50
33056,175317,50
33057,175367,50
33058,175417,50
33059,175467,50
33060,175517,50
33061,175567,50
33062,175617,50
33063,175667,50
33064,175717,50
33065,175767,50
33066,175817,50
33067,175867,50
33068,175917,50
33069,175967,50
33070,176017,50
33071,176067,50
33072,176117,50
33073,176167,50
33074,176217,50
33075,176267,50
33076,176317,50
33077,176367,50
33078,176417,50
33079,176467,50
33080,176517,50
33081,176567,50
33082,176617,50
33083,176667,50
33084,176717,50
33085,176767,50
33086,176817,50
33087,176867,50
33088,176917,50
33089,176967,50
33090,177017,50
33091,177067,50
33092,177117,50
33093,177167,50
33094,177217,50
33095,177267,50
33096,177317,50
33097,177367,50
33098,177417,50
33099,177467,50
33100,177517,50
33101,177567,50
33102,177617,50
33103,177667,50
33104,177717,50
33105,177767,50
33106,177817,50
33107,177867,50
33108,177917,50
33109,177967,50
33110,178017,50
33111,178067,50
33112,178117,50
33113,178167,50
33114,178217,50
33115,178267,50
33116,178317,50
33117,178367,50
33118,178417,50
33119,178467,50
33120,178517,50
33121,178567,50
33122,178617,50
33123,178667,50
33124,178717,50
33125,178767,50
33126,178817,50
33127,178867,50
33128,178917,50
33129,178967,50
33130,179017,50
33131,179067,50
33132,179117,50
33133,179167,50
33134,179217,50
33135,179267,50
33136,179317,50
33137,179367,50
33138,179417,50
33139,179467,50
33140,179517,50
33141,179567,50
33142,179617,50
33143,179667,50
33144,179717,50
33145,179767,50
33146,179817,50
33147,179867,50
33148,179917,50
33149,179967,50
33150,180017,50
33151,180067,50
33152,180117,50
33153,180167,50
33154,180217,50
33155,180267,50
33156,180317,50
33157,180367,50
33158,180417,50
33159,180467,50
33160,180517,50
33161,180567,50
33162,180617,50
33163,180667,50
33164,180717,50
33165,180767,50
33166,180817,50
33167,180867,50
33168,180917,50
33169,180967,50
33170,181017,50
33171,181067,50
33172,181117,50
33173,181167,50
33174,181217,50
33175,181267,50
33176,181317,50
33177,181367,50
33178,181417,50
33179,181467,50
33180,181517,50
33181,181567,50
33182,181617,50
33183,181667,50
33184,181717,50
33185,181767,50
33186,181817,50
33187,181867,50
33188,181917,50
33189,181967,50
33190,182017,50
33191,182067,50
33192,182117,50
33193,182167,50
33194,182217,50
33195,182267,50
33196,182317,50
33197,182367,50
33198,182417,50
33199,182467,50
33200,182517,50
33201,182567,50
33202,182617,50
33203,182667,50
33204,182717,50
33205,182767,50
33206,182817,50
33207,182867,50
33208,182917,50
33209,182967,50
33210,183017,50
33211,183067,50
33212,183117,50
33213,183167,50
33214,183217,50
33215,183267,50
33216,183317,50
33217,183367,50
33218,183417,50
33219,183467,50
33220,183517,50
33221,183567,50
33222,183617,50
33223,183667,50
33224,183717,50
33225,183767,50
33226,183817,50
33227,183867,50
33228,183917,50
33229,183967,50
33230,184017,50
33231,184067,50
33232,184117,50
33233,184167,50
33234,184217,50
33235,184267,50
33236,184317,50
33237,184367,50
33238,184417,50
33239,184467,50
33240,184517,50
33241,184567,50
33242,184617,50
33243,184667,50
33244,184717,50
33245,184767,50
33246,184817,50
33247,184867,50
33248,184917,50
33249,184967,50
33250,185017,50
33251,185067,50
33252,185117,50
33253,185167,50
33254,185217,50
33255,185267,50
33256,185317,50
33257,185367,50
33258,185417,50
33259,185467,50
33260,185517,50
33261,185567,50
33262,185617,50
33263,185667,50
33264,185717,50
33265,185767,50
33266,185817,50
33267,185867,50
33268,185917,50
33269,185967,50
33270,186017,50
33271,186067,50
33272,186117,50
33273,186167,50
33274,186217,50
33275,186267,50
33276,186317,50
33277,186367,50
33278,186417,50
33279,186467,50
33280,186517,50
33281,186567,50
33282,186617,50
33283,186667,50
33284,186717,50
33285,186767,50
33286,186817,50
33287,186867,50
33288,186917,50
33289,186967,50
33290,187017,50
33291,187067,50
33292,187117,50
33293,187167,50
33294,187217,50
33295,187267,50
33296,187317,50
33297,187367,50
33298,187417,50
33299,187467,50
33300,187517,50
33301,187567,50
33302,187617,50
33303,187667,50
33304,187717,50
33305,187767,50
33306,187817,50
33307,187867,50
33308,187917,50
33309,187967,50
33310,188017,50
33311,188067,50
33312,188117,50
33313,188167,50
33314,188217,50
33315,188267,50
33316,188317,50
33317,188367,50
33318,188417,50
33319,188467,50
33320,188517,50
33321,188567,50
33322,188617,50
33323,188667,50
33324,188717,50
33325,188767,50
33326,188817,50
33327,188867,50
33328,188917,50
33329,188967,50
33330,189017,50
33331,189067,50
33332,189117,50
33333,189167,50
33334,189217,50
33335,189267,50
33336,189317,50
33337,189367,50
33338,189417,50
33339,189467,50
33340,189517,50
33341,189567,50
33342,189617,50
33343,189667,50
33344,189717,50
33345,189767,50
33346,189817,50
33347,189867,50
33348,189917,50
33349,189967,50
33350,190017,50
33351,190067,50
33352,190117,50
33353,190167,50
33354,190217,50
33355,190267,50
33356,190317,50
33357,190367,50
33358,190417,50
33359,190467,50
33360,190517,50
33361,190567,50
33362,190617,50
33363,190667,50
33364,190717,50
33365,190767,50
33366,190817,50
33367,190867,50
33368,190917,50
33369,190967,50
33370,191017,50
33371,191067,50
33372,191117,50
33373,191167,50
33374,191217,50
33375,191267,50
33376,191317,50
33377,191367,50
33378,191417,50
33379,191467,50
33380,191517,50
33381,191567,50
33382,191617,50
33383,191667,50
33384,191717,50
33385,191767,50
33386,191817,50
33387,191867,50
33388,191917,50
33389,191967,50
33390,192017,50
33391,192067,50
33392,192117,50
33393,192167,50
33394,192217,50
33395,192267,50
33396,192317,50
33397,192367,50
33398,192417,50
33399,192467,50
33400,192517,50
33401,192567,50
33402,192617,50
33403,192667,50
33404,192717,50
33405,192767,50
33406,192817,50
33407,192867,50
33408,192917,50
33409,192967,50
33410,193017,50
33411,193067,50
33412,193117,50
33413,193167,50
33414,193217,50
33415,193267,50
33416,193317,50
33417,193367,50
33418,193417,50
33419,193467,50
33420,193517,50
33421,193567,50
33422,193617,50
33423,193667,50
33424,193717,50
33425,193767,50
33426,193817,50
33427,193867,50
33428,193917,50
33429,193967,50
33430,194017,50
33431,194067,50
33432,194117,50
33433,194167,50
33434,194217,50
33435,194267,50
33436,194317,50
33437,194367,50
33438,194417,50
33439,194467,50
33440,194517,50
33441,194567,50
33442,194617,50
33443,194667,50
33444,194717,50
33445,194767,50
33446,194817,50
33447,194867,50
33448,194917,50
33449,194967,50
33450,195017,50
33451,195067,50
33452,195117,50
33453,195167,50
33454,195217,50
33455,195267,50
33456,195317,50
33457,195367,50
33458,195417,50
33459,195467,50
33460,195517,50
33461,195567,50
33462,195617,50
33463,195667,50
33464,195717,50
33465,195767,50
33466,195817,50
33467,195867,50
33468,195917,50
33469,195967,50
33470,196017,50
33471,196067,50
33472,196117,50
33473,196167,50
33474,196217,50
33475,196267,50
33476,196317,50
33477,196367,50
33478,196417,50
33479,196467,50
33480,196517,50
33481,196567,50
33482,196617,50
33483,196667,50
33484,196717,50
33485,196767,50
33486,196817,50
33487,196867,50
33488,196917,50
33489,196967,50
33490,197017,50
33491,197067,50
33492,197117,50
33493,197167,50
33494,197217,50
33495,197267,50
33496,197317,50
33497,197367,50
33498,197417,50
33499,197467,50
33500,197517,50
33501,197567,50
33502,197617,50
33503,197667,50
33504,197717,50
33505,197767,50
33506,197817,50
33507,197867,50
33508,197917,50
33509,197967,50
33510,198017,50
33511,198067,50
33512,198117,50
33513,198167,50
33514,198217,50
33515,198267,50
33516,198317,50
33517,198367,50
33518,198417,50
33519,198467,50
33520,198517,50
33521,198567,50
33522,198617,50
33523,198667,50
33524,198717,50
33525,198767,50
33526,198817,50
33527,198867,50
33528,198917,50
33529,198967,50
33530,199017,50
33531,199067,50
33532,199117,50
33533,199167,50
33534,199217,50
33535,199267,50
33536,199317,50
33537,199367,50
33538,199417,50
33539,199467,50
33540,199517,50
33541,199567,50
33542,199617,50
33543,199667,50
33544,199717,50
33545,199767,50
33546,199817,50
33547,199867,50
33548,199917,50
33549,199967,50
33550,200017,50
33551,200067,50
33552,200117,50
33553,200167,50
33554,200217,50
33555,200267,50
33556,200317,50
33557,200367,50
33558,200417,50
33559,200467,50
33560,200517,50
33561,200567,50
33562,200617,50
33563,200667,50
33564,200717,50
33565,200767,50
33566,200817,51
33567,200868,50
33568,200918,50
33569,200968,50
33570,201018,50
33571,201068,50
33572,201118,50
33573,201168,50
33574,201218,50
33575,201268,50
33576,201318,50
33577,201368,50
33578,201418,50
33579,201468,50
33580,201518,50
33581,201568,50
33582,201618,50
33583,201668,50
33584,201718,50
33585,201768,50
33586,201818,50
33587,201868,50
33588,201918,50
33589,201968,50
33590,202018,50
33591,202068,50
33592,202118,50
33593,202168,50
33594,202218,50
33595,202268,50
33596,202318,50
33597,202368,50
33598,202418,50
33599,202468,50
33600,202518,50
33601,202568,50
33602,202618,50
33603,202668,50
33604,202718,50
33605,202768,50
33606,202818,50
33607,202868,50
33608,202918,50
33609,202968,50
33610,203018,50
33611,203068,50
33612,203118,50
33613,203168,50
33614,203218,50
33615,203268,50
33616,203318,50
33617,203368,50
33618,203418,50
33619,203468,50
33620,203518,50
33621,203568,50
33622,203618,50
33623,203668,50
33624,203718,50
33625,203768,50
33626,203818,50
33627,203868,50
33628,203918,50
33629,203968,50
33630,204018,50
33631,204068,50
33632,204118,50
33633,204168,50
33634,204218,50
33635,204268,50
33636,204318,50
33637,204368,50
33638,204418,50
33639,204468,50
33640,204518,50
33641,204568,50
33642,204618,50
33643,204668,50
33644,204718,50
33645,204768,50
33646,204818,50
33647,204868,50
33648,204918,50
33649,204968,50
33650,205018,50
33651,205068,50
33652,205118,50
33653,205168,50
33654,205218,50
33655,205268,50
33656,205318,50
33657,205368,50
33658,205418,50
33659,205468,50
33660,205518,50
33661,205568,50
33662,205618,50
33663,205668,50
33664,205718,50
33665,205768,50
33666,205818,50
33667,205868,50
33668,205918,50
33669,205968,50
33670,206018,50
33671,206068,50
33672,206118,50
33673,206168,50
33674,206218,50
33675,206268,50
33676,206318,50
33677,206368,50
33678,206418,50
33679,206468,50
33680,206518,50
33681,206568,50
33682,206618,50
33683,206668,50
33684,206718,50
33685,206768,50
33686,206818,50
33687,206868,50
33688,206918,50
33689,206968,50
33690,207018,50
33691,207068,50
33692,207118,50
33693,207168,50
33694,207218,50
33695,207268,50
33696,207318,50
33697,207368,50
33698,207418,50
33699,207468,50
33700,207518,50
33701,207568,50
33702,207618,50
33703,207668,50
33704,207718,50
33705,207768,50
33706,207818,50
33707,207868,50
33708,207918,50
33709,207968,50
33710,208018,50
33711,208068,50
33712,208118,50
33713,208168,50
33714,208218,50
33715,208268,50
33716,208318,50
33717,208368,50
33718,208418,50
33719,208468,50
33720,208518,50
33721,208568,50
33722,208618,50
33723,208668,50
33724,208718,50
33725,208768,50
33726,208818,50
33727,208868,50
33728,208918,50
33729,208968,50
33730,209018,50
33731,209068,50
33732,209118,50
33733,209168,50
33734,209218,50
33735,209268,50
33736,209318,50
33737,209368,50
33738,209418,50
33739,209468,50
33740,209518,50
33741,209568,50
33742,209618,50
33743,209668,50
33744,209718,50
33745,209768,50
33746,209818,50
33747,209868,50
33748,209918,50
33749,209968,50
33750,210018,50
33751,210068,50
33752,210118,50
33753,210168,50
33754,210218,50
33755,210268,50
33756,210318,50
33757,210368,50
33758,210418,50
33759,210468,50
33760,210518,50
33761,210568,50
33762,210618,50
33763,210668,50
33764,210718,50
33765,210768,50
33766,210818,50
33767,210868,50
33768,210918,50
33769,210968,50
33770,211018,50
33771,211068,50
33772,211118,50
33773,211168,50
33774,211218,50
33775,211268,50
33776,211318,50
33777,211368,50
33778,211418,50
33779,211468,50
33780,211518,50
33781,211568,50
33782,211618,50
33783,211668,50
33784,211718,50
33785,211768,50
33786,211818,50
33787,211868,50
33788,211918,50
33789,211968,50
33790,212018,50
33791,212068,50
33792,212118,50
33793,212168,50
33794,212218,50
33795,212268,50
33796,212318,50
33797,212368,50
33798,212418,50
33799,212468,50
33800,212518,50
33801,212568,50
33802,212618,50
33803,212668,50
33804,212718,50
33805,212768,50
33806,212818,50
33807,212868,50
33808,212918,50
33809,212968,50
33810,213018,50
33811,213068,50
33812,213118,50
33813,213168,50
33814,213218,50
33815,213268,50
33816,213318,50
33817,213368,50
33818,213418,50
33819,213468,50
33820,213518,50
33821,213568,50
33822,213618,50
33823,213668,50
33824,213718,50
33825,213768,50
33826,213818,50
33827,213868,50
33828,213918,50
33829,213968,50
33830,214018,50
33831,214068,50
33832,214118,50
33833,214168,50
33834,214218,50
33835,214268,50
33836,214318,50
33837,214368,50
33838,214418,50
33839,214468,50
33840,214518,50
33841,214568,50
33842,214618,50
33843,214668,50
33844,214718,50
33845,214768,50
33846,214818,50
33847,214868,50
33848,214918,50
33849,214968,50
33850,215018,50
33851,215068,50
33852,215118,50
33853,215168,50
33854,215218,50
33855,215268,50
33856,215318,50
33857,215368,50
33858,215418,50
33859,215468,50
33860,215518,50
33861,215568,50
33862,215618,50
33863,215668,50
33864,215718,50
33865,215768,50
33866,215818,50
33867,215868,50
33868,215918,50
33869,215968,50
33870,216018,50
33871,216068,50
33872,216118,50
33873,216168,50
33874,216218,50
33875,216268,50
33876,216318,50
33877,216368,50
33878,216418,50
33879,216468,50
33880,216518,50
33881,216568,50
33882,216618,50
33883,216668,50
33884,216718,50
33885,216768,50
33886,216818,50
33887,216868,50
33888,216918,50
33889,216968,50
33890,217018,50
33891,217068,50
33892,217118,50
33893,217168,50
33894,217218,50
33895,217268,50
33896,217318,50
33897,217368,50
33898,217418,50
33899,217468,50
33900,217518,50
33901,217568,50
33902,217618,50
33903,217668,50
33904,217718,50
33905,217768,50
33906,217818,50
33907,217868,50
33908,217918,50
33909,217968,50
33910,218018,50
33911,218068,50
33912,218118,50
33913,218168,50
33914,218218,50
33915,218268,50
33916,218318,50
33917,218368,50
33918,218418,50
33919,218468,50
33920,218518,50
33921,218568,50
33922,218618,50
33923,218668,50
33924,218718,50
33925,218768,50
33926,218818,50
33927,218868,50
33928,218918,50
33929,218968,50
33930,219018,50
33931,219068,50
33932,219118,50
33933,219168,50
33934,219218,50
33935,219268,50
33936,219318,50
33937,219368,50
33938,219418,50
33939,219468,50
33940,219518,50
33941,219568,50
33942,219618,50
33943,219668,50
33944,219718,50
33945,219768,50
33946,219818,50
33947,219868,50
33948,219918,50
33949,219968,50
33950,220018,50
33951,220068,50
33952,220118,50
33953,220168,50
33954,220218,50
33955,220268,50
33956,220318,50
33957,220368,50
33958,220418,50
33959,220468,50
33960,220518,50
33961,220568,50
33962,220618,50
33963,220668,50
33964,220718,50
33965,220768,50
33966,220818,50
33967,220868,50
33968,220918,50
33969,220968,50
33970,221018,50
33971,221068,50
33972,221118,50
33973,221168,50
33974,221218,50
33975,221268,50
33976,221318,50
33977,221368,50
33978,221418,50
33979,221468,50
33980,221518,50
33981,221568,50
33982,221618,50
33983,221668,50
33984,221718,50
33985,221768,50
33986,221818,50
33987,221868,50
33988,221918,50
33989,221968,50
33990,222018,50
33991,222068,50
33992,222118,50
33993,222168,50
33994,222218,50
33995,222268,50
33996,222318,50
33997,222368,50
33998,222418,50
33999,222468,50
34000,222518,50
34001,222568,50
34002,222618,50
34003,222668,50
34004,222718,50
34005,222768,50
34006,222818,50
34007,222868,50
34008,222918,50
34009,222968,50
34010,223018,50
34011,223068,50
34012,223118,50
34013,223168,50
34014,223218,50
34015,223268,50
34016,223318,50
34017,223368,50
34018,223418,50
34019,223468,50
34020,223518,50
34021,223568,50
34022,223618,50
34023,223668,50
34024,223718,50
34025,223768,50
34026,223818,50
34027,223868,50
34028,223918,50
34029,223968,50
34030,224018,50
34031,224068,50
34032,224118,50
34033,224168,50
34034,224218,50
34035,224268,50
34036,224318,50
34037,224368,50
34038,224418,50
34039,224468,50
34040,224518,50
34041,224568,50
34042,224618,50
34043,224668,50
34044,224718,50
34045,224768,50
34046,224818,50
34047,224868,50
34048,224918,50
34049,224968,50
34050,225018,50
34051,225068,50
34052,225118,50
34053,225168,50
34054,225218,50
34055,225268,50
34056,225318,50
34057,225368,50
34058,225418,50
34059,225468,50
34060,225518,50
34061,225568,50
34062,225618,50
34063,225668,50
34064,225718,50
34065,225768,50
34066,225818,50
34067,225868,50
34068,225918,50
34069,225968,50
34070,226018,50
34071,226068,50
34072,226118,50
34073,226168,50
34074,226218,50
34075,226268,50
34076,226318,50
34077,226368,50
34078,226418,50
34079,226468,50
34080,226518,50
34081,226568,50
34082,226618,50
34083,226668,50
34084,226718,50
34085,226768,50
34086,226818,50
34087,226868,50
34088,226918,50
34089,226968,50
34090,227018,50
34091,227068,50
34092,227118,50
34093,227168,50
34094,227218,50
34095,227268,50
34096,227318,50
34097,227368,50
34098,227418,50
34099,227468,50
34100,227518,50
34101,227568,50
34102,227618,50
34103,227668,50
34104,227718,50
34105,227768,50
34106,227818,50
34107,227868,50
34108,227918,50
34109,227968,50
34110,228018,50
34111,228068,50
34112,228118,50
34113,228168,50
34114,228218,50
34115,228268,50
34116,228318,50
34117,228368,50
34118,228418,50
34119,228468,50
34120,228518,50
34121,228568,50
34122,228618,50
34123,228668,50
34124,228718,50
34125,228768,50
34126,228818,50
34127,228868,50
34128,228918,50
34129,228968,50
34130,229018,50
34131,229068,50
34132,229118,50
34133,229168,50
34134,229218,50
34135,229268,50
34136,229318,50
34137,229368,50
34138,229418,50
34139,229468,50
34140,229518,50
34141,229568,50
34142,229618,50
34143,229668,50
34144,229718,50
34145,229768,50
34146,229818,50
34147,229868,50
34148,229918,50
34149,229968,50
34150,230018,50
34151,230068,50
34152,230118,50
34153,230168,50
34154,230218,50
34155,230268,50
34156,230318,50
34157,230368,50
34158,230418,50
34159,230468,50
34160,230518,50
34161,230568,50
34162,230618,50
34163,230668,50
34164,230718,50
34165,230768,50
34166,230818,50
34167,230868,50
34168,230918,50
34169,230968,50
34170,231018,50
34171,231068,50
34172,231118,50
34173,231168,50
34174,231218,50
34175,231268,50
34176,231318,50
34177,231368,50
34178,231418,50
34179,231468,50
34180,231518,50
34181,231568,50
34182,231618,50
34183,231668,50
34184,231718,50
34185,231768,51
34186,231819,50
34187,231869,50
34188,231919,50
34189,231969,50
34190,232019,50
34191,232069,50
34192,232119,50
34193,232169,50
34194,232219,50
34195,232269,50
34196,232319,50
34197,232369,50
34198,232419,50
34199,232469,50
34200,232519,50
34201,232569,50
34202,232619,50
34203,232669,50
34204,232719,50
34205,232769,50
34206,232819,50
34207,232869,50
34208,232919,50
34209,232969,50
34210,233019,50
34211,233069,50
34212,233119,50
34213,233169,50
34214,233219,50
34215,233269,50
34216,233319,50
34217,233369,50
34218,233419,50
34219,233469,50
34220,233519,50
34221,233569,50
34222,233619,50
34223,233669,50
34224,233719,50
34225,233769,50
34226,233819,50
34227,233869,50
34228,233919,50
34229,233969,50
34230,234019,50
34231,234069,50
34232,234119,50
34233,234169,50
34234,234219,50
34235,234269,50
34236,234319,50
34237,234369,50
34238,234419,50
34239,234469,50
34240,234519,50
34241,234569,50
34242,234619,50
34243,234669,50
34244,234719,50
34245,234769,50
34246,234819,50
34247,234869,50
34248,234919,50
34249,234969,50
34250,235019,50
34251,235069,50
34252,235119,50
34253,235169,50
34254,235219,50
34255,235269,50
34256,235319,50
34257,235369,50
34258,235419,50
34259,235469,50
34260,235519,50
34261,235569,50
34262,235619,50
34263,235669,50
34264,235719,50
34265,235769,50
34266,235819,50
34267,235869,50
34268,235919,50
34269,235969,50
34270,236019,50
34271,236069,50
34272,236119,50
34273,236169,50
34274,236219,50
34275,236269,50
34276,236319,50
34277,236369,50
34278,236419,50
34279,236469,50
34280,236519,50
34281,236569,50
34282,236619,50
34283,236669,50
34284,236719,50
34285,236769,50
34286,236819,50
34287,236869,50
34288,236919,50
34289,236969,50
34290,237019,50
34291,237069,50
34292,237119,50
34293,237169,50
34294,237219,50
34295,237269,50
34296,237319,50
34297,237369,50
34298,237419,50
34299,237469,50
34300,237519,50
34301,237569,50
34302,237619,50
34303,237669,50
34304,237719,50
34305,237769,50
34306,237819,50
34307,237869,50
34308,237919,50
34309,237969,50
34310,238019,50
34311,238069,50
34312,238119,50
34313,238169,50
34314,238219,50
34315,238269,50
34316,238319,50
34317,238369,50
34318,238419,50
34319,238469,50
34320,238519,50
34321,238569,50
34322,238619,50
34323,238669,50
34324,238719,50
34325,238769,50
34326,238819,50
34327,238869,50
34328,238919,50
34329,238969,50
34330,239019,50
34331,239069,50
34332,239119,50
34333,239169,50
34334,239219,50
34335,239269,50
34336,239319,50
34337,239369,50
34338,239419,50
34339,239469,50
34340,239519,50
34341,239569,50
34342,239619,50
34343,239669,50
34344,239719,50
34345,239769,50
34346,239819,50
34347,239869,50
34348,239919,50
34349,239969,50
34350,240019,50
34351,240069,50
34352,240119,50
34353,240169,50
34354,240219,50
34355,240269,50
34356,240319,50
34357,240369,50
34358,240419,50
34359,240469,50
34360,240519,50
34361,240569,50
34362,240619,50
34363,240669,50
34364,240719,50
34365,240769,50
34366,240819,50
34367,240869,50
34368,240919,50
34369,240969,50
34370,241019,50
34371,241069,50
34372,241119,50
34373,241169,50
34374,241219,50
34375,241269,50
34376,241319,50
34377,241369,50
34378,241419,50
34379,241469,50
34380,241519,50
34381,241569,50
34382,241619,50
34383,241669,50
34384,241719,50
34385,241769,50
34386,241819,50
34387,241869,50
34388,241919,50
34389,241969,50
34390,242019,50
34391,242069,50
34392,242119,50
34393,242169,50
34394,242219,50
34395,242269,50
34396,242319,50
34397,242369,50
34398,242419,50
34399,242469,50
34400,242519,50
34401,242569,50
34402,242619,50
34403,242669,50
34404,242719,50
34405,242769,50
34406,242819,50
34407,242869,50
34408,242919,50
34409,242969,50
34410,243019,50
34411,243069,50
34412,243119,50
34413,243169,50
34414,243219,50
34415,243269,50
34416,243319,50
34417,243369,50
34418,243419,50
34419,243469,50
34420,243519,50
34421,243569,50
34422,243619,50
34423,243669,50
34424,243719,50
34425,243769,50
34426,243819,50
34427,243869,50
34428,243919,50
34429,243969,50
34430,244019,50
34431,244069,50
34432,244119,50
34433,244169,50
34434,244219,50
34435,244269,50
34436,244319,50
34437,244369,50
34438,244419,50
34439,244469,50
34440,244519,50
34441,244569,50
34442,244619,50
34443,244669,50
34444,244719,50
34445,244769,50
34446,244819,50
34447,244869,50
34448,244919,50
34449,244969,50
34450,245019,50
34451,245069,50
34452,245119,50
34453,245169,50
34454,245219,50
34455,245269,50
34456,245319,50
34457,245369,50
34458,245419,50
34459,245469,50
34460,245519,50
34461,245569,50
34462,245619,50
34463,245669,50
34464,245719,50
34465,245769,50
34466,245819,50
34467,245869,50
34468,245919,50
34469,245969,50
34470,246019,50
34471,246069,50
34472,246119,50
34473,246169,50
34474,246219,50
34475,246269,50
34476,246319,50
34477,246369,50
34478,246419,50
34479,246469,50
34480,246519,50
34481,246569,50
34482,246619,50
34483,246669,50
34484,246719,50
34485,246769,50
34486,246819,50
34487,246869,50
34488,246919,50
34489,246969,50
34490,247019,50
34491,247069,50
34492,247119,50
34493,247169,50
34494,247219,50
34495,247269,50
34496,247319,50
34497,247369,50
34498,247419,50
34499,247469,50
34500,247519,50
34501,247569,50
34502,247619,50
34503,247669,50
34504,247719,50
34505,247769,50
34506,247819,50
34507,247869,50
34508,247919,50
34509,247969,50
34510,248019,50
34511,248069,50
34512,248119,50
34513,248169,50
34514,248219,50
34515,248269,50
34516,248319,50
34517,248369,50
34518,248419,50
34519,248469,50
34520,248519,50
34521,248569,50
34522,248619,50
34523,248669,50
34524,248719,50
34525,248769,50
34526,248819,50
34527,248869,50
34528,248919,50
34529,248969,50
34530,249019,50
34531,249069,50
34532,249119,50
34533,249169,50
34534,249219,50
34535,249269,50
34536,249319,50
34537,249369,50
34538,249419,50
34539,249469,50
34540,249519,50
34541,249569,50
34542,249619,50
34543,249669,50
34544,249719,50
34545,249769,50
34546,249819,50
34547,249869,50
34548,249919,50
34549,249969,50
34550,250019,50
34551,250069,50
34552,250119,50
34553,250169,50
34554,250219,50
34555,250269,50
34556,250319,50
34557,250369,50
34558,250419,50
34559,250469,50
34560,250519,50
34561,250569,50
34562,250619,50
34563,250669,50
34564,250719,50
34565,250769,50
34566,250819,50
34567,250869,50
34568,250919,50
34569,250969,50
34570,251019,50
34571,251069,50
34572,251119,50
34573,251169,50
34574,251219,50
34575,251269,50
34576,251319,50
34577,251369,50
34578,251419,50
34579,251469,50
34580,251519,50
34581,251569,50
34582,251619,50
34583,251669,50
34584,251719,50
34585,251769,50
34586,251819,50
34587,251869,50
34588,251919,50
34589,251969,50
34590,252019,50
34591,252069,50
34592,252119,50
34593,252169,50
34594,252219,50
34595,252269,50
34596,252319,50
34597,252369,50
34598,252419,50
34599,252469,50
34600,252519,50
34601,252569,50
34602,252619,50
34603,252669,50
34604,252719,50
34605,252769,50
34606,252819,50
34607,252869,50
34608,252919,50
34609,252969,50
34610,253019,50
34611,253069,50
34612,253119,50
34613,253169,50
34614,253219,50
34615,253269,50
34616,253319,50
34617,253369,50
34618,253419,50
34619,253469,50
34620,253519,50
34621,253569,50
34622,253619,50
34623,253669,50
34624,253719,50
34625,253769,50
34626,253819,50
34627,253869,50
34628,253919,50
34629,253969,50
34630,254019,50
34631,254069,50
34632,254119,50
34633,254169,50
34634,254219,50
34635,254269,50
34636,254319,50
34637,254369,50
34638,254419,50
34639,254469,50
34640,254519,50
34641,254569,50
34642,254619,50
34643,254669,50
34644,254719,50
34645,254769,50
34646,254819,50
34647,254869,50
34648,254919,50
34649,254969,50
34650,255019,50
34651,255069,50
34652,255119,50
34653,255169,50
34654,255219,50
34655,255269,50
34656,255319,50
34657,255369,50
34658,255419,50
34659,255469,50
34660,255519,50
34661,255569,50
34662,255619,50
34663,255669,50
34664,255719,50
34665,255769,50
34666,255819,50
34667,255869,50
34668,255919,50
34669,255969,50
34670,256019,50
34671,256069,50
34672,256119,50
34673,256169,50
34674,256219,50
34675,256269,50
34676,256319,50
34677,256369,50
34678,256419,50
34679,256469,50
34680,256519,50
34681,256569,50
34682,256619,50
34683,256669,50
34684,256719,50
34685,256769,50
34686,256819,50
34687,256869,50
34688,256919,50
34689,256969,50
34690,257019,50
34691,257069,50
34692,257119,50
34693,257169,50
34694,257219,50
34695,257269,50
34696,257319,50
34697,257369,50
34698,257419,50
34699,257469,50
34700,257519,50
34701,257569,50
34702,257619,50
34703,257669,50
34704,257719,50
34705,257769,50
34706,257819,50
34707,257869,50
34708,257919,50
34709,257969,50
34710,258019,50
34711,258069,50
34712,258119,50
34713,258169,50
34714,258219,50
34715,258269,50
34716,258319,50
34717,258369,50
34718,258419,50
34719,258469,50
34720,258519,50
34721,258569,50
34722,258619,50
34723,258669,50
34724,258719,50
34725,258769,50
34726,258819,50
34727,258869,50
34728,258919,50
34729,258969,50
34730,259019,50
34731,259069,50
34732,259119,50
34733,259169,50
34734,259219,50
34735,259269,50
34736,259319,50
34737,259369,50
34738,259419,50
34739,259469,50
34740,259519,50
34741,259569,50
34742,259619,50
34743,259669,50
34744,259719,50
34745,259769,50
34746,259819,50
34747,259869,50
34748,259919,51
34749,259970,50
34750,260020,50
34751,260070,50
34752,260120,50
34753,260170,50
34754,260220,50
34755,260270,50
34756,260320,50
34757,260370,50
34758,260420,50
34759,260470,50
34760,260520,50
34761,260570,50
34762,260620,50
34763,260670,50
34764,260720,50
34765,260770,50
34766,260820,50
34767,260870,50
34768,260920,50
34769,260970,50
34770,261020,50
34771,261070,50
34772,261120,50
34773,261170,50
34774,261220,50
34775,261270,50
34776,261320,50
34777,261370,50
34778,261420,50
34779,261470,50
34780,261520,50
34781,261570,50
34782,261620,50
34783,261670,50
34784,261720,50
34785,261770,50
34786,261820,50
34787,261870,50
34788,261920,50
34789,261970,50
34790,262020,50
34791,262070,50
34792,262120,50
34793,262170,50
34794,262220,50
34795,262270,50
34796,262320,50
34797,262370,50
34798,262420,50
34799,262470,50
34800,262520,50
34801,262570,50
34802,262620,50
34803,262670,50
34804,262720,50
34805,262770,50
34806,262820,50
34807,262870,50
34808,262920,50
34809,262970,50
34810,263020,50
34811,263070,50
34812,263120,50
34813,263170,50
34814,263220,50
34815,263270,50
34816,263320,50
34817,263370,50
34818,263420,50
34819,263470,50
34820,263520,50
34821,263570,50
34822,263620,50
34823,263670,50
34824,263720,50
34825,263770,50
34826,263820,50
34827,263870,50
34828,263920,50
34829,263970,50
34830,264020,50
34831,264070,50
34832,264120,50
34833,264170,50
34834,264220,50
34835,264270,50
34836,264320,50
34837,264370,50
34838,264420,50
34839,264470,50
34840,264520,50
34841,264570,50
34842,264620,50
34843,264670,50
34844,264720,50
34845,264770,50
34846,264820,50
34847,264870,50
34848,264920,50
34849,264970,50
34850,265020,50
34851,265070,50
34852,265120,50
34853,265170,50
34854,265220,50
34855,265270,50
34856,265320,50
34857,265370,50
34858,265420,50
34859,265470,50
34860,265520,50
34861,265570,50
34862,265620,50
34863,265670,50
34864,265720,50
34865,265770,50
34866,265820,50
34867,265870,50
34868,265920,50
34869,265970,50
34870,266020,50
34871,266070,50
34872,266120,50
34873,266170,50
34874,266220,50
34875,266270,50
34876,266320,50
34877,266370,50
34878,266420,50
34879,266470,50
34880,266520,50
34881,266570,50
34882,266620,50
34883,266670,50
34884,266720,50
34885,266770,50
34886,266820,50
34887,266870,50
34888,266920,50
34889,266970,50
34890,267020,50
34891,267070,50
34892,267120,50
34893,267170,50
34894,267220,50
34895,267270,50
34896,267320,50
34897,267370,50
34898,267420,50
34899,267470,50
34900,267520,50
34901,267570,50
34902,267620,50
34903,267670,50
34904,267720,50
34905,267770,50
34906,267820,50
34907,267870,50
34908,267920,50
34909,267970,50
34910,268020,50
34911,268070,50
34912,268120,50
34913,268170,50
34914,268220,50
34915,268270,50
34916,268320,50
34917,268370,50
34918,268420,50
34919,268470,50
34920,268520,50
34921,268570,50
34922,268620,50
34923,268670,50
34924,268720,50
34925,268770,50
34926,268820,50
34927,268870,50
34928,268920,50
34929,268970,50
34930,269020,50
34931,269070,50
34932,269120,50
34933,269170,50
34934,269220,50
34935,269270,50
34936,269320,50
34937,269370,50
34938,269420,50
34939,269470,50
34940,269520,50
34941,269570,50
34942,269620,50
34943,269670,50
34944,269720,50
34945,269770,50
34946,269820,50
34947,269870,50
34948,269920,50
34949,269970,50
34950,270020,50
34951,270070,50
34952,270120,50
34953,270170,50
34954,270220,50
34955,270270,50
34956,270320,50
34957,270370,50
34958,270420,50
34959,270470,50
34960,270520,50
34961,270570,50
34962,270620,50
34963,270670,50
34964,270720,50
34965,270770,50
34966,270820,50
34967,270870,50
34968,270920,50
34969,270970,50
34970,271020,50
34971,271070,50
34972,271120,50
34973,271170,50
34974,271220,50
34975,271270,50
34976,271320,50
34977,271370,50
34978,271420,50
34979,271470,50
34980,271520,50
34981,271570,50
34982,271620,50
34983,271670,50
34984,271720,50
34985,271770,50
34986,271820,50
34987,271870,50
34988,271920,50
34989,271970,50
34990,272020,50
34991,272070,50
34992,272120,50
34993,272170,50
34994,272220,50
34995,272270,50
34996,272320,50
34997,272370,50
34998,272420,50
34999,272470,50
35000,272520,50
35001,272570,50
35002,272620,50
35003,272670,50
35004,272720,50
35005,272770,50
35006,272820,50
35007,272870,50
35008,272920,50
35009,272970,50
35010,273020,50
35011,273070,50
35012,273120,50
35013,273170,50
35014,273220,50
35015,273270,50
35016,273320,50
35017,273370,50
35018,273420,50
35019,273470,50
35020,273520,50
35021,273570,50
35022,273620,50
35023,273670,50
35024,273720,50
35025,273770,50
35026,273820,50
35027,273870,50
35028,273920,50
35029,273970,50
35030,274020,50
35031,274070,50
35032,274120,50
35033,274170,50
35034,274220,50
35035,274270,50
35036,274320,50
35037,274370,50
35038,274420,50
35039,274470,50
35040,274520,50
35041,274570,50
35042,274620,50
35043,274670,50
35044,274720,50
35045,274770,50
35046,274820,50
35047,274870,50
35048,274920,50
35049,274970,50
35050,275020,50
35051,275070,50
35052,275120,50
35053,275170,50
35054,275220,50
35055,275270,50
35056,275320,50
35057,275370,50
35058,275420,50
35059,275470,50
35060,275520,50
35061,275570,50
35062,275620,50
35063,275670,50
35064,275720,50
35065,275770,50
35066,275820,50
35067,275870,50
35068,275920,50
35069,275970,50
35070,276020,50
35071,276070,50
35072,276120,50
35073,276170,50
35074,276220,50
35075,276270,50
35076,276320,50
35077,276370,50
35078,276420,50
35079,276470,50
35080,276520,50
35081,276570,50
35082,276620,50
35083,276670,50
35084,276720,50
35085,276770,50
35086,276820,50
35087,276870,50
35088,276920,50
35089,276970,50
35090,277020,50
35091,277070,50
35092,277120,50
35093,277170,50
35094,277220,50
35095,277270,50
35096,277320,50
35097,277370,50
35098,277420,50
35099,277470,50
35100,277520,50
35101,277570,50
35102,277620,50
35103,277670,50
35104,277720,50
35105,277770,50
35106,277820,50
35107,277870,50
35108,277920,50
35109,277970,50
35110,278020,50
35111,278070,50
35112,278120,50
35113,278170,50
35114,278220,50
35115,278270,50
35116,278320,50
35117,278370,50
35118,278420,50
35119,278470,50
35120,278520,50
35121,278570,50
35122,278620,50
35123,278670,50
35124,278720,50
35125,278770,50
35126,278820,50
35127,278870,50
35128,278920,50
35129,278970,50
35130,279020,50
35131,279070,50
35132,279120,50
35133,279170,50
35134,279220,50
35135,279270,50
35136,279320,50
35137,279370,50
35138,279420,50
35139,279470,50
35140,279520,50
35141,279570,50
35142,279620,50
35143,279670,50
35144,279720,50
35145,279770,50
35146,279820,50
35147,279870,50
35148,279920,50
35149,279970,50
35150,280020,50
35151,280070,50
35152,280120,50
35153,280170,50
35154,280220,50
35155,280270,50
35156,280320,50
35157,280370,50
35158,280420,50
35159,280470,50
35160,280520,50
35161,280570,50
35162,280620,50
35163,280670,50
35164,280720,50
35165,280770,50
35166,280820,50
35167,280870,50
35168,280920,50
35169,280970,50
35170,281020,50
35171,281070,50
35172,281120,50
35173,281170,50
35174,281220,50
35175,281270,50
35176,281320,50
35177,281370,50
35178,281420,50
35179,281470,50
35180,281520,50
35181,281570,50
35182,281620,50
35183,281670,50
35184,281720,50
35185,281770,50
35186,281820,50
35187,281870,50
35188,281920,50
35189,281970,50
35190,282020,50
35191,282070,50
35192,282120,50
35193,282170,50
35194,282220,50
35195,282270,50
35196,282320,50
35197,282370,50
35198,282420,50
35199,282470,50
35200,282520,50
35201,282570,50
35202,282620,50
35203,282670,50
35204,282720,50
35205,282770,50
35206,282820,50
35207,282870,50
35208,282920,50
35209,282970,50
35210,283020,50
35211,283070,50
35212,283120,50
35213,283170,50
35214,283220,50
35215,283270,50
35216,283320,50
35217,283370,50
35218,283420,50
35219,283470,50
35220,283520,50
35221,283570,50
35222,283620,50
35223,283670,50
35224,283720,50
35225,283770,50
35226,283820,50
35227,283870,50
35228,283920,50
35229,283970,50
35230,284020,50
35231,284070,50
35232,284120,50
35233,284170,50
35234,284220,50
35235,284270,50
35236,284320,50
35237,284370,50
35238,284420,50
35239,284470,50
35240,284520,50
35241,284570,50
35242,284620,50
35243,284670,50
35244,284720,50
35245,284770,50
35246,284820,50
35247,284870,50
35248,284920,50
35249,284970,50
35250,285020,50
35251,285070,50
35252,285120,50
35253,285170,50
35254,285220,50
35255,285270,50
35256,285320,50
35257,285370,50
35258,285420,50
35259,285470,50
35260,285520,50
35261,285570,50
35262,285620,50
35263,285670,50
35264,285720,50
35265,285770,50
35266,285820,50
35267,285870,50
35268,285920,50
35269,285970,50
35270,286020,50
35271,286070,50
35272,286120,50
35273,286170,50
35274,286220,50
35275,286270,50
35276,286320,50
35277,286370,50
35278,286420,50
35279,286470,50
35280,286520,50
35281,286570,50
35282,286620,50
35283,286670,50
35284,286720,50
35285,286770,50
35286,286820,51
35287,286871,50
35288,286921,50
35289,286971,50
35290,287021,50
35291,287071,50
35292,287121,50
35293,287171,50
35294,287221,50
35295,287271,50
35296,287321,50
35297,287371,50
35298,287421,50
35299,287471,50
35300,287521,50
35301,287571,50
35302,287621,50
35303,287671,50
35304,287721,50
35305,287771,50
35306,287821,50
35307,287871,50
35308,287921,50
35309,287971,50
35310,288021,50
35311,288071,50
35312,288121,50
35313,288171,50
35314,288221,50
35315,288271,50
35316,288321,50
35317,288371,50
35318,288421,50
35319,288471,50
35320,288521,50
35321,288571,50
35322,288621,50
35323,288671,50
35324,288721,50
35325,288771,50
35326,288821,50
35327,288871,50
35328,288921,50
35329,288971,50
35330,289021,50
35331,289071,50
35332,289121,50
35333,289171,50
35334,289221,50
35335,289271,50
35336,289321,50
35337,289371,50
35338,289421,50
35339,289471,50
35340,289521,50
35341,289571,50
35342,289621,50
35343,289671,50
35344,289721,50
35345,289771,50
35346,289821,50
35347,289871,50
35348,289921,50
35349,289971,50
35350,290021,50
35351,290071,50
35352,290121,50
35353,290171,50
35354,290221,50
35355,290271,50
35356,290321,50
35357,290371,50
35358,290421,50
35359,290471,50
35360,290521,50
35361,290571,50
35362,290621,50
35363,290671,50
35364,290721,50
35365,290771,50
35366,290821,50
35367,290871,50
35368,290921,50
35369,290971,50
35370,291021,50
35371,291071,50
35372,291121,50
35373,291171,50
35374,291221,50
35375,291271,50
35376,291321,50
35377,291371,50
35378,291421,50
35379,291471,50
35380,291521,50
35381,291571,50
35382,291621,50
35383,291671,50
35384,291721,50
35385,291771,50
35386,291821,50
35387,291871,50
35388,291921,50
35389,291971,50
35390,292021,50
35391,292071,50
35392,292121,50
35393,292171,50
35394,292221,50
35395,292271,50
35396,292321,50
35397,292371,50
35398,292421,50
35399,292471,50
35400,292521,50
35401,292571,50
35402,292621,50
35403,292671,50
35404,292721,50
35405,292771,50
35406,292821,50
35407,292871,50
35408,292921,50
35409,292971,50
35410,293021,50
35411,293071,50
35412,293121,50
35413,293171,50
35414,293221,50
35415,293271,50
35416,293321,50
35417,293371,50
35418,293421,50
35419,293471,50
35420,293521,50
35421,293571,50
35422,293621,50
35423,293671,50
35424,293721,50
35425,293771,50
35426,293821,50
35427,293871,50
35428,293921,50
35429,293971,50
35430,294021,50
35431,294071,50
35432,294121,50
35433,294171,50
35434,294221,50
35435,294271,50
35436,294321,50
35437,294371,50
35438,294421,50
35439,294471,50
35440,294521,50
35441,294571,50
35442,294621,50
35443,294671,50
35444,294721,50
35445,294771,50
35446,294821,50
35447,294871,50
35448,294921,50
35449,294971,50
35450,295021,50
35451,295071,50
35452,295121,50
35453,295171,50
35454,295221,50
35455,295271,50
35456,295321,50
35457,295371,50
35458,295421,50
35459,295471,50
35460,295521,50
35461,295571,50
35462,295621,50
35463,295671,50
35464,295721,50
35465,295771,50
35466,295821,50
35467,295871,50
35468,295921,50
35469,295971,50
35470,296021,50
35471,296071,50
35472,296121,50
35473,296171,50
35474,296221,50
35475,296271,50
35476,296321,50
35477,296371,50
35478,296421,50
35479,296471,50
35480,296521,50
35481,296571,50
35482,296621,50
35483,296671,50
35484,296721,50
35485,296771,50
35486,296821,50
35487,296871,50
35488,296921,50
35489,296971,50
35490,297021,50
35491,297071,50
35492,297121,50
35493,297171,50
35494,297221,50
35495,297271,50
35496,297321,50
35497,297371,50
35498,297421,50
35499,297471,50
35500,297521,50
35501,297571,50
35502,297621,50
35503,297671,50
35504,297721,50
35505,297771,50
35506,297821,50
35507,297871,50
35508,297921,50
35509,297971,50
35510,298021,50
35511,298071,50
35512,298121,50
35513,298171,50
35514,298221,50
35515,298271,50
35516,298321,50
35517,298371,50
35518,298421,50
35519,298471,50
35520,298521,50
35521,298571,50
35522,298621,50
35523,298671,50
35524,298721,50
35525,298771,50
35526,298821,50
35527,298871,50
35528,298921,50
35529,298971,50
35530,299021,50
35531,299071,50
35532,299121,50
35533,299171,50
35534,299221,50
35535,299271,50
35536,299321,50
35537,299371,50
35538,299421,50
35539,299471,50
35540,299521,50
35541,299571,50
35542,299621,50
35543,299671,50
35544,299721,50
35545,299771,50
35546,299821,50
35547,299871,50
35548,299921,50
35549,299971,50
35550,300021,50
35551,300071,50
35552,300121,50
35553,300171,50
35554,300221,50
35555,300271,50
35556,300321,50
35557,300371,50
35558,300421,50
35559,300471,50
35560,300521,50
35561,300571,50
35562,300621,50
35563,300671,50
35564,300721,50
35565,300771,50
35566,300821,50
35567,300871,50
35568,300921,50
35569,300971,50
35570,301021,50
35571,301071,50
35572,301121,50
35573,301171,50
35574,301221,50
35575,301271,50
35576,301321,50
35577,301371,50
35578,301421,50
35579,301471,50
35580,301521,50
35581,301571,50
35582,301621,50
35583,301671,50
35584,301721,50
35585,301771,50
35586,301821,50
35587,301871,50
35588,301921,50
35589,301971,50
35590,302021,50
35591,302071,50
35592,302121,50
35593,302171,50
35594,302221,50
35595,302271,50
35596,302321,50
35597,302371,50
35598,302421,50
35599,302471,50
35600,302521,50
35601,302571,50
35602,302621,50
35603,302671,50
35604,302721,50
35605,302771,50
35606,302821,50
35607,302871,50
35608,302921,50
35609,302971,50
35610,303021,50
35611,303071,50
35612,303121,50
35613,303171,50
35614,303221,50
35615,303271,50
35616,303321,50
35617,303371,50
35618,303421,50
35619,303471,50
35620,303521,50
35621,303571,50
35622,303621,50
35623,303671,50
35624,303721,50
35625,303771,50
35626,303821,50
35627,303871,50
35628,303921,50
35629,303971,50
35630,304021,50
35631,304071,50
35632,304121,50
35633,304171,50
35634,304221,50
35635,304271,50
35636,304321,50
35637,304371,50
35638,304421,50
35639,304471,50
35640,304521,50
35641,304571,50
35642,304621,50
35643,304671,50
35644,304721,50
35645,304771,50
35646,304821,50
35647,304871,50
35648,304921,50
35649,304971,50
35650,305021,50
35651,305071,50
35652,305121,50
35653,305171,50
35654,305221,50
35655,305271,50
35656,305321,50
35657,305371,50
35658,305421,50
35659,305471,50
35660,305521,50
35661,305571,50
35662,305621,50
35663,305671,50
35664,305721,50
35665,305771,50
35666,305821,50
35667,305871,50
35668,305921,50
35669,305971,50
35670,306021,50
35671,306071,50
35672,306121,50
35673,306171,50
35674,306221,50
35675,306271,50
35676,306321,50
35677,306371,50
35678,306421,50
35679,306471,50
35680,306521,50
35681,306571,50
35682,306621,50
35683,306671,50
35684,306721,50
35685,306771,50
35686,306821,50
35687,306871,50
35688,306921,50
35689,306971,50
35690,307021,50
35691,307071,50
35692,307121,50
35693,307171,50
35694,307221,50
35695,307271,50
35696,307321,50
35697,307371,50
35698,307421,50
35699,307471,50
35700,307521,50
35701,307571,50
35702,307621,50
35703,307671,50
35704,307721,50
35705,307771,50
35706,307821,50
35707,307871,50
35708,307921,50
35709,307971,50
35710,308021,50
35711,308071,50
35712,308121,50
35713,308171,50
35714,308221,50
35715,308271,50
35716,308321,50
35717,308371,50
35718,308421,50
35719,308471,50
35720,308521,50
35721,308571,50
35722,308621,50
35723,308671,50
35724,308721,50
35725,308771,50
35726,308821,50
35727,308871,50
35728,308921,50
35729,308971,50
35730,309021,50
35731,309071,50
35732,309121,50
35733,309171,50
35734,309221,50
35735,309271,50
35736,309321,50
35737,309371,50
35738,309421,50
35739,309471,50
35740,309521,50
35741,309571,50
35742,309621,50
35743,309671,50
35744,309721,50
35745,309771,50
35746,309821,50
35747,309871,50
35748,309921,50
35749,309971,50
35750,310021,50
35751,310071,50
35752,310121,50
35753,310171,50
35754,310221,50
35755,310271,50
35756,310321,50
35757,310371,50
35758,310421,50
35759,310471,50
35760,310521,50
35761,310571,50
35762,310621,50
35763,310671,50
35764,310721,50
35765,310771,50
35766,310821,50
35767,310871,50
35768,310921,50
35769,310971,50
35770,311021,50
35771,311071,50
35772,311121,50
35773,311171,50
35774,311221,50
35775,311271,50
35776,311321,50
35777,311371,50
35778,311421,50
35779,311471,50
35780,311521,50
35781,311571,50
35782,311621,50
35783,311671,50
35784,311721,50
35785,311771,50
35786,311821,50
35787,311871,50
35788,311921,50
35789,311971,50
35790,312021,50
35791,312071,50
35792,312121,50
35793,312171,50
35794,312221,50
35795,312271,50
35796,312321,50
35797,312371,50
35798,312421,50
35799,312471,50
35800,312521,50
35801,312571,50
35802,312621,50
35803,312671,50
35804,312721,50
35805,312771,50
35806,312821,50
35807,312871,50
35808,312921,50
35809,312971,50
35810,313021,50
35811,313071,50
35812,313121,50
35813,313171,50
35814,313221,50
35815,313271,50
35816,313321,50
35817,313371,50
35818,313421,50
35819,313471,50
35820,313521,50
35821,313571,50
35822,313621,50
35823,313671,50
35824,313721,50
35825,313771,50
35826,313821,50
35827,313871,50
35828,313921,50
35829,313971,50
35830,314021,50
35831,314071,50
35832,314121,50
35833,314171,50
35834,314221,50
35835,314271,50
35836,314321,50
35837,314371,50
35838,314421,50
35839,314471,50
35840,314521,50
35841,314571,50
35842,314621,50
35843,314671,50
35844,314721,50
35845,314771,50
35846,314821,50
35847,314871,50
35848,314921,50
35849,314971,50
35850,315021,50
35851,315071,50
35852,315121,50
35853,315171,50
35854,315221,50
35855,315271,50
35856,315321,50
35857,315371,50
35858,315421,50
35859,315471,50
35860,315521,50
35861,315571,50
35862,315621,50
35863,315671,50
35864,315721,50
35865,315771,50
35866,315821,50
35867,315871,50
35868,315921,50
35869,315971,50
35870,316021,50
35871,316071,50
35872,316121,50
35873,316171,50
35874,316221,50
35875,316271,50
35876,316321,50
35877,316371,50
35878,316421,50
35879,316471,50
35880,316521,50
35881,316571,50
35882,316621,50
35883,316671,50
35884,316721,50
35885,316771,50
35886,316821,50
35887,316871,50
35888,316921,50
35889,316971,50
35890,317021,50
35891,317071,50
35892,317121,50
35893,317171,50
35894,317221,50
35895,317271,50
35896,317321,50
35897,317371,50
35898,317421,50
35899,317471,50
35900,317521,50
35901,317571,50
35902,317621,50
35903,317671,50
35904,317721,51
35905,317772,50
35906,317822,50
35907,317872,50
35908,317922,50
35909,317972,50
35910,318022,50
35911,318072,50
35912,318122,50
35913,318172,50
35914,318222,50
35915,318272,50
35916,318322,50
35917,318372,50
35918,318422,50
35919,318472,50
35920,318522,50
35921,318572,50
35922,318622,50
35923,318672,50
35924,318722,50
35925,318772,50
35926,318822,50
35927,318872,50
35928,318922,50
35929,318972,50
35930,319022,50
35931,319072,50
35932,319122,50
35933,319172,50
35934,319222,50
35935,319272,50
35936,319322,50
35937,319372,50
35938,319422,50
35939,319472,50
35940,319522,50
35941,319572,50
35942,319622,50
35943,319672,50
35944,319722,50
35945,319772,50
35946,319822,50
35947,319872,50
35948,319922,50
35949,319972,50
35950,320022,50
35951,320072,50
35952,320122,50
35953,320172,50
35954,320222,50
35955,320272,50
35956,320322,50
35957,320372,50
35958,320422,50
35959,320472,50
35960,320522,50
35961,320572,50
35962,320622,50
35963,320672,50
35964,320722,50
35965,320772,50
35966,320822,50
35967,320872,50
35968,320922,50
35969,320972,50
35970,321022,50
35971,321072,50
35972,321122,50
35973,321172,50
35974,321222,50
35975,321272,50
35976,321322,50
35977,321372,50
35978,321422,50
35979,321472,50
35980,321522,50
35981,321572,50
35982,321622,50
35983,321672,50
35984,321722,50
35985,321772,50
35986,321822,50
35987,321872,50
35988,321922,50
35989,321972,50
35990,322022,50
35991,322072,50
35992,322122,50
35993,322172,50
35994,322222,50
35995,322272,50
35996,322322,50
35997,322372,50
35998,322422,50
35999,322472,50
36000,322522,50
36001,322572,50
36002,322622,50
36003,322672,50
36004,322722,50
36005,322772,50
36006,322822,50
36007,322872,50
36008,322922,50
36009,322972,50
36010,323022,50
36011,323072,50
36012,323122,50
36013,323172,50
36014,323222,50
36015,323272,50
36016,323322,50
36017,323372,50
36018,323422,50
36019,323472,50
36020,323522,50
36021,323572,50
36022,323622,50
36023,323672,50
36024,323722,50
36025,323772,50
36026,323822,50
36027,323872,50
36028,323922,50
36029,323972,50
36030,324022,50
36031,324072,50
36032,324122,50
36033,324172,50
36034,324222,50
36035,324272,50
36036,324322,50
36037,324372,50
36038,324422,50
36039,324472,50
36040,324522,50
36041,324572,50
36042,324622,50
36043,324672,50
36044,324722,50
36045,324772,50
36046,324822,50
36047,324872,50
36048,324922,50
36049,324972,50
36050,325022,50
36051,325072,50
36052,325122,50
36053,325172,50
36054,325222,50
36055,325272,50
36056,325322,50
36057,325372,50
36058,325422,50
36059,325472,50
36060,325522,50
36061,325572,50
36062,325622,50
36063,325672,50
36064,325722,50
36065,325772,50
36066,325822,50
36067,325872,50
36068,325922,50
36069,325972,50
36070,326022,50
36071,326072,50
36072,326122,50
36073,326172,50
36074,326222,50
36075,326272,50
36076,326322,50
36077,326372,50
36078,326422,50
36079,326472,50
36080,326522,50
36081,326572,50
36082,326622,50
36083,326672,50
36084,326722,50
36085,326772,50
36086,326822,50
36087,326872,50
36088,326922,50
36089,326972,50
36090,327022,50
36091,327072,50
36092,327122,50
36093,327172,50
36094,327222,50
36095,327272,50
36096,327322,50
36097,327372,50
36098,327422,50
36099,327472,50
36100,327522,50
36101,327572,50
36102,327622,50
36103,327672,50
36104,327722,50
36105,327772,50
36106,327822,50
36107,327872,50
36108,327922,50
36109,327972,50
36110,328022,50
36111,328072,50
36112,328122,50
36113,328172,50
36114,328222,50
36115,328272,50
36116,328322,50
36117,328372,50
36118,328422,50
36119,328472,50
36120,328522,50
36121,328572,50
36122,328622,50
36123,328672,50
36124,328722,50
36125,328772,50
36126,328822,50
36127,328872,50
36128,328922,50
36129,328972,50
36130,329022,50
36131,329072,50
36132,329122,50
36133,329172,50
36134,329222,50
36135,329272,50
36136,329322,50
36137,329372,50
36138,329422,50
36139,329472,50
36140,329522,50
36141,329572,50
36142,329622,50
36143,329672,50
36144,329722,50
36145,329772,50
36146,329822,50
36147,329872,50
36148,329922,50
36149,329972,50
36150,330022,50
36151,330072,50
36152,330122,50
36153,330172,50
36154,330222,50
36155,330272,50
36156,330322,50
36157,330372,50
36158,330422,50
36159,330472,50
36160,330522,50
36161,330572,50
36162,330622,50
36163,330672,50
36164,330722,50
36165,330772,50
36166,330822,50
36167,330872,50
36168,330922,50
36169,330972,50
36170,331022,50
36171,331072,50
36172,331122,50
36173,331172,50
36174,331222,50
36175,331272,50
36176,331322,50
36177,331372,50
36178,331422,50
36179,331472,50
36180,331522,50
36181,331572,50
36182,331622,50
36183,331672,50
36184,331722,50
36185,331772,50
36186,331822,50
36187,331872,50
36188,331922,50
36189,331972,50
36190,332022,50
36191,332072,50
36192,332122,50
36193,332172,50
36194,332222,50
36195,332272,50
36196,332322,50
36197,332372,50
36198,332422,50
36199,332472,50
36200,332522,50
36201,332572,50
36202,332622,50
36203,332672,50
36204,332722,50
36205,332772,50
36206,332822,50
36207,332872,50
36208,332922,50
36209,332972,50
36210,333022,50
36211,333072,50
36212,333122,50
36213,333172,50
36214,333222,50
36215,333272,50
36216,333322,50
36217,333372,50
36218,333422,50
36219,333472,50
36220,333522,50
36221,333572,50
36222,333622,50
36223,333672,50
36224,333722,50
36225,333772,50
36226,333822,50
36227,333872,50
36228,333922,50
36229,333972,50
36230,334022,50
36231,334072,50
36232,334122,50
36233,334172,50
36234,334222,50
36235,334272,50
36236,334322,50
36237,334372,50
36238,334422,50
36239,334472,50
36240,334522,50
36241,334572,50
36242,334622,50
36243,334672,50
36244,334722,50
36245,334772,50
36246,334822,50
36247,334872,50
36248,334922,50
36249,334972,50
36250,335022,50
36251,335072,50
36252,335122,50
36253,335172,50
36254,335222,50
36255,335272,50
36256,335322,50
36257,335372,50
36258,335422,50
36259,335472,50
36260,335522,50
36261,335572,50
36262,335622,50
36263,335672,50
36264,335722,50
36265,335772,50
36266,335822,50
36267,335872,50
36268,335922,50
36269,335972,50
36270,336022,50
36271,336072,50
36272,336122,50
36273,336172,50
36274,336222,50
36275,336272,50
36276,336322,50
36277,336372,50
36278,336422,50
36279,336472,50
36280,336522,50
36281,336572,50
36282,336622,50
36283,336672,50
36284,336722,50
36285,336772,50
36286,336822,50
36287,336872,50
36288,336922,50
36289,336972,50
36290,337022,50
36291,337072,50
36292,337122,50
36293,337172,50
36294,337222,50
36295,337272,50
36296,337322,50
36297,337372,50
36298,337422,50
36299,337472,50
36300,337522,50
36301,337572,50
36302,337622,50
36303,337672,50
36304,337722,50
36305,337772,50
36306,337822,50
36307,337872,50
36308,337922,50
36309,337972,50
36310,338022,50
36311,338072,50
36312,338122,50
36313,338172,50
36314,338222,50
36315,338272,50
36316,338322,50
36317,338372,50
36318,338422,50
36319,338472,50
36320,338522,50
36321,338572,50
36322,338622,50
36323,338672,50
36324,338722,50
36325,338772,50
36326,338822,50
36327,338872,50
36328,338922,50
36329,338972,50
36330,339022,50
36331,339072,50
36332,339122,50
36333,339172,50
36334,339222,50
36335,339272,50
36336,339322,50
36337,339372,50
36338,339422,50
36339,339472,50
36340,339522,50
36341,339572,50
36342,339622,50
36343,339672,50
36344,339722,50
36345,339772,50
36346,339822,50
36347,339872,50
36348,339922,50
36349,339972,50
36350,340022,50
36351,340072,50
36352,340122,50
36353,340172,50
36354,340222,50
36355,340272,50
36356,340322,50
36357,340372,50
36358,340422,50
36359,340472,50
36360,340522,50
36361,340572,50
36362,340622,50
36363,340672,50
36364,340722,50
36365,340772,50
36366,340822,50
36367,340872,50
36368,340922,50
36369,340972,50
36370,341022,50
36371,341072,50
36372,341122,50
36373,341172,50
36374,341222,50
36375,341272,50
36376,341322,50
36377,341372,50
36378,341422,50
36379,341472,50
36380,341522,50
36381,341572,50
36382,341622,50
36383,341672,50
36384,341722,50
36385,341772,50
36386,341822,50
36387,341872,50
36388,341922,50
36389,341972,50
36390,342022,50
36391,342072,50
36392,342122,50
36393,342172,50
36394,342222,50
36395,342272,50
36396,342322,50
36397,342372,50
36398,342422,50
36399,342472,50
36400,342522,50
36401,342572,50
36402,342622,50
36403,342672,50
36404,342722,50
36405,342772,50
36406,342822,50
36407,342872,50
36408,342922,50
36409,342972,50
36410,343022,50
36411,343072,50
36412,343122,50
36413,343172,50
36414,343222,50
36415,343272,50
36416,343322,50
36417,343372,50
36418,343422,50
36419,343472,50
36420,343522,50
36421,343572,50
36422,343622,50
36423,343672,50
36424,343722,50
36425,343772,51
36426,343823,50
36427,343873,50
36428,343923,50
36429,343973,50
36430,344023,50
36431,344073,50
36432,344123,50
36433,344173,50
36434,344223,50
36435,344273,50
36436,344323,50
36437,344373,50
36438,344423,50
36439,344473,50
36440,344523,50
36441,344573,50
36442,344623,50
36443,344673,50
36444,344723,50
36445,344773,50
36446,344823,50
36447,344873,50
36448,344923,50
36449,344973,50
36450,345023,50
36451,345073,50
36452,345123,50
36453,345173,50
36454,345223,50
36455,345273,50
36456,345323,50
36457,345373,50
36458,345423,50
36459,345473,50
36460,345523,50
36461,345573,50
36462,345623,50
36463,345673,50
36464,345723,50
36465,345773,50
36466,345823,50
36467,345873,50
36468,345923,50
36469,345973,50
36470,346023,50
36471,346073,50
36472,346123,50
36473,346173,50
36474,346223,50
36475,346273,50
36476,346323,50
36477,346373,50
36478,346423,50
36479,346473,50
36480,346523,50
36481,346573,50
36482,346623,50
36483,346673,50
36484,346723,50
36485,346773,50
36486,346823,50
36487,346873,50
36488,346923,50
36489,346973,50
36490,347023,50
36491,347073,50
36492,347123,50
36493,347173,50
36494,347223,50
36495,347273,50
36496,347323,50
36497,347373,50
36498,347423,50
36499,347473,50
36500,347523,50
36501,347573,50
36502,347623,50
36503,347673,50
36504,347723,50
36505,347773,50
36506,347823,50
36507,347873,50
36508,347923,50
36509,347973,50
36510,348023,50
36511,348073,50
36512,348123,50
36513,348173,50
36514,348223,50
36515,348273,50
36516,348323,50
36517,348373,50
36518,348423,50
36519,348473,50
36520,348523,50
36521,348573,50
36522,348623,50
36523,348673,50
36524,348723,50
36525,348773,50
36526,348823,50
36527,348873,50
36528,348923,50
36529,348973,50
36530,349023,50
36531,349073,50
36532,349123,50
36533,349173,50
36534,349223,50
36535,349273,50
36536,349323,50
36537,349373,50
36538,349423,50
36539,349473,50
36540,349523,50
36541,349573,50
36542,349623,50
36543,349673,50
36544,349723,50
36545,349773,50
36546,349823,50
36547,349873,50
36548,349923,50
36549,349973,50
36550,350023,50
36551,350073,50
36552,350123,50
36553,350173,50
36554,350223,50
36555,350273,50
36556,350323,50
36557,350373,50
36558,350423,50
36559,350473,50
36560,350523,50
36561,350573,50
36562,350623,50
36563,350673,50
36564,350723,50
36565,350773,50
36566,350823,50
36567,350873,50
36568,350923,50
36569,350973,50
36570,351023,50
36571,351073,50
36572,351123,50
36573,351173,50
36574,351223,50
36575,351273,50
36576,351323,50
36577,351373,50
36578,351423,50
36579,351473,50
36580,351523,50
36581,351573,50
36582,351623,50
36583,351673,50
36584,351723,50
36585,351773,50
36586,351823,50
36587,351873,50
36588,351923,50
36589,351973,50
36590,352023,50
36591,352073,50
36592,352123,50
36593,352173,50
36594,352223,50
36595,352273,50
36596,352323,50
36597,352373,50
36598,352423,50
36599,352473,50
36600,352523,50
36601,352573,50
36602,352623,50
36603,352673,50
36604,352723,50
36605,352773,50
36606,352823,50
36607,352873,50
36608,352923,50
36609,352973,50
36610,353023,50
36611,353073,50
36612,353123,50
36613,353173,50
36614,353223,50
36615,353273,50
36616,353323,50
36617,353373,50
36618,353423,50
36619,353473,50
36620,353523,50
36621,353573,50
36622,353623,50
36623,353673,50
36624,353723,50
36625,353773,50
36626,353823,50
36627,353873,50
36628,353923,50
36629,353973,50
36630,354023,50
36631,354073,50
36632,354123,50
36633,354173,50
36634,354223,50
36635,354273,50
36636,354323,50
36637,354373,50
36638,354423,50
36639,354473,50
36640,354523,50
36641,354573,50
36642,354623,50
36643,354673,50
36644,354723,50
36645,354773,50
36646,354823,50
36647,354873,50
36648,354923,50
36649,354973,50
36650,355023,50
36651,355073,50
36652,355123,50
36653,355173,50
36654,355223,50
36655,355273,50
36656,355323,50
36657,355373,50
36658,355423,50
36659,355473,50
36660,355523,50
36661,355573,50
36662,355623,50
36663,355673,50
36664,355723,50
36665,355773,50
36666,355823,50
36667,355873,50
36668,355923,50
36669,355973,50
36670,356023,50
36671,356073,50
36672,356123,50
36673,356173,50
36674,356223,50
36675,356273,50
36676,356323,50
36677,356373,50
36678,356423,50
36679,356473,50
36680,356523,50
36681,356573,50
36682,356623,50
36683,356673,50
36684,356723,50
36685,356773,50
36686,356823,50
36687,356873,50
36688,356923,50
36689,356973,50
36690,357023,50
36691,357073,50
36692,357123,50
36693,357173,50
36694,357223,50
36695,357273,50
36696,357323,50
36697,357373,50
36698,357423,50
36699,357473,50
36700,357523,50
36701,357573,50
36702,357623,50
36703,357673,50
36704,357723,50
36705,357773,50
36706,357823,50
36707,357873,50
36708,357923,50
36709,357973,50
36710,358023,50
36711,358073,50
36712,358123,50
36713,358173,50
36714,358223,50
36715,358273,50
36716,358323,50
36717,358373,50
36718,358423,50
36719,358473,50
36720,358523,50
36721,358573,50
36722,358623,50
36723,358673,50
36724,358723,50
36725,358773,50
36726,358823,50
36727,358873,50
36728,358923,50
36729,358973,50
36730,359023,50
36731,359073,50
36732,359123,50
36733,359173,50
36734,359223,50
36735,359273,50
36736,359323,50
36737,359373,50
36738,359423,50
36739,359473,50
36740,359523,50
36741,359573,50
36742,359623,50
36743,359673,50
36744,359723,50
36745,359773,50
36746,359823,50
36747,359873,50
36748,359923,50
36749,359973,50
36750,360023,50
36751,360073,50
36752,360123,50
36753,360173,50
36754,360223,50
36755,360273,50
36756,360323,50
36757,360373,50
36758,360423,50
36759,360473,50
36760,360523,50
36761,360573,50
36762,360623,50
36763,360673,50
36764,360723,50
36765,360773,50
36766,360823,50
36767,360873,50
36768,360923,50
36769,360973,50
36770,361023,50
36771,361073,50
36772,361123,50
36773,361173,50
36774,361223,50
36775,361273,50
36776,361323,50
36777,361373,50
36778,361423,50
36779,361473,50
36780,361523,50
36781,361573,50
36782,361623,50
36783,361673,50
36784,361723,50
36785,361773,50
36786,361823,50
36787,361873,50
36788,361923,50
36789,361973,50
36790,362023,50
36791,362073,50
36792,362123,50
36793,362173,50
36794,362223,50
36795,362273,50
36796,362323,50
36797,362373,50
36798,362423,50
36799,362473,50
36800,362523,50
36801,362573,50
36802,362623,50
36803,362673,50
36804,362723,50
36805,362773,50
36806,362823,50
36807,362873,50
36808,362923,50
36809,362973,50
36810,363023,50
36811,363073,50
36812,363123,50
36813,363173,50
36814,363223,50
36815,363273,50
36816,363323,50
36817,363373,50
36818,363423,50
36819,363473,50
36820,363523,50
36821,363573,50
36822,363623,50
36823,363673,50
36824,363723,50
36825,363773,50
36826,363823,50
36827,363873,50
36828,363923,50
36829,363973,50
36830,364023,50
36831,364073,50
36832,364123,50
36833,364173,50
36834,364223,50
36835,364273,50
36836,364323,50
36837,364373,50
36838,364423,50
36839,364473,50
36840,364523,50
36841,364573,50
36842,364623,50
36843,364673,50
36844,364723,50
36845,364773,50
36846,364823,50
36847,364873,50
36848,364923,50
36849,364973,50
36850,365023,50
36851,365073,50
36852,365123,50
36853,365173,50
36854,365223,50
36855,365273,50
36856,365323,50
36857,365373,50
36858,365423,50
36859,365473,50
36860,365523,50
36861,365573,50
36862,365623,50
36863,365673,50
36864,365723,50
36865,365773,50
36866,365823,50
36867,365873,50
36868,365923,50
36869,365973,50
36870,366023,50
36871,366073,50
36872,366123,50
36873,366173,50
36874,366223,50
36875,366273,50
36876,366323,50
36877,366373,50
36878,366423,50
36879,366473,50
36880,366523,50
36881,366573,50
36882,366623,50
36883,366673,50
36884,366723,50
36885,366773,50
36886,366823,50
36887,366873,50
36888,366923,50
36889,366973,50
36890,367023,50
36891,367073,50
36892,367123,50
36893,367173,50
36894,367223,50
36895,367273,50
36896,367323,50
36897,367373,50
36898,367423,50
36899,367473,50
36900,367523,50
36901,367573,50
36902,367623,50
36903,367673,50
36904,367723,50
36905,367773,50
36906,367823,50
36907,367873,50
36908,367923,50
36909,367973,50
36910,368023,50
36911,368073,50
36912,368123,50
36913,368173,50
36914,368223,50
36915,368273,50
36916,368323,50
36917,368373,50
36918,368423,50
36919,368473,50
36920,368523,50
36921,368573,50
36922,368623,50
36923,368673,50
36924,368723,50
36925,368773,50
36926,368823,50
36927,368873,50
36928,368923,50
36929,368973,50
36930,369023,50
36931,369073,50
36932,369123,50
36933,369173,50
36934,369223,50
36935,369273,50
36936,369323,50
36937,369373,50
36938,369423,50
36939,369473,50
36940,369523,50
36941,369573,50
36942,369623,50
36943,369673,50
36944,369723,50
36945,369773,50
36946,369823,50
36947,369873,50
36948,369923,50
36949,369973,50
36950,370023,50
36951,370073,50
36952,370123,50
36953,370173,50
36954,370223,50
36955,370273,50
36956,370323,50
36957,370373,50
36958,370423,50
36959,370473,50
36960,370523,50
36961,370573,50
36962,370623,50
36963,370673,50
36964,370723,50
36965,370773,50
36966,370823,50
36967,370873,50
36968,370923,50
36969,370973,50
36970,371023,50
36971,371073,50
36972,371123,50
36973,371173,50
36974,371223,50
36975,371273,50
36976,371323,50
36977,371373,50
36978,371423,50
36979,371473,50
36980,371523,50
36981,371573,50
36982,371623,50
36983,371673,50
36984,371723,50
36985,371773,50
36986,371823,50
36987,371873,50
36988,371923,50
36989,371973,50
36990,372023,50
36991,372073,50
36992,372123,50
36993,372173,50
36994,372223,50
36995,372273,50
36996,372323,50
36997,372373,50
36998,372423,50
36999,372473,50
37000,372523,50
37001,372573,50
37002,372623,50
37003,372673,50
37004,372723,50
37005,372773,50
37006,372823,50
37007,372873,50
37008,372923,50
37009,372973,50
37010,373023,50
37011,373073,50
37012,373123,50
37013,373173,50
37014,373223,50
37015,373273,50
37016,373323,50
37017,373373,50
37018,373423,50
37019,373473,50
37020,373523,50
37021,373573,50
37022,373623,50
37023,373673,50
37024,373723,50
37025,373773,50
37026,373823,50
37027,373873,50
37028,373923,50
37029,373973,50
37030,374023,50
37031,374073,50
37032,374123,50
37033,374173,50
37034,374223,50
37035,374273,50
37036,374323,50
37037,374373,50
37038,374423,50
37039,374473,50
37040,374523,50
37041,374573,50
37042,374623,50
37043,374673,50
37044,374723,50
37045,374773,50
37046,374823,50
37047,374873,50
37048,374923,50
37049,374973,50
37050,375023,50
37051,375073,50
37052,375123,50
37053,375173,50
37054,375223,50
37055,375273,50
37056,375323,50
37057,375373,50
37058,375423,50
37059,375473,50
37060,375523,50
37061,375573,50
37062,375623,50
37063,375673,51
37064,375724,50
37065,375774,50
37066,375824,50
37067,375874,50
37068,375924,50
37069,375974,50
37070,376024,50
37071,376074,50
37072,376124,50
37073,376174,50
37074,376224,50
37075,376274,50
37076,376324,50
37077,376374,50
37078,376424,50
37079,376474,50
37080,376524,50
37081,376574,50
37082,376624,50
37083,376674,50
37084,376724,50
37085,376774,50
37086,376824,50
37087,376874,50
37088,376924,50
37089,376974,50
37090,377024,50
37091,377074,50
37092,377124,50
37093,377174,50
37094,377224,50
37095,377274,50
37096,377324,50
37097,377374,50
37098,377424,50
37099,377474,50
37100,377524,50
37101,377574,50
37102,377624,50
37103,377674,50
37104,377724,50
37105,377774,50
37106,377824,50
37107,377874,50
37108,377924,50
37109,377974,50
37110,378024,50
37111,378074,50
37112,378124,50
37113,378174,50
37114,378224,50
37115,378274,50
37116,378324,50
37117,378374,50
37118,378424,50
37119,378474,50
37120,378524,50
37121,378574,50
37122,378624,50
37123,378674,50
37124,378724,50
37125,378774,50
37126,378824,50
37127,378874,50
37128,378924,50
37129,378974,50
37130,379024,50
37131,379074,50
37132,379124,50
37133,379174,50
37134,379224,50
37135,379274,50
37136,379324,50
37137,379374,50
37138,379424,50
37139,379474,50
37140,379524,50
37141,379574,50
37142,379624,50
37143,379674,50
37144,379724,50
37145,379774,50
37146,379824,50
37147,379874,50
37148,379924,50
37149,379974,50
37150,380024,50
37151,380074,50
37152,380124,50
37153,380174,50
37154,380224,50
37155,380274,50
37156,380324,50
37157,380374,50
37158,380424,50
37159,380474,50
37160,380524,50
37161,380574,50
37162,380624,50
37163,380674,50
37164,380724,50
37165,380774,50
37166,380824,50
37167,380874,50
37168,380924,50
37169,380974,50
37170,381024,50
37171,381074,50
37172,381124,50
37173,381174,50
37174,381224,50
37175,381274,50
37176,381324,50
37177,381374,50
37178,381424,50
37179,381474,50
37180,381524,50
37181,381574,50
37182,381624,50
37183,381674,50
37184,381724,50
37185,381774,50
37186,381824,50
37187,381874,50
37188,381924,50
37189,381974,50
37190,382024,50
37191,382074,50
37192,382124,50
37193,382174,50
37194,382224,50
37195,382274,50
37196,382324,50
37197,382374,50
37198,382424,50
37199,382474,50
37200,382524,50
37201,382574,50
37202,382624,50
37203,382674,50
37204,382724,50
37205,382774,50
37206,382824,50
37207,382874,50
37208,382924,50
37209,382974,50
37210,383024,50
37211,383074,50
37212,383124,50
37213,383174,50
37214,383224,50
37215,383274,50
37216,383324,50
37217,383374,50
37218,383424,50
37219,383474,50
37220,383524,50
37221,383574,50
37222,383624,50
37223,383674,50
37224,383724,50
37225,383774,50
37226,383824,50
37227,383874,50
37228,383924,50
37229,383974,50
37230,384024,50
37231,384074,50
37232,384124,50
37233,384174,50
37234,384224,50
37235,384274,50
37236,384324,50
37237,384374,50
37238,384424,50
37239,384474,50
37240,384524,50
37241,384574,50
37242,384624,50
37243,384674,50
37244,384724,50
37245,384774,50
37246,384824,50
37247,384874,50
37248,384924,50
37249,384974,50
37250,385024,50
37251,385074,50
37252,385124,50
37253,385174,50
37254,385224,50
37255,385274,50
37256,385324,50
37257,385374,50
37258,385424,50
37259,385474,50
37260,385524,50
37261,385574,50
37262,385624,50
37263,385674,50
37264,385724,50
37265,385774,50
37266,385824,50
37267,385874,50
37268,385924,50
37269,385974,50
37270,386024,50
37271,386074,50
37272,386124,50
37273,386174,50
37274,386224,50
37275,386274,50
37276,386324,50
37277,386374,50
37278,386424,50
37279,386474,50
37280,386524,50
37281,386574,50
37282,386624,50
37283,386674,50
37284,386724,50
37285,386774,50
37286,386824,50
37287,386874,50
37288,386924,50
37289,386974,50
37290,387024,50
37291,387074,50
37292,387124,50
37293,387174,50
37294,387224,50
37295,387274,50
37296,387324,50
37297,387374,50
37298,387424,50
37299,387474,50
37300,387524,50
37301,387574,50
37302,387624,50
37303,387674,50
37304,387724,50
37305,387774,50
37306,387824,50
37307,387874,50
37308,387924,50
37309,387974,50
37310,388024,50
37311,388074,50
37312,388124,50
37313,388174,50
37314,388224,50
37315,388274,50
37316,388324,50
37317,388374,50
37318,388424,50
37319,388474,50
37320,388524,50
37321,388574,50
37322,388624,50
37323,388674,50
37324,388724,50
37325,388774,50
37326,388824,50
37327,388874,50
37328,388924,50
37329,388974,50
37330,389024,50
37331,389074,50
37332,389124,50
37333,389174,50
37334,389224,50
37335,389274,50
37336,389324,50
37337,389374,50
37338,389424,50
37339,389474,50
37340,389524,50
37341,389574,50
37342,389624,50
37343,389674,50
37344,389724,50
37345,389774,50
37346,389824,50
37347,389874,50
37348,389924,50
37349,389974,50
37350,390024,50
37351,390074,50
37352,390124,50
37353,390174,50
37354,390224,50
37355,390274,50
37356,390324,50
37357,390374,50
37358,390424,50
37359,390474,50
37360,390524,50
37361,390574,50
37362,390624,50
37363,390674,50
37364,390724,50
37365,390774,50
37366,390824,50
37367,390874,50
37368,390924,50
37369,390974,50
37370,391024,50
37371,391074,50
37372,391124,50
37373,391174,50
37374,391224,50
37375,391274,50
37376,391324,50
37377,391374,50
37378,391424,50
37379,391474,50
37380,391524,50
37381,391574,50
37382,391624,50
37383,391674,50
37384,391724,50
37385,391774,50
37386,391824,50
37387,391874,50
37388,391924,50
37389,391974,50
37390,392024,50
37391,392074,50
37392,392124,50
37393,392174,50
37394,392224,50
37395,392274,50
37396,392324,50
37397,392374,50
37398,392424,50
37399,392474,50
37400,392524,50
37401,392574,50
37402,392624,50
37403,392674,50
37404,392724,50
37405,392774,50
37406,392824,50
37407,392874,50
37408,392924,50
37409,392974,50
37410,393024,50
37411,393074,50
37412,393124,50
37413,393174,50
37414,393224,50
37415,393274,50
37416,393324,50
37417,393374,50
37418,393424,50
37419,393474,50
37420,393524,50
37421,393574,50
37422,393624,50
37423,393674,50
37424,393724,50
37425,393774,50
37426,393824,50
37427,393874,50
37428,393924,50
37429,393974,50
37430,394024,50
37431,394074,50
37432,394124,50
37433,394174,50
37434,394224,50
37435,394274,50
37436,394324,50
37437,394374,50
37438,394424,50
37439,394474,50
37440,394524,50
37441,394574,50
37442,394624,50
37443,394674,50
37444,394724,50
37445,394774,50
37446,394824,50
37447,394874,50
37448,394924,50
37449,394974,50
37450,395024,50
37451,395074,50
37452,395124,50
37453,395174,50
37454,395224,50
37455,395274,50
37456,395324,50
37457,395374,50
37458,395424,50
37459,395474,50
37460,395524,50
37461,395574,50
37462,395624,50
37463,395674,50
37464,395724,50
37465,395774,50
37466,395824,50
37467,395874,50
37468,395924,50
37469,395974,50
37470,396024,50
37471,396074,50
37472,396124,50
37473,396174,50
37474,396224,50
37475,396274,50
37476,396324,50
37477,396374,50
37478,396424,50
37479,396474,50
37480,396524,50
37481,396574,50
37482,396624,50
37483,396674,50
37484,396724,50
37485,396774,50
37486,396824,50
37487,396874,50
37488,396924,50
37489,396974,50
37490,397024,50
37491,397074,50
37492,397124,50
37493,397174,50
37494,397224,50
37495,397274,50
37496,397324,50
37497,397374,50
37498,397424,50
37499,397474,50
37500,397524,50
37501,397574,50
37502,397624,50
37503,397674,50
37504,397724,50
37505,397774,50
37506,397824,50
37507,397874,50
37508,397924,50
37509,397974,50
37510,398024,50
37511,398074,50
37512,398124,50
37513,398174,50
37514,398224,50
37515,398274,50
37516,398324,50
37517,398374,50
37518,398424,50
37519,398474,50
37520,398524,50
37521,398574,50
37522,398624,50
37523,398674,50
37524,398724,50
37525,398774,50
37526,398824,50
37527,398874,50
37528,398924,50
37529,398974,50
37530,399024,50
37531,399074,50
37532,399124,50
37533,399174,50
37534,399224,50
37535,399274,50
37536,399324,50
37537,399374,50
37538,399424,50
37539,399474,50
37540,399524,50
37541,399574,50
37542,399624,50
37543,399674,50
37544,399724,50
37545,399774,50
37546,399824,50
37547,399874,50
37548,399924,50
37549,399974,50
37550,400024,50
37551,400074,50
37552,400124,50
37553,400174,50
37554,400224,50
37555,400274,50
37556,400324,50
37557,400374,50
37558,400424,50
37559,400474,50
37560,400524,50
37561,400574,50
37562,400624,50
37563,400674,50
37564,400724,50
37565,400774,50
37566,400824,50
37567,400874,50
37568,400924,50
37569,400974,50
37570,401024,50
37571,401074,50
37572,401124,50
37573,401174,50
37574,401224,50
37575,401274,50
37576,401324,50
37577,401374,50
37578,401424,50
37579,401474,50
37580,401524,50
37581,401574,50
37582,401624,50
37583,401674,50
37584,401724,50
37585,401774,50
37586,401824,50
37587,401874,50
37588,401924,50
37589,401974,50
37590,402024,50
37591,402074,50
37592,402124,50
37593,402174,50
37594,402224,50
37595,402274,50
37596,402324,50
37597,402374,50
37598,402424,50
37599,402474,50
37600,402524,50
37601,402574,51
37602,402625,50
37603,402675,50
37604,402725,50
37605,402775,50
37606,402825,50
37607,402875,50
37608,402925,50
37609,402975,50
37610,403025,50
37611,403075,50
37612,403125,50
37613,403175,50
37614,403225,50
37615,403275,50
37616,403325,50
37617,403375,50
37618,403425,50
37619,403475,50
37620,403525,50
37621,403575,50
37622,403625,50
37623,403675,50
37624,403725,50
37625,403775,50
37626,403825,50
37627,403875,50
37628,403925,50
37629,403975,50
37630,404025,50
37631,404075,50
37632,404125,50
37633,404175,50
37634,404225,50
37635,404275,50
37636,404325,50
37637,404375,50
37638,404425,50
37639,404475,50
37640,404525,50
37641,404575,50
37642,404625,50
37643,404675,50
37644,404725,50
37645,404775,50
37646,404825,50
37647,404875,50
37648,404925,50
37649,404975,50
37650,405025,50
37651,405075,50
37652,405125,50
37653,405175,50
37654,405225,50
37655,405275,50
37656,405325,50
37657,405375,50
37658,405425,50
37659,405475,50
37660,405525,50
37661,405575,50
37662,405625,50
37663,405675,50
37664,405725,50
37665,405775,50
37666,405825,50
37667,405875,50
37668,405925,50
37669,405975,50
37670,406025,50
37671,406075,50
37672,406125,50
37673,406175,50
37674,406225,50
37675,406275,50
37676,406325,50
37677,406375,50
37678,406425,50
37679,406475,50
37680,406525,50
37681,406575,50
37682,406625,50
37683,406675,50
37684,406725,50
37685,406775,50
37686,406825,50
37687,406875,50
37688,406925,50
37689,406975,50
37690,407025,50
37691,407075,50
37692,407125,50
37693,407175,50
37694,407225,50
37695,407275,50
37696,407325,50
37697,407375,50
37698,407425,50
37699,407475,50
37700,407525,50
37701,407575,50
37702,407625,50
37703,407675,50
37704,407725,50
37705,407775,50
37706,407825,50
37707,407875,50
37708,407925,50
37709,407975,50
37710,408025,50
37711,408075,50
37712,408125,50
37713,408175,50
37714,408225,50
37715,408275,50
37716,408325,50
37717,408375,50
37718,408425,50
37719,408475,50
37720,408525,50
37721,408575,50
37722,408625,50
37723,408675,50
37724,408725,50
37725,408775,50
37726,408825,50
37727,408875,50
37728,408925,50
37729,408975,50
37730,409025,50
37731,409075,50
37732,409125,50
37733,409175,50
37734,409225,50
37735,409275,50
37736,409325,50
37737,409375,50
37738,409425,50
37739,409475,50
37740,409525,50
37741,409575,50
37742,409625,50
37743,409675,50
37744,409725,50
37745,409775,50
37746,409825,50
37747,409875,50
37748,409925,50
37749,409975,50
37750,410025,50
37751,410075,50
37752,410125,50
37753,410175,50
37754,410225,50
37755,410275,50
37756,410325,50
37757,410375,50
37758,410425,50
37759,410475,50
37760,410525,50
37761,410575,50
37762,410625,50
37763,410675,50
37764,410725,50
37765,410775,50
37766,410825,50
37767,410875,50
37768,410925,50
37769,410975,50
37770,411025,50
37771,411075,50
37772,411125,50
37773,411175,50
37774,411225,50
37775,411275,50
37776,411325,50
37777,411375,50
37778,411425,50
37779,411475,50
37780,411525,50
37781,411575,50
37782,411625,50
37783,411675,50
37784,411725,50
37785,411775,50
37786,411825,50
37787,411875,50
37788,411925,50
37789,411975,50
37790,412025,50
37791,412075,50
37792,412125,50
37793,412175,50
37794,412225,50
37795,412275,50
37796,412325,50
37797,412375,50
37798,412425,50
37799,412475,50
37800,412525,50
37801,412575,50
37802,412625,50
37803,412675,50
37804,412725,50
37805,412775,50
37806,412825,50
37807,412875,50
37808,412925,50
37809,412975,50
37810,413025,50
37811,413075,50
37812,413125,50
37813,413175,50
37814,413225,50
37815,413275,50
37816,413325,50
37817,413375,50
37818,413425,50
37819,413475,50
37820,413525,50
37821,413575,50
37822,413625,50
37823,413675,50
37824,413725,50
37825,413775,50
37826,413825,50
37827,413875,50
37828,413925,50
37829,413975,50
37830,414025,50
37831,414075,50
37832,414125,50
37833,414175,50
37834,414225,50
37835,414275,50
37836,414325,50
37837,414375,50
37838,414425,50
37839,414475,50
37840,414525,50
37841,414575,50
37842,414625,50
37843,414675,50
37844,414725,50
37845,414775,50
37846,414825,50
37847,414875,50
37848,414925,50
37849,414975,50
37850,415025,50
37851,415075,50
37852,415125,50
37853,415175,50
37854,415225,50
37855,415275,50
37856,415325,50
37857,415375,50
37858,415425,50
37859,415475,50
37860,415525,50
37861,415575,50
37862,415625,50
37863,415675,50
37864,415725,50
37865,415775,50
37866,415825,50
37867,415875,50
37868,415925,50
37869,415975,50
37870,416025,50
37871,416075,50
37872,416125,50
37873,416175,50
37874,416225,50
37875,416275,50
37876,416325,50
37877,416375,50
37878,416425,50
37879,416475,50
37880,416525,50
37881,416575,50
37882,416625,50
37883,416675,50
37884,416725,50
37885,416775,50
37886,416825,50
37887,416875,50
37888,416925,50
37889,416975,50
37890,417025,50
37891,417075,50
37892,417125,50
37893,417175,50
37894,417225,50
37895,417275,50
37896,417325,50
37897,417375,50
37898,417425,50
37899,417475,50
37900,417525,50
37901,417575,50
37902,417625,50
37903,417675,50
37904,417725,50
37905,417775,50
37906,417825,50
37907,417875,50
37908,417925,50
37909,417975,50
37910,418025,50
37911,418075,50
37912,418125,50
37913,418175,50
37914,418225,50
37915,418275,50
37916,418325,50
37917,418375,50
37918,418425,50
37919,418475,50
37920,418525,50
37921,418575,50
37922,418625,50
37923,418675,50
37924,418725,50
37925,418775,50
37926,418825,50
37927,418875,50
37928,418925,50
37929,418975,50
37930,419025,50
37931,419075,50
37932,419125,50
37933,419175,50
37934,419225,50
37935,419275,50
37936,419325,50
37937,419375,50
37938,419425,50
37939,419475,50
37940,419525,50
37941,419575,50
37942,419625,50
37943,419675,50
37944,419725,50
37945,419775,50
37946,419825,50
37947,419875,50
37948,419925,50
37949,419975,50
37950,420025,50
37951,420075,50
37952,420125,50
37953,420175,50
37954,420225,50
37955,420275,50
37956,420325,50
37957,420375,50
37958,420425,50
37959,420475,50
37960,420525,50
37961,420575,50
37962,420625,50
37963,420675,50
37964,420725,50
37965,420775,50
37966,420825,50
37967,420875,50
37968,420925,50
37969,420975,50
37970,421025,50
37971,421075,50
37972,421125,50
37973,421175,50
37974,421225,50
37975,421275,50
37976,421325,50
37977,421375,50
37978,421425,50
37979,421475,50
37980,421525,50
37981,421575,50
37982,421625,50
37983,421675,50
37984,421725,50
37985,421775,50
37986,421825,50
37987,421875,50
37988,421925,50
37989,421975,50
37990,422025,50
37991,422075,50
37992,422125,50
37993,422175,50
37994,422225,50
37995,422275,50
37996,422325,50
37997,422375,50
37998,422425,50
37999,422475,50
38000,422525,50
38001,422575,50
38002,422625,50
38003,422675,50
38004,422725,50
38005,422775,50
38006,422825,50
38007,422875,50
38008,422925,50
38009,422975,50
38010,423025,50
38011,423075,50
38012,423125,50
38013,423175,50
38014,423225,50
38015,423275,50
38016,423325,50
38017,423375,50
38018,423425,50
38019,423475,50
38020,423525,50
38021,423575,50
38022,423625,50
38023,423675,50
38024,423725,50
38025,423775,50
38026,423825,50
38027,423875,50
38028,423925,50
38029,423975,50
38030,424025,50
38031,424075,50
38032,424125,50
38033,424175,50
38034,424225,50
38035,424275,50
38036,424325,50
38037,424375,50
38038,424425,50
38039,424475,50
38040,424525,50
38041,424575,50
38042,424625,50
38043,424675,50
38044,424725,50
38045,424775,50
38046,424825,50
38047,424875,50
38048,424925,50
38049,424975,50
38050,425025,50
38051,425075,50
38052,425125,50
38053,425175,50
38054,425225,50
38055,425275,50
38056,425325,50
38057,425375,50
38058,425425,50
38059,425475,50
38060,425525,50
38061,425575,50
38062,425625,50
38063,425675,50
38064,425725,50
38065,425775,50
38066,425825,50
38067,425875,50
38068,425925,50
38069,425975,50
38070,426025,50
38071,426075,50
38072,426125,50
38073,426175,50
38074,426225,50
38075,426275,50
38076,426325,50
38077,426375,50
38078,426425,50
38079,426475,50
38080,426525,50
38081,426575,50
38082,426625,50
38083,426675,50
38084,426725,50
38085,426775,50
38086,426825,50
38087,426875,50
38088,426925,50
38089,426975,50
38090,427025,50
38091,427075,50
38092,427125,50
38093,427175,50
38094,427225,50
38095,427275,50
38096,427325,50
38097,427375,50
38098,427425,50
38099,427475,50
38100,427525,50
38101,427575,50
38102,427625,50
38103,427675,50
38104,427725,50
38105,427775,50
38106,427825,50
38107,427875,50
38108,427925,50
38109,427975,50
38110,428025,50
38111,428075,50
38112,428125,50
38113,428175,50
38114,428225,50
38115,428275,50
38116,428325,50
38117,428375,50
38118,428425,50
38119,428475,50
38120,428525,50
38121,428575,50
38122,428625,50
38123,428675,50
38124,428725,50
38125,428775,50
38126,428825,50
38127,428875,50
38128,428925,50
38129,428975,50
38130,429025,50
38131,429075,50
38132,429125,50
38133,429175,50
38134,429225,50
38135,429275,50
38136,429325,50
38137,429375,50
38138,429425,50
38139,429475,50
38140,429525,50
38141,429575,50
38142,429625,50
38143,429675,50
38144,429725,50
38145,429775,50
38146,429825,50
38147,429875,50
38148,429925,50
38149,429975,50
38150,430025,50
38151,430075,50
38152,430125,50
38153,430175,50
38154,430225,50
38155,430275,50
38156,430325,50
38157,430375,50
38158,430425,50
38159,430475,50
38160,430525,50
38161,430575,50
38162,430625,50
38163,430675,50
38164,430725,50
38165,430775,50
38166,430825,50
38167,430875,50
38168,430925,50
38169,430975,50
38170,431025,50
38171,431075,50
38172,431125,50
38173,431175,50
38174,431225,50
38175,431275,50
38176,431325,50
38177,431375,50
38178,431425,50
38179,431475,50
38180,431525,50
38181,431575,50
38182,431625,50
38183,431675,50
38184,431725,50
38185,431775,50
38186,431825,50
38187,431875,50
38188,431925,50
38189,431975,50
38190,432025,50
38191,432075,50
38192,432125,50
38193,432175,50
38194,432225,50
38195,432275,50
38196,432325,50
38197,432375,50
38198,432425,50
38199,432475,50
38200,432525,50
38201,432575,50
38202,432625,50
38203,432675,50
38204,432725,50
38205,432775,50
38206,432825,50
38207,432875,50
38208,432925,50
38209,432975,50
38210,433025,50
38211,433075,50
38212,433125,50
38213,433175,50
38214,433225,50
38215,433275,50
38216,433325,50
38217,433375,50
38218,433425,50
38219,433475,50
38220,433525,50
38221,433575,50
38222,433625,50
38223,433675,50
38224,433725,50
38225,433775,50
38226,433825,50
38227,433875,50
38228,433925,50
38229,433975,50
38230,434025,50
38231,434075,50
38232,434125,50
38233,434175,50
38234,434225,50
38235,434275,50
38236,434325,50
38237,434375,50
38238,434425,50
38239,434475,50
38240,434525,50
38241,434575,50
38242,434625,50
38243,434675,50
38244,434725,50
38245,434775,50
38246,434825,50
38247,434875,50
38248,434925,50
38249,434975,50
38250,435025,50
38251,435075,50
38252,435125,50
38253,435175,50
38254,435225,50
38255,435275,50
38256,435325,50
38257,435375,50
38258,435425,50
38259,435475,50
38260,435525,50
38261,435575,50
38262,435625,50
38263,435675,50
38264,435725,50
38265,435775,50
38266,435825,50
38267,435875,50
38268,435925,50
38269,435975,50
38270,436025,50
38271,436075,50
38272,436125,50
38273,436175,50
38274,436225,50
38275,436275,50
38276,436325,50
38277,436375,50
38278,436425,50
38279,436475,50
38280,436525,50
38281,436575,50
38282,436625,50
38283,436675,50
38284,436725,50
38285,436775,50
38286,436825,50
38287,436875,50
38288,436925,50
38289,436975,50
38290,437025,50
38291,437075,50
38292,437125,50
38293,437175,50
38294,437225,50
38295,437275,50
38296,437325,50
38297,437375,50
38298,437425,51
38299,437476,50
38300,437526,50
38301,437576,50
38302,437626,50
38303,437676,50
38304,437726,50
38305,437776,50
38306,437826,50
38307,437876,50
38308,437926,50
38309,437976,50
38310,438026,50
38311,438076,50
38312,438126,50
38313,438176,50
38314,438226,50
38315,438276,50
38316,438326,50
38317,438376,50
38318,438426,50
38319,438476,50
38320,438526,50
38321,438576,50
38322,438626,50
38323,438676,50
38324,438726,50
38325,438776,50
38326,438826,50
38327,438876,50
38328,438926,50
38329,438976,50
38330,439026,50
38331,439076,50
38332,439126,50
38333,439176,50
38334,439226,50
38335,439276,50
38336,439326,50
38337,439376,50
38338,439426,50
38339,439476,50
38340,439526,50
38341,439576,50
38342,439626,50
38343,439676,50
38344,439726,50
38345,439776,50
38346,439826,50
38347,439876,50
38348,439926,50
38349,439976,50
38350,440026,50
38351,440076,50
38352,440126,50
38353,440176,50
38354,440226,50
38355,440276,50
38356,440326,50
38357,440376,50
38358,440426,50
38359,440476,50
38360,440526,50
38361,440576,50
38362,440626,50
38363,440676,50
38364,440726,50
38365,440776,50
38366,440826,50
38367,440876,50
38368,440926,50
38369,440976,50
38370,441026,50
38371,441076,50
38372,441126,50
38373,441176,50
38374,441226,50
38375,441276,50
38376,441326,50
38377,441376,50
38378,441426,50
38379,441476,50
38380,441526,50
38381,441576,50
38382,441626,50
38383,441676,50
38384,441726,50
38385,441776,50
38386,441826,50
38387,441876,50
38388,441926,50
38389,441976,50
38390,442026,50
38391,442076,50
38392,442126,50
38393,442176,50
38394,442226,50
38395,442276,50
38396,442326,50
38397,442376,50
38398,442426,50
38399,442476,50
38400,442526,50
38401,442576,50
38402,442626,50
38403,442676,50
38404,442726,50
38405,442776,50
38406,442826,50
38407,442876,50
38408,442926,50
38409,442976,50
38410,443026,50
38411,443076,50
38412,443126,50
38413,443176,50
38414,443226,50
38415,443276,50
38416,443326,50
38417,443376,50
38418,443426,50
38419,443476,50
38420,443526,50
38421,443576,50
38422,443626,50
38423,443676,50
38424,443726,50
38425,443776,50
38426,443826,50
38427,443876,50
38428,443926,50
38429,443976,50
38430,444026,50
38431,444076,50
38432,444126,50
38433,444176,50
38434,444226,50
38435,444276,50
38436,444326,50
38437,444376,50
38438,444426,50
38439,444476,50
38440,444526,50
38441,444576,50
38442,444626,50
38443,444676,50
38444,444726,50
38445,444776,50
38446,444826,50
38447,444876,50
38448,444926,50
38449,444976,50
38450,445026,50
38451,445076,50
38452,445126,50
38453,445176,50
38454,445226,50
38455,445276,50
38456,445326,50
38457,445376,50
38458,445426,50
38459,445476,50
38460,445526,50
38461,445576,50
38462,445626,50
38463,445676,50
38464,445726,50
38465,445776,50
38466,445826,50
38467,445876,50
38468,445926,50
38469,445976,50
38470,446026,50
38471,446076,50
38472,446126,50
38473,446176,50
38474,446226,50
38475,446276,50
38476,446326,50
38477,446376,50
38478,446426,50
38479,446476,50
38480,446526,50
38481,446576,50
38482,446626,50
38483,446676,50
38484,446726,50
38485,446776,50
38486,446826,50
38487,446876,50
38488,446926,50
38489,446976,50
38490,447026,50
38491,447076,50
38492,447126,50
38493,447176,50
38494,447226,50
38495,447276,50
38496,447326,50
38497,447376,50
38498,447426,50
38499,447476,50
38500,447526,50
38501,447576,50
38502,447626,50
38503,447676,50
38504,447726,50
38505,447776,50
38506,447826,50
38507,447876,50
38508,447926,50
38509,447976,50
38510,448026,50
38511,448076,50
38512,448126,50
38513,448176,50
38514,448226,50
38515,448276,50
38516,448326,50
38517,448376,50
38518,448426,50
38519,448476,50
38520,448526,50
38521,448576,50
38522,448626,50
38523,448676,50
38524,448726,50
38525,448776,50
38526,448826,50
38527,448876,50
38528,448926,50
38529,448976,50
38530,449026,50
38531,449076,50
38532,449126,50
38533,449176,50
38534,449226,50
38535,449276,50
38536,449326,50
38537,449376,50
38538,449426,50
38539,449476,50
38540,449526,50
38541,449576,50
38542,449626,50
38543,449676,50
38544,449726,50
38545,449776,50
38546,449826,50
38547,449876,50
38548,449926,50
38549,449976,50
38550,450026,50
38551,450076,50
38552,450126,50
38553,450176,50
38554,450226,50
38555,450276,50
38556,450326,50
38557,450376,50
38558,450426,50
38559,450476,50
38560,450526,50
38561,450576,50
38562,450626,50
38563,450676,50
38564,450726,50
38565,450776,50
38566,450826,50
38567,450876,50
38568,450926,50
38569,450976,50
38570,451026,50
38571,451076,50
38572,451126,50
38573,451176,50
38574,451226,50
38575,451276,50
38576,451326,50
38577,451376,50
38578,451426,50
38579,451476,50
38580,451526,50
38581,451576,50
38582,451626,50
38583,451676,50
38584,451726,50
38585,451776,50
38586,451826,50
38587,451876,50
38588,451926,50
38589,451976,50
38590,452026,50
38591,452076,50
38592,452126,50
38593,452176,50
38594,452226,50
38595,452276,50
38596,452326,50
38597,452376,50
38598,452426,50
38599,452476,50
38600,452526,50
38601,452576,50
38602,452626,50
38603,452676,50
38604,452726,50
38605,452776,50
38606,452826,50
38607,452876,50
38608,452926,50
38609,452976,50
38610,453026,50
38611,453076,50
38612,453126,50
38613,453176,50
38614,453226,50
38615,453276,50
38616,453326,50
38617,453376,50
38618,453426,50
38619,453476,50
38620,453526,50
38621,453576,50
38622,453626,50
38623,453676,50
38624,453726,50
38625,453776,50
38626,453826,50
38627,453876,50
38628,453926,50
38629,453976,50
38630,454026,50
38631,454076,50
38632,454126,50
38633,454176,50
38634,454226,50
38635,454276,50
38636,454326,50
38637,454376,50
38638,454426,50
38639,454476,50
38640,454526,50
38641,454576,50
38642,454626,50
38643,454676,50
38644,454726,50
38645,454776,50
38646,454826,50
38647,454876,50
38648,454926,50
38649,454976,50
38650,455026,50
38651,455076,50
38652,455126,50
38653,455176,50
38654,455226,50
38655,455276,50
38656,455326,50
38657,455376,50
38658,455426,50
38659,455476,50
38660,455526,50
38661,455576,50
38662,455626,50
38663,455676,50
38664,455726,50
38665,455776,50
38666,455826,50
38667,455876,50
38668,455926,50
38669,455976,50
38670,456026,50
38671,456076,50
38672,456126,50
38673,456176,50
38674,456226,50
38675,456276,50
38676,456326,50
38677,456376,50
38678,456426,50
38679,456476,50
38680,456526,50
38681,456576,50
38682,456626,50
38683,456676,50
38684,456726,50
38685,456776,50
38686,456826,50
38687,456876,50
38688,456926,50
38689,456976,50
38690,457026,50
38691,457076,50
38692,457126,50
38693,457176,50
38694,457226,50
38695,457276,50
38696,457326,50
38697,457376,50
38698,457426,50
38699,457476,50
38700,457526,50
38701,457576,50
38702,457626,50
38703,457676,50
38704,457726,50
38705,457776,50
38706,457826,50
38707,457876,50
38708,457926,50
38709,457976,50
38710,458026,50
38711,458076,50
38712,458126,50
38713,458176,50
38714,458226,50
38715,458276,50
38716,458326,50
38717,458376,50
38718,458426,50
38719,458476,50
38720,458526,50
38721,458576,50
38722,458626,50
38723,458676,50
38724,458726,50
38725,458776,50
38726,458826,50
38727,458876,50
38728,458926,50
38729,458976,50
38730,459026,50
38731,459076,50
38732,459126,50
38733,459176,50
38734,459226,50
38735,459276,50
38736,459326,50
38737,459376,50
38738,459426,50
38739,459476,50
38740,459526,50
38741,459576,50
38742,459626,50
38743,459676,50
38744,459726,50
38745,459776,50
38746,459826,50
38747,459876,50
38748,459926,50
38749,459976,50
38750,460026,50
38751,460076,50
38752,460126,50
38753,460176,50
38754,460226,50
38755,460276,50
38756,460326,50
38757,460376,50
38758,460426,50
38759,460476,50
38760,460526,50
38761,460576,50
38762,460626,50
38763,460676,50
38764,460726,50
38765,460776,50
38766,460826,50
38767,460876,50
38768,460926,50
38769,460976,50
38770,461026,50
38771,461076,50
38772,461126,50
38773,461176,50
38774,461226,50
38775,461276,50
38776,461326,50
38777,461376,50
38778,461426,50
38779,461476,50
38780,461526,50
38781,461576,50
38782,461626,50
38783,461676,50
38784,461726,50
38785,461776,50
38786,461826,50
38787,461876,50
38788,461926,50
38789,461976,50
38790,462026,50
38791,462076,50
38792,462126,50
38793,462176,50
38794,462226,50
38795,462276,50
38796,462326,50
38797,462376,50
38798,462426,50
38799,462476,50
38800,462526,50
38801,462576,50
38802,462626,50
38803,462676,50
38804,462726,50
38805,462776,50
38806,462826,50
38807,462876,50
38808,462926,50
38809,462976,50
38810,463026,50
38811,463076,50
38812,463126,50
38813,463176,50
38814,463226,50
38815,463276,50
38816,463326,50
38817,463376,50
38818,463426,50
38819,463476,50
38820,463526,50
38821,463576,50
38822,463626,50
38823,463676,50
38824,463726,50
38825,463776,50
38826,463826,50
38827,463876,50
38828,463926,50
38829,463976,50
38830,464026,50
38831,464076,50
38832,464126,50
38833,464176,50
38834,464226,50
38835,464276,50
38836,464326,50
38837,464376,50
38838,464426,50
38839,464476,50
38840,464526,50
38841,464576,50
38842,464626,50
38843,464676,50
38844,464726,50
38845,464776,50
38846,464826,50
38847,464876,50
38848,464926,50
38849,464976,50
38850,465026,50
38851,465076,50
38852,465126,50
38853,465176,50
38854,465226,50
38855,465276,50
38856,465326,50
38857,465376,50
38858,465426,50
38859,465476,50
38860,465526,50
38861,465576,50
38862,465626,50
38863,465676,50
38864,465726,50
38865,465776,50
38866,465826,50
38867,465876,51
38868,465927,50
38869,465977,50
38870,466027,50
38871,466077,50
38872,466127,50
38873,466177,50
38874,466227,50
38875,466277,50
38876,466327,50
38877,466377,50
38878,466427,50
38879,466477,50
38880,466527,50
38881,466577,50
38882,466627,50
38883,466677,50
38884,466727,50
38885,466777,50
38886,466827,50
38887,466877,50
38888,466927,50
38889,466977,50
38890,467027,50
38891,467077,50
38892,467127,50
38893,467177,50
38894,467227,50
38895,467277,50
38896,467327,50
38897,467377,50
38898,467427,50
38899,467477,50
38900,467527,50
38901,467577,50
38902,467627,50
38903,467677,50
38904,467727,50
38905,467777,50
38906,467827,50
38907,467877,50
38908,467927,50
38909,467977,50
38910,468027,50
38911,468077,50
38912,468127,50
38913,468177,50
38914,468227,50
38915,468277,50
38916,468327,50
38917,468377,50
38918,468427,50
38919,468477,50
38920,468527,50
38921,468577,50
38922,468627,50
38923,468677,50
38924,468727,50
38925,468777,50
38926,468827,50
38927,468877,50
38928,468927,50
38929,468977,50
38930,469027,50
38931,469077,50
38932,469127,50
38933,469177,50
38934,469227,50
38935,469277,50
38936,469327,50
38937,469377,50
38938,469427,50
38939,469477,50
38940,469527,50
38941,469577,50
38942,469627,50
38943,469677,50
38944,469727,50
38945,469777,50
38946,469827,50
38947,469877,50
38948,469927,50
38949,469977,50
38950,470027,50
38951,470077,50
38952,470127,50
38953,470177,50
38954,470227,50
38955,470277,50
38956,470327,50
38957,470377,50
38958,470427,50
38959,470477,50
38960,470527,50
38961,470577,50
38962,470627,50
38963,470677,50
38964,470727,50
38965,470777,50
38966,470827,50
38967,470877,50
38968,470927,50
38969,470977,50
38970,471027,50
38971,471077,50
38972,471127,50
38973,471177,50
38974,471227,50
38975,471277,50
38976,471327,50
38977,471377,50
38978,471427,50
38979,471477,50
38980,471527,50
38981,471577,50
38982,471627,50
38983,471677,50
38984,471727,50
38985,471777,50
38986,471827,50
38987,471877,50
38988,471927,50
38989,471977,50
38990,472027,50
38991,472077,50
38992,472127,50
38993,472177,50
38994,472227,50
38995,472277,50
38996,472327,50
38997,472377,50
38998,472427,50
38999,472477,50
39000,472527,50
39001,472577,50
39002,472627,50
39003,472677,50
39004,472727,50
39005,472777,50
39006,472827,50
39007,472877,50
39008,472927,50
39009,472977,50
39010,473027,50
39011,473077,50
39012,473127,50
39013,473177,50
39014,473227,50
39015,473277,50
39016,473327,50
39017,473377,50
39018,473427,50
39019,473477,50
39020,473527,50
39021,473577,50
39022,473627,50
39023,473677,50
39024,473727,50
39025,473777,50
39026,473827,50
39027,473877,50
39028,473927,50
39029,473977,50
39030,474027,50
39031,474077,50
39032,474127,50
39033,474177,50
39034,474227,50
39035,474277,50
39036,474327,50
39037,474377,50
39038,474427,50
39039,474477,50
39040,474527,50
39041,474577,50
39042,474627,50
39043,474677,50
39044,474727,50
39045,474777,50
39046,474827,50
39047,474877,50
39048,474927,50
39049,474977,50
39050,475027,50
39051,475077,50
39052,475127,50
39053,475177,50
39054,475227,50
39055,475277,50
39056,475327,50
39057,475377,50
39058,475427,50
39059,475477,50
39060,475527,50
39061,475577,50
39062,475627,50
39063,475677,50
39064,475727,50
39065,475777,50
39066,475827,50
39067,475877,50
39068,475927,50
39069,475977,50
39070,476027,50
39071,476077,50
39072,476127,50
39073,476177,50
39074,476227,50
39075,476277,50
39076,476327,50
39077,476377,50
39078,476427,50
39079,476477,50
39080,476527,50
39081,476577,50
39082,476627,50
39083,476677,50
39084,476727,50
39085,476777,50
39086,476827,50
39087,476877,50
39088,476927,50
39089,476977,50
39090,477027,50
39091,477077,50
39092,477127,50
39093,477177,50
39094,477227,50
39095,477277,50
39096,477327,50
39097,477377,50
39098,477427,50
39099,477477,50
39100,477527,50
39101,477577,50
39102,477627,50
39103,477677,50
39104,477727,50
39105,477777,50
39106,477827,50
39107,477877,50
39108,477927,50
39109,477977,50
39110,478027,50
39111,478077,50
39112,478127,50
39113,478177,50
39114,478227,50
39115,478277,50
39116,478327,50
39117,478377,50
39118,478427,50
39119,478477,50
39120,478527,50
39121,478577,50
39122,478627,50
39123,478677,50
39124,478727,50
39125,478777,50
39126,478827,50
39127,478877,50
39128,478927,50
39129,478977,50
39130,479027,50
39131,479077,50
39132,479127,50
39133,479177,50
39134,479227,50
39135,479277,50
39136,479327,50
39137,479377,50
39138,479427,50
39139,479477,50
39140,479527,50
39141,479577,50
39142,479627,50
39143,479677,50
39144,479727,50
39145,479777,50
39146,479827,50
39147,479877,50
39148,479927,50
39149,479977,50
39150,480027,50
39151,480077,50
39152,480127,50
39153,480177,50
39154,480227,50
39155,480277,50
39156,480327,50
39157,480377,50
39158,480427,50
39159,480477,50
39160,480527,50
39161,480577,50
39162,480627,50
39163,480677,50
39164,480727,50
39165,480777,50
39166,480827,50
39167,480877,50
39168,480927,50
39169,480977,50
39170,481027,50
39171,481077,50
39172,481127,50
39173,481177,50
39174,481227,50
39175,481277,50
39176,481327,50
39177,481377,50
39178,481427,50
39179,481477,50
39180,481527,50
39181,481577,50
39182,481627,50
39183,481677,50
39184,481727,50
39185,481777,50
39186,481827,50
39187,481877,50
39188,481927,50
39189,481977,50
39190,482027,50
39191,482077,50
39192,482127,50
39193,482177,50
39194,482227,50
39195,482277,50
39196,482327,50
39197,482377,50
39198,482427,50
39199,482477,50
39200,482527,50
39201,482577,50
39202,482627,50
39203,482677,50
39204,482727,50
39205,482777,50
39206,482827,50
39207,482877,50
39208,482927,50
39209,482977,50
39210,483027,50
39211,483077,50
39212,483127,50
39213,483177,50
39214,483227,50
39215,483277,50
39216,483327,50
39217,483377,50
39218,483427,50
39219,483477,50
39220,483527,50
39221,483577,50
39222,483627,50
39223,483677,50
39224,483727,50
39225,483777,50
39226,483827,50
39227,483877,50
39228,483927,50
39229,483977,50
39230,484027,50
39231,484077,50
39232,484127,50
39233,484177,50
39234,484227,50
39235,484277,50
39236,484327,50
39237,484377,50
39238,484427,50
39239,484477,50
39240,484527,50
39241,484577,50
39242,484627,50
39243,484677,50
39244,484727,50
39245,484777,50
39246,484827,50
39247,484877,50
39248,484927,50
39249,484977,50
39250,485027,50
39251,485077,50
39252,485127,50
39253,485177,50
39254,485227,50
39255,485277,50
39256,485327,50
39257,485377,50
39258,485427,50
39259,485477,50
39260,485527,50
39261,485577,50
39262,485627,50
39263,485677,50
39264,485727,50
39265,485777,50
39266,485827,50
39267,485877,50
39268,485927,50
39269,485977,50
39270,486027,50
39271,486077,50
39272,486127,50
39273,486177,50
39274,486227,50
39275,486277,50
39276,486327,50
39277,486377,50
39278,486427,50
39279,486477,50
39280,486527,50
39281,486577,50
39282,486627,50
39283,486677,50
39284,486727,50
39285,486777,50
39286,486827,50
39287,486877,50
39288,486927,50
39289,486977,50
39290,487027,50
39291,487077,50
39292,487127,50
39293,487177,50
39294,487227,50
39295,487277,50
39296,487327,50
39297,487377,50
39298,487427,50
39299,487477,50
39300,487527,50
39301,487577,50
39302,487627,50
39303,487677,50
39304,487727,50
39305,487777,50
39306,487827,50
39307,487877,50
39308,487927,50
39309,487977,50
39310,488027,50
39311,488077,50
39312,488127,50
39313,488177,50
39314,488227,50
39315,488277,50
39316,488327,50
39317,488377,50
39318,488427,50
39319,488477,50
39320,488527,50
39321,488577,50
39322,488627,50
39323,488677,50
39324,488727,50
39325,488777,50
39326,488827,50
39327,488877,50
39328,488927,50
39329,488977,50
39330,489027,50
39331,489077,50
39332,489127,50
39333,489177,50
39334,489227,50
39335,489277,50
39336,489327,50
39337,489377,50
39338,489427,50
39339,489477,50
39340,489527,50
39341,489577,50
39342,489627,50
39343,489677,50
39344,489727,50
39345,489777,50
39346,489827,50
39347,489877,50
39348,489927,50
39349,489977,50
39350,490027,50
39351,490077,50
39352,490127,50
39353,490177,50
39354,490227,50
39355,490277,50
39356,490327,50
39357,490377,50
39358,490427,50
39359,490477,50
39360,490527,50
39361,490577,50
39362,490627,50
39363,490677,50
39364,490727,50
39365,490777,50
39366,490827,50
39367,490877,50
39368,490927,50
39369,490977,50
39370,491027,50
39371,491077,50
39372,491127,50
39373,491177,50
39374,491227,50
39375,491277,50
39376,491327,50
39377,491377,50
39378,491427,50
39379,491477,50
39380,491527,50
39381,491577,50
39382,491627,50
39383,491677,50
39384,491727,50
39385,491777,51
39386,491828,50
39387,491878,50
39388,491928,50
39389,491978,50
39390,492028,50
39391,492078,50
39392,492128,50
39393,492178,50
39394,492228,50
39395,492278,50
39396,492328,50
39397,492378,50
39398,492428,50
39399,492478,50
39400,492528,50
39401,492578,50
39402,492628,50
39403,492678,50
39404,492728,50
39405,492778,50
39406,492828,50
39407,492878,50
39408,492928,50
39409,492978,50
39410,493028,50
39411,493078,50
39412,493128,50
39413,493178,50
39414,493228,50
39415,493278,50
39416,493328,50
39417,493378,50
39418,493428,50
39419,493478,50
39420,493528,50
39421,493578,50
39422,493628,50
39423,493678,50
39424,493728,50
39425,493778,50
39426,493828,50
39427,493878,50
39428,493928,50
39429,493978,50
39430,494028,50
39431,494078,50
39432,494128,50
39433,494178,50
39434,494228,50
39435,494278,50
39436,494328,50
39437,494378,50
39438,494428,50
39439,494478,50
39440,494528,50
39441,494578,50
39442,494628,50
39443,494678,50
39444,494728,50
39445,494778,50
39446,494828,50
39447,494878,50
39448,494928,50
39449,494978,50
39450,495028,50
39451,495078,50
39452,495128,50
39453,495178,50
39454,495228,50
39455,495278,50
39456,495328,50
39457,495378,50
39458,495428,50
39459,495478,50
39460,495528,50
39461,495578,50
39462,495628,50
39463,495678,50
39464,495728,50
39465,495778,50
39466,495828,50
39467,495878,50
39468,495928,50
39469,495978,50
39470,496028,50
39471,496078,50
39472,496128,50
39473,496178,50
39474,496228,50
39475,496278,50
39476,496328,50
39477,496378,50
39478,496428,50
39479,496478,50
39480,496528,50
39481,496578,50
39482,496628,50
39483,496678,50
39484,496728,50
39485,496778,50
39486,496828,50
39487,496878,50
39488,496928,50
39489,496978,50
39490,497028,50
39491,497078,50
39492,497128,50
39493,497178,50
39494,497228,50
39495,497278,50
39496,497328,50
39497,497378,50
39498,497428,50
39499,497478,50
39500,497528,50
39501,497578,50
39502,497628,50
39503,497678,50
39504,497728,50
39505,497778,50
39506,497828,50
39507,497878,50
39508,497928,50
39509,497978,50
39510,498028,50
39511,498078,50
39512,498128,50
39513,498178,50
39514,498228,50
39515,498278,50
39516,498328,50
39517,498378,50
39518,498428,50
39519,498478,50
39520,498528,50
39521,498578,50
39522,498628,50
39523,498678,50
39524,498728,50
39525,498778,50
39526,498828,50
39527,498878,50
39528,498928,50
39529,498978,50
39530,499028,50
39531,499078,50
39532,499128,50
39533,499178,50
39534,499228,50
39535,499278,50
39536,499328,50
39537,499378,50
39538,499428,50
39539,499478,50
39540,499528,50
39541,499578,50
39542,499628,50
39543,499678,50
39544,499728,50
39545,499778,50
39546,499828,50
39547,499878,50
39548,499928,50
39549,499978,50
39550,500028,50
39551,500078,50
39552,500128,50
39553,500178,50
39554,500228,50
39555,500278,50
39556,500328,50
39557,500378,50
39558,500428,50
39559,500478,50
39560,500528,50
39561,500578,50
39562,500628,50
39563,500678,50
39564,500728,50
39565,500778,50
39566,500828,50
39567,500878,50
39568,500928,50
39569,500978,50
39570,501028,50
39571,501078,50
39572,501128,50
39573,501178,50
39574,501228,50
39575,501278,50
39576,501328,50
39577,501378,50
39578,501428,50
39579,501478,50
39580,501528,50
39581,501578,50
39582,501628,50
39583,501678,50
39584,501728,50
39585,501778,50
39586,501828,50
39587,501878,50
39588,501928,50
39589,501978,50
39590,502028,50
39591,502078,50
39592,502128,50
39593,502178,50
39594,502228,50
39595,502278,50
39596,502328,50
39597,502378,50
39598,502428,50
39599,502478,50
39600,502528,50
39601,502578,50
39602,502628,50
39603,502678,50
39604,502728,50
39605,502778,50
39606,502828,50
39607,502878,50
39608,502928,50
39609,502978,50
39610,503028,50
39611,503078,50
39612,503128,50
39613,503178,50
39614,503228,50
39615,503278,50
39616,503328,50
39617,503378,50
39618,503428,50
39619,503478,50
39620,503528,50
39621,503578,50
39622,503628,50
39623,503678,50
39624,503728,50
39625,503778,50
39626,503828,50
39627,503878,50
39628,503928,50
39629,503978,50
39630,504028,50
39631,504078,50
39632,504128,50
39633,504178,50
39634,504228,50
39635,504278,50
39636,504328,50
39637,504378,50
39638,504428,50
39639,504478,50
39640,504528,50
39641,504578,50
39642,504628,50
39643,504678,50
39644,504728,50
39645,504778,50
39646,504828,50
39647,504878,50
39648,504928,50
39649,504978,50
39650,505028,50
39651,505078,50
39652,505128,50
39653,505178,50
39654,505228,50
39655,505278,50
39656,505328,50
39657,505378,50
39658,505428,50
39659,505478,50
39660,505528,50
39661,505578,50
39662,505628,50
39663,505678,50
39664,505728,50
39665,505778,50
39666,505828,50
39667,505878,50
39668,505928,50
39669,505978,50
39670,506028,50
39671,506078,50
39672,506128,50
39673,506178,50
39674,506228,50
39675,506278,50
39676,506328,50
39677,506378,50
39678,506428,50
39679,506478,50
39680,506528,50
39681,506578,50
39682,506628,50
39683,506678,50
39684,506728,50
39685,506778,50
39686,506828,50
39687,506878,50
39688,506928,50
39689,506978,50
39690,507028,50
39691,507078,50
39692,507128,50
39693,507178,50
39694,507228,50
39695,507278,50
39696,507328,50
39697,507378,50
39698,507428,50
39699,507478,50
39700,507528,50
39701,507578,50
39702,507628,50
39703,507678,50
39704,507728,50
39705,507778,50
39706,507828,50
39707,507878,50
39708,507928,50
39709,507978,50
39710,508028,50
39711,508078,50
39712,508128,50
39713,508178,50
39714,508228,50
39715,508278,50
39716,508328,50
39717,508378,50
39718,508428,50
39719,508478,50
39720,508528,50
39721,508578,50
39722,508628,50
39723,508678,50
39724,508728,50
39725,508778,50
39726,508828,50
39727,508878,50
39728,508928,50
39729,508978,50
39730,509028,50
39731,509078,50
39732,509128,50
39733,509178,50
39734,509228,50
39735,509278,50
39736,509328,50
39737,509378,50
39738,509428,50
39739,509478,50
39740,509528,50
39741,509578,50
39742,509628,50
39743,509678,50
39744,509728,50
39745,509778,50
39746,509828,50
39747,509878,50
39748,509928,50
39749,509978,50
39750,510028,50
39751,510078,50
39752,510128,50
39753,510178,50
39754,510228,50
39755,510278,50
39756,510328,50
39757,510378,50
39758,510428,50
39759,510478,50
39760,510528,50
39761,510578,50
39762,510628,50
39763,510678,50
39764,510728,50
39765,510778,50
39766,510828,50
39767,510878,50
39768,510928,50
39769,510978,50
39770,511028,50
39771,511078,50
39772,511128,50
39773,511178,50
39774,511228,50
39775,511278,50
39776,511328,50
39777,511378,50
39778,511428,50
39779,511478,50
39780,511528,50
39781,511578,50
39782,511628,50
39783,511678,50
39784,511728,50
39785,511778,50
39786,511828,50
39787,511878,50
39788,511928,50
39789,511978,50
39790,512028,50
39791,512078,50
39792,512128,50
39793,512178,50
39794,512228,50
39795,512278,50
39796,512328,50
39797,512378,50
39798,512428,50
39799,512478,50
39800,512528,50
39801,512578,50
39802,512628,50
39803,512678,50
39804,512728,50
39805,512778,50
39806,512828,50
39807,512878,50
39808,512928,50
39809,512978,50
39810,513028,50
39811,513078,50
39812,513128,50
39813,513178,50
39814,513228,50
39815,513278,50
39816,513328,50
39817,513378,50
39818,513428,50
39819,513478,50
39820,513528,50
39821,513578,50
39822,513628,50
39823,513678,50
39824,513728,50
39825,513778,50
39826,513828,50
39827,513878,50
39828,513928,50
39829,513978,50
39830,514028,50
39831,514078,50
39832,514128,50
39833,514178,50
39834,514228,50
39835,514278,50
39836,514328,50
39837,514378,50
39838,514428,50
39839,514478,50
39840,514528,50
39841,514578,50
39842,514628,50
39843,514678,50
39844,514728,50
39845,514778,50
39846,514828,50
39847,514878,50
39848,514928,50
39849,514978,50
39850,515028,50
39851,515078,50
39852,515128,50
39853,515178,50
39854,515228,50
39855,515278,50
39856,515328,50
39857,515378,50
39858,515428,50
39859,515478,50
39860,515528,50
39861,515578,50
39862,515628,50
39863,515678,50
39864,515728,50
39865,515778,50
39866,515828,50
39867,515878,50
39868,515928,50
39869,515978,50
39870,516028,50
39871,516078,50
39872,516128,50
39873,516178,50
39874,516228,50
39875,516278,50
39876,516328,50
39877,516378,50
39878,516428,50
39879,516478,50
39880,516528,50
39881,516578,50
39882,516628,50
39883,516678,50
39884,516728,50
39885,516778,50
39886,516828,50
39887,516878,50
39888,516928,50
39889,516978,50
39890,517028,50
39891,517078,50
39892,517128,50
39893,517178,50
39894,517228,50
39895,517278,50
39896,517328,50
39897,517378,50
39898,517428,50
39899,517478,50
39900,517528,50
39901,517578,50
39902,517628,50
39903,517678,50
39904,517728,50
39905,517778,50
39906,517828,50
39907,517878,50
39908,517928,50
39909,517978,50
39910,518028,50
39911,518078,50
39912,518128,50
39913,518178,50
39914,518228,50
39915,518278,50
39916,518328,50
39917,518378,50
39918,518428,50
39919,518478,50
39920,518528,50
39921,518578,50
39922,518628,50
39923,518678,50
39924,518728,50
39925,518778,50
39926,518828,50
39927,518878,50
39928,518928,50
39929,518978,50
39930,519028,50
39931,519078,50
39932,519128,50
39933,519178,50
39934,519228,50
39935,519278,50
39936,519328,50
39937,519378,50
39938,519428,50
39939,519478,50
39940,519528,50
39941,519578,50
39942,519628,50
39943,519678,50
39944,519728,50
39945,519778,51
39946,519829,50
39947,519879,50
39948,519929,50
39949,519979,50
39950,520029,50
39951,520079,50
39952,520129,50
39953,520179,50
39954,520229,50
39955,520279,50
39956,520329,50
39957,520379,50
39958,520429,50
39959,520479,50
39960,520529,50
39961,520579,50
39962,520629,50
39963,520679,50
39964,520729,50
39965,520779,50
39966,520829,50
39967,520879,50
39968,520929,50
39969,520979,50
39970,521029,50
39971,521079,50
39972,521129,50
39973,521179,50
39974,521229,50
39975,521279,50
39976,521329,50
39977,521379,50
39978,521429,50
39979,521479,50
39980,521529,50
39981,521579,50
39982,521629,50
39983,521679,50
39984,521729,50
39985,521779,50
39986,521829,50
39987,521879,50
39988,521929,50
39989,521979,50
39990,522029,50
39991,522079,50
39992,522129,50
39993,522179,50
39994,522229,50
39995,522279,50
39996,522329,50
39997,522379,50
39998,522429,50
39999,522479,50
40000,522529,50
40001,522579,50
40002,522629,50
40003,522679,50
40004,522729,50
40005,522779,50
40006,522829,50
40007,522879,50
40008,522929,50
40009,522979,50
40010,523029,50
40011,523079,50
40012,523129,50
40013,523179,50
40014,523229,50
40015,523279,50
40016,523329,50
40017,523379,50
40018,523429,50
40019,523479,50
40020,523529,50
40021,523579,50
40022,523629,50
40023,523679,50
40024,523729,50
40025,523779,50
40026,523829,50
40027,523879,50
40028,523929,50
40029,523979,50
40030,524029,50
40031,524079,50
40032,524129,50
40033,524179,50
40034,524229,50
40035,524279,50
40036,524329,50
40037,524379,50
40038,524429,50
40039,524479,50
40040,524529,50
40041,524579,50
40042,524629,50
40043,524679,50
40044,524729,50
40045,524779,50
40046,524829,50
40047,524879,50
40048,524929,50
40049,524979,50
40050,525029,50
40051,525079,50
40052,525129,50
40053,525179,50
40054,525229,50
40055,525279,50
40056,525329,50
40057,525379,50
40058,525429,50
40059,525479,50
40060,525529,50
40061,525579,50
40062,525629,50
40063,525679,50
40064,525729,50
40065,525779,50
40066,525829,50
40067,525879,50
40068,525929,50
40069,525979,50
40070,526029,50
40071,526079,50
40072,526129,50
40073,526179,50
40074,526229,50
40075,526279,50
40076,526329,50
40077,526379,50
40078,526429,50
40079,526479,50
40080,526529,50
40081,526579,50
40082,526629,50
40083,526679,50
40084,526729,50
40085,526779,50
40086,526829,50
40087,526879,50
40088,526929,50
40089,526979,50
40090,527029,50
40091,527079,50
40092,527129,50
40093,527179,50
40094,527229,50
40095,527279,50
40096,527329,50
40097,527379,50
40098,527429,50
40099,527479,50
40100,527529,50
40101,527579,50
40102,527629,50
40103,527679,50
40104,527729,50
40105,527779,50
40106,527829,50
40107,527879,50
40108,527929,50
40109,527979,50
40110,528029,50
40111,528079,50
40112,528129,50
40113,528179,50
40114,528229,50
40115,528279,50
40116,528329,50
40117,528379,50
40118,528429,50
40119,528479,50
40120,528529,50
40121,528579,50
40122,528629,50
40123,528679,50
40124,528729,50
40125,528779,50
40126,528829,50
40127,528879,50
40128,528929,50
40129,528979,50
40130,529029,50
40131,529079,50
40132,529129,50
40133,529179,50
40134,529229,50
40135,529279,50
40136,529329,50
40137,529379,50
40138,529429,50
40139,529479,50
40140,529529,50
40141,529579,50
40142,529629,50
40143,529679,50
40144,529729,50
40145,529779,50
40146,529829,50
40147,529879,50
40148,529929,50
40149,529979,50
40150,530029,50
40151,530079,50
40152,530129,50
40153,530179,50
40154,530229,50
40155,530279,50
40156,530329,50
40157,530379,50
40158,530429,50
40159,530479,50
40160,530529,50
40161,530579,50
40162,530629,50
40163,530679,50
40164,530729,50
40165,530779,50
40166,530829,50
40167,530879,50
40168,530929,50
40169,530979,50
40170,531029,50
40171,531079,50
40172,531129,50
40173,531179,50
40174,531229,50
40175,531279,50
40176,531329,50
40177,531379,50
40178,531429,50
40179,531479,50
40180,531529,50
40181,531579,50
40182,531629,50
40183,531679,50
40184,531729,50
40185,531779,50
40186,531829,50
40187,531879,50
40188,531929,50
40189,531979,50
40190,532029,50
40191,532079,50
40192,532129,50
40193,532179,50
40194,532229,50
40195,532279,50
40196,532329,50
40197,532379,50
40198,532429,50
40199,532479,50
40200,532529,50
40201,532579,50
40202,532629,50
40203,532679,50
40204,532729,50
40205,532779,50
40206,532829,50
40207,532879,50
40208,532929,50
40209,532979,50
40210,533029,50
40211,533079,50
40212,533129,50
40213,533179,50
40214,533229,50
40215,533279,50
40216,533329,50
40217,533379,50
40218,533429,50
40219,533479,50
40220,533529,50
40221,533579,50
40222,533629,50
40223,533679,50
40224,533729,50
40225,533779,50
40226,533829,50
40227,533879,50
40228,533929,50
40229,533979,50
40230,534029,50
40231,534079,50
40232,534129,50
40233,534179,50
40234,534229,50
40235,534279,50
40236,534329,50
40237,534379,50
40238,534429,50
40239,534479,50
40240,534529,50
40241,534579,50
40242,534629,50
40243,534679,50
40244,534729,50
40245,534779,50
40246,534829,50
40247,534879,50
40248,534929,50
40249,534979,50
40250,535029,50
40251,535079,50
40252,535129,50
40253,535179,50
40254,535229,50
40255,535279,50
40256,535329,50
40257,535379,50
40258,535429,50
40259,535479,50
40260,535529,50
