18955,102,50
18956,152,50
18957,202,50
18958,252,50
18959,302,50
18960,352,50
18961,402,50
18962,452,50
18963,502,50
18964,552,50
18965,602,50
18966,652,50
18967,702,50
18968,752,50
18969,802,50
18970,852,50
18971,902,50
18972,952,50
18973,1002,50
18974,1052,50
18975,1102,50
18976,1152,50
18977,1202,50
18978,1252,50
18979,1302,50
18980,1352,50
18981,1402,50
18982,1452,50
18983,1502,50
18984,1552,50
18985,1602,50
18986,1652,50
18987,1702,50
18988,1752,50
18989,1802,50
18990,1852,50
18991,1902,50
18992,1952,50
18993,2002,50
18994,2052,50
18995,2102,50
18996,2152,50
18997,2202,50
18998,2252,50
18999,2302,50
19000,2352,50
19001,2402,50
19002,2452,50
19003,2502,50
19004,2552,50
19005,2602,50
19006,2652,50
19007,2702,50
19008,2752,50
19009,2802,50
19010,2852,50
19011,2902,50
19012,2952,50
19013,3002,50
19014,3052,50
19015,3102,50
19016,3152,50
19017,3202,50
19018,3252,50
19019,3302,50
19020,3352,50
19021,3402,50
19022,3452,50
19023,3502,50
19024,3552,50
19025,3602,50
19026,3652,50
19027,3702,50
19028,3752,50
19029,3802,50
19030,3852,50
19031,3902,50
19032,3952,50
19033,4002,50
19034,4052,50
19035,4102,50
19036,4152,50
19037,4202,50
19038,4252,50
19039,4302,50
19040,4352,50
19041,4402,50
19042,4452,50
19043,4502,50
19044,4552,50
19045,4602,50
19046,4652,50
19047,4702,50
19048,4752,50
19049,4802,50
19050,4852,50
19051,4902,50
19052,4952,50
19053,5002,50
19054,5052,50
19055,5102,50
19056,5152,50
19057,5202,50
19058,5252,50
19059,5302,50
19060,5352,50
19061,5402,50
19062,5452,50
19063,5502,50
19064,5552,50
19065,5602,50
19066,5652,50
19067,5702,50
19068,5752,50
19069,5802,50
19070,5852,50
19071,5902,50
19072,5952,50
19073,6002,50
19074,6052,50
19075,6102,50
19076,6152,50
19077,6202,50
19078,6252,50
19079,6302,50
19080,6352,50
19081,6402,50
19082,6452,50
19083,6502,50
19084,6552,50
19085,6602,50
19086,6652,50
19087,6702,50
19088,6752,50
19089,6802,50
19090,6852,50
19091,6902,50
19092,6952,50
19093,7002,50
19094,7052,50
19095,7102,50
19096,7152,50
19097,7202,50
19098,7252,50
19099,7302,50
19100,7352,50
19101,7402,50
19102,7452,50
19103,7502,50
19104,7552,50
19105,7602,50
19106,7652,50
19107,7702,50
19108,7752,50
19109,7802,50
19110,7852,50
19111,7902,50
19112,7952,50
19113,8002,50
19114,8052,50
19115,8102,50
19116,8152,50
19117,8202,50
19118,8252,50
19119,8302,50
19120,8352,50
19121,8402,50
19122,8452,50
19123,8502,50
19124,8552,50
19125,8602,50
19126,8652,50
19127,8702,50
19128,8752,50
19129,8802,50
19130,8852,50
19131,8902,50
19132,8952,50
19133,9002,50
19134,9052,50
19135,9102,50
19136,9152,50
19137,9202,50
19138,9252,50
19139,9302,50
19140,9352,50
19141,9402,50
19142,9452,50
19143,9502,50
19144,9552,50
19145,9602,50
19146,9652,50
19147,9702,50
19148,9752,50
19149,9802,50
19150,9852,50
19151,9902,50
19152,9952,50
19153,10002,50
19154,10052,50
19155,10102,50
19156,10152,50
19157,10202,50
19158,10252,50
19159,10302,50
19160,10352,50
19161,10402,50
19162,10452,50
19163,10502,50
19164,10552,50
19165,10602,50
19166,10652,50
19167,10702,50
19168,10752,50
19169,10802,50
19170,10852,50
19171,10902,50
19172,10952,50
19173,11002,50
19174,11052,50
19175,11102,50
19176,11152,50
19177,11202,50
19178,11252,50
19179,11302,50
19180,11352,50
19181,11402,50
19182,11452,50
19183,11502,50
19184,11552,50
19185,11602,50
19186,11652,50
19187,11702,50
19188,11752,50
19189,11802,50
19190,11852,50
19191,11902,50
19192,11952,50
19193,12002,50
19194,12052,50
19195,12102,50
19196,12152,50
19197,12202,50
19198,12252,50
19199,12302,50
19200,12352,50
19201,12402,50
19202,12452,50
19203,12502,50
19204,12552,50
19205,12602,50
19206,12652,50
19207,12702,50
19208,12752,50
19209,12802,50
19210,12852,50
19211,12902,50
19212,12952,50
19213,13002,50
19214,13052,50
19215,13102,50
19216,13152,50
19217,13202,50
19218,13252,50
19219,13302,50
19220,13352,50
19221,13402,50
19222,13452,50
19223,13502,50
19224,13552,50
19225,13602,50
19226,13652,50
19227,13702,50
19228,13752,50
19229,13802,50
19230,13852,50
19231,13902,50
19232,13952,50
19233,14002,50
19234,14052,50
19235,14102,50
19236,14152,50
19237,14202,50
19238,14252,50
19239,14302,50
19240,14352,50
19241,14402,50
19242,14452,50
19243,14502,50
19244,14552,50
19245,14602,50
19246,14652,50
19247,14702,50
19248,14752,50
19249,14802,50
19250,14852,50
19251,14902,50
19252,14952,50
19253,15002,50
19254,15052,50
19255,15102,50
19256,15152,50
19257,15202,50
19258,15252,50
19259,15302,50
19260,15352,50
19261,15402,50
19262,15452,50
19263,15502,50
19264,15552,50
19265,15602,50
19266,15652,50
19267,15702,50
19268,15752,50
19269,15802,50
19270,15852,50
19271,15902,50
19272,15952,50
19273,16002,50
19274,16052,50
19275,16102,50
19276,16152,50
19277,16202,50
19278,16252,50
19279,16302,50
19280,16352,50
19281,16402,50
19282,16452,50
19283,16502,50
19284,16552,50
19285,16602,50
19286,16652,50
19287,16702,50
19288,16752,50
19289,16802,50
19290,16852,50
19291,16902,50
19292,16952,50
19293,17002,50
19294,17052,50
19295,17102,50
19296,17152,50
19297,17202,50
19298,17252,50
19299,17302,50
19300,17352,50
19301,17402,50
19302,17452,50
19303,17502,50
19304,17552,50
19305,17602,50
19306,17652,50
19307,17702,50
19308,17752,50
19309,17802,50
19310,17852,50
19311,17902,50
19312,17952,50
19313,18002,50
19314,18052,50
19315,18102,50
19316,18152,50
19317,18202,50
19318,18252,50
19319,18302,50
19320,18352,50
19321,18402,50
19322,18452,50
19323,18502,50
19324,18552,50
19325,18602,50
19326,18652,50
19327,18702,50
19328,18752,50
19329,18802,50
19330,18852,50
19331,18902,50
19332,18952,50
19333,19002,50
19334,19052,50
19335,19102,50
19336,19152,50
19337,19202,50
19338,19252,50
19339,19302,50
19340,19352,50
19341,19402,50
19342,19452,50
19343,19502,50
19344,19552,50
19345,19602,50
19346,19652,50
19347,19702,50
19348,19752,50
19349,19802,50
19350,19852,50
19351,19902,50
19352,19952,50
19353,20002,50
19354,20052,50
19355,20102,50
19356,20152,50
19357,20202,50
19358,20252,50
19359,20302,50
19360,20352,50
19361,20402,50
19362,20452,50
19363,20502,50
19364,20552,50
19365,20602,50
19366,20652,50
19367,20702,50
19368,20752,50
19369,20802,50
19370,20852,50
19371,20902,50
19372,20952,50
19373,21002,50
19374,21052,50
19375,21102,50
19376,21152,50
19377,21202,50
19378,21252,50
19379,21302,50
19380,21352,50
19381,21402,50
19382,21452,50
19383,21502,50
19384,21552,50
19385,21602,50
19386,21652,50
19387,21702,50
19388,21752,50
19389,21802,50
19390,21852,50
19391,21902,50
19392,21952,50
19393,22002,50
19394,22052,50
19395,22102,50
19396,22152,50
19397,22202,50
19398,22252,50
19399,22302,50
19400,22352,50
19401,22402,50
19402,22452,50
19403,22502,50
19404,22552,50
19405,22602,50
19406,22652,50
19407,22702,50
19408,22752,50
19409,22802,50
19410,22852,50
19411,22902,50
19412,22952,50
19413,23002,50
19414,23052,50
19415,23102,50
19416,23152,50
19417,23202,50
19418,23252,50
19419,23302,50
19420,23352,50
19421,23402,50
19422,23452,50
19423,23502,50
19424,23552,50
19425,23602,50
19426,23652,50
19427,23702,50
19428,23752,50
19429,23802,50
19430,23852,50
19431,23902,50
19432,23952,50
19433,24002,50
19434,24052,50
19435,24102,50
19436,24152,50
19437,24202,50
19438,24252,50
19439,24302,50
19440,24352,50
19441,24402,50
19442,24452,50
19443,24502,50
19444,24552,50
19445,24602,50
19446,24652,50
19447,24702,50
19448,24752,50
19449,24802,50
19450,24852,50
19451,24902,50
19452,24952,50
19453,25002,50
19454,25052,50
19455,25102,50
19456,25152,50
19457,25202,50
19458,25252,50
19459,25302,50
19460,25352,50
19461,25402,50
19462,25452,50
19463,25502,50
19464,25552,50
19465,25602,50
19466,25652,50
19467,25702,50
19468,25752,50
19469,25802,50
19470,25852,50
19471,25902,50
19472,25952,50
19473,26002,50
19474,26052,50
19475,26102,50
19476,26152,50
19477,26202,50
19478,26252,50
19479,26302,50
19480,26352,50
19481,26402,50
19482,26452,50
19483,26502,50
19484,26552,50
19485,26602,50
19486,26652,50
19487,26702,50
19488,26752,50
19489,26802,50
19490,26852,50
19491,26902,50
19492,26952,50
19493,27002,50
19494,27052,50
19495,27102,50
19496,27152,50
19497,27202,50
19498,27252,50
19499,27302,50
19500,27352,50
19501,27402,50
19502,27452,50
19503,27502,50
19504,27552,50
19505,27602,50
19506,27652,50
19507,27702,50
19508,27752,50
19509,27802,50
19510,27852,50
19511,27902,50
19512,27952,50
19513,28002,50
19514,28052,50
19515,28102,50
19516,28152,50
19517,28202,50
19518,28252,50
19519,28302,50
19520,28352,50
19521,28402,50
19522,28452,50
19523,28502,50
19524,28552,50
19525,28602,50
19526,28652,50
19527,28702,50
19528,28752,50
19529,28802,50
19530,28852,50
19531,28902,50
19532,28952,50
19533,29002,50
19534,29052,50
19535,29102,50
19536,29152,50
19537,29202,50
19538,29252,50
19539,29302,50
19540,29352,50
19541,29402,50
19542,29452,50
19543,29502,50
19544,29552,50
19545,29602,50
19546,29652,50
19547,29702,50
19548,29752,50
19549,29802,50
19550,29852,50
19551,29902,50
19552,29952,50
19553,30002,50
19554,30052,50
19555,30102,50
19556,30152,50
19557,30202,50
19558,30252,50
19559,30302,50
19560,30352,50
19561,30402,50
19562,30452,50
19563,30502,50
19564,30552,50
19565,30602,50
19566,30652,50
19567,30702,50
19568,30752,50
19569,30802,50
19570,30852,50
19571,30902,50
19572,30952,50
19573,31002,50
19574,31052,50
19575,31102,50
19576,31152,50
19577,31202,50
19578,31252,50
19579,31302,50
19580,31352,50
19581,31402,50
19582,31452,50
19583,31502,50
19584,31552,50
19585,31602,50
19586,31652,50
19587,31702,50
19588,31752,50
19589,31802,50
19590,31852,50
19591,31902,50
19592,31952,50
19593,32002,50
19594,32052,50
19595,32102,50
19596,32152,50
19597,32202,50
19598,32252,50
19599,32302,50
19600,32352,50
19601,32402,50
19602,32452,50
19603,32502,50
19604,32552,50
19605,32602,50
19606,32652,50
19607,32702,50
19608,32752,50
19609,32802,50
19610,32852,50
19611,32902,50
19612,32952,50
19613,33002,50
19614,33052,50
19615,33102,50
19616,33152,50
19617,33202,50
19618,33252,50
19619,33302,50
19620,33352,50
19621,33402,50
19622,33452,50
19623,33502,50
19624,33552,50
19625,33602,50
19626,33652,50
19627,33702,50
19628,33752,50
19629,33802,50
19630,33852,50
19631,33902,50
19632,33952,50
19633,34002,50
19634,34052,50
19635,34102,50
19636,34152,50
19637,34202,50
19638,34252,50
19639,34302,50
19640,34352,50
19641,34402,50
19642,34452,50
19643,34502,50
19644,34552,50
19645,34602,50
19646,34652,50
19647,34702,50
19648,34752,50
19649,34802,50
19650,34852,50
19651,34902,50
19652,34952,50
19653,35002,50
19654,35052,50
19655,35102,50
19656,35152,50
19657,35202,50
19658,35252,50
19659,35302,50
19660,35352,50
19661,35402,50
19662,35452,50
19663,35502,50
19664,35552,50
19665,35602,50
19666,35652,50
19667,35702,50
19668,35752,50
19669,35802,50
19670,35852,50
19671,35902,50
19672,35952,50
19673,36002,50
19674,36052,50
19675,36102,50
19676,36152,50
19677,36202,50
19678,36252,50
19679,36302,50
19680,36352,50
19681,36402,50
19682,36452,50
19683,36502,50
19684,36552,50
19685,36602,50
19686,36652,50
19687,36702,50
19688,36752,50
19689,36802,50
19690,36852,50
19691,36902,50
19692,36952,50
19693,37002,50
19694,37052,50
19695,37102,50
19696,37152,50
19697,37202,50
19698,37252,50
19699,37302,50
19700,37352,50
19701,37402,50
19702,37452,50
19703,37502,50
19704,37552,50
19705,37602,50
19706,37652,50
19707,37702,50
19708,37752,50
19709,37802,50
19710,37852,50
19711,37902,50
19712,37952,50
19713,38002,50
19714,38052,50
19715,38102,50
19716,38152,50
19717,38202,50
19718,38252,50
19719,38302,50
19720,38352,50
19721,38402,50
19722,38452,50
19723,38502,50
19724,38552,50
19725,38602,50
19726,38652,50
19727,38702,50
19728,38752,50
19729,38802,50
19730,38852,50
19731,38902,50
19732,38952,50
19733,39002,50
19734,39052,50
19735,39102,50
19736,39152,50
19737,39202,50
19738,39252,50
19739,39302,50
19740,39352,50
19741,39402,50
19742,39452,50
19743,39502,50
19744,39552,50
19745,39602,50
19746,39652,50
19747,39702,50
19748,39752,50
19749,39802,50
19750,39852,50
19751,39902,50
19752,39952,50
19753,40002,50
19754,40052,50
19755,40102,50
19756,40152,50
19757,40202,50
19758,40252,50
19759,40302,50
19760,40352,50
19761,40402,50
19762,40452,50
19763,40502,50
19764,40552,50
19765,40602,50
19766,40652,50
19767,40702,50
19768,40752,50
19769,40802,50
19770,40852,50
19771,40902,50
19772,40952,50
19773,41002,50
19774,41052,50
19775,41102,50
19776,41152,50
19777,41202,50
19778,41252,50
19779,41302,50
19780,41352,50
19781,41402,51
19782,41453,50
19783,41503,50
19784,41553,50
19785,41603,50
19786,41653,50
19787,41703,50
19788,41753,50
19789,41803,50
19790,41853,50
19791,41903,50
19792,41953,50
19793,42003,50
19794,42053,50
19795,42103,50
19796,42153,50
19797,42203,50
19798,42253,50
19799,42303,50
19800,42353,50
19801,42403,50
19802,42453,50
19803,42503,50
19804,42553,50
19805,42603,50
19806,42653,50
19807,42703,50
19808,42753,50
19809,42803,50
19810,42853,50
19811,42903,50
19812,42953,50
19813,43003,50
19814,43053,50
19815,43103,50
19816,43153,50
19817,43203,50
19818,43253,50
19819,43303,50
19820,43353,50
19821,43403,50
19822,43453,50
19823,43503,50
19824,43553,50
19825,43603,50
19826,43653,50
19827,43703,50
19828,43753,50
19829,43803,50
19830,43853,50
19831,43903,50
19832,43953,50
19833,44003,50
19834,44053,50
19835,44103,50
19836,44153,50
19837,44203,50
19838,44253,50
19839,44303,50
19840,44353,50
19841,44403,50
19842,44453,50
19843,44503,50
19844,44553,50
19845,44603,50
19846,44653,50
19847,44703,50
19848,44753,50
19849,44803,50
19850,44853,50
19851,44903,50
19852,44953,50
19853,45003,50
19854,45053,50
19855,45103,50
19856,45153,50
19857,45203,50
19858,45253,50
19859,45303,50
19860,45353,50
19861,45403,50
19862,45453,50
19863,45503,50
19864,45553,50
19865,45603,50
19866,45653,50
19867,45703,50
19868,45753,50
19869,45803,50
19870,45853,50
19871,45903,50
19872,45953,50
19873,46003,50
19874,46053,50
19875,46103,50
19876,46153,50
19877,46203,50
19878,46253,50
19879,46303,50
19880,46353,50
19881,46403,50
19882,46453,50
19883,46503,50
19884,46553,50
19885,46603,50
19886,46653,50
19887,46703,50
19888,46753,50
19889,46803,50
19890,46853,50
19891,46903,50
19892,46953,50
19893,47003,50
19894,47053,50
19895,47103,50
19896,47153,50
19897,47203,50
19898,47253,50
19899,47303,50
19900,47353,50
19901,47403,50
19902,47453,50
19903,47503,50
19904,47553,50
19905,47603,50
19906,47653,50
19907,47703,50
19908,47753,50
19909,47803,50
19910,47853,50
19911,47903,50
19912,47953,50
19913,48003,50
19914,48053,50
19915,48103,50
19916,48153,50
19917,48203,50
19918,48253,50
19919,48303,50
19920,48353,50
19921,48403,50
19922,48453,50
19923,48503,50
19924,48553,50
19925,48603,50
19926,48653,50
19927,48703,50
19928,48753,50
19929,48803,50
19930,48853,50
19931,48903,50
19932,48953,50
19933,49003,50
19934,49053,50
19935,49103,50
19936,49153,50
19937,49203,50
19938,49253,50
19939,49303,50
19940,49353,50
19941,49403,50
19942,49453,50
19943,49503,50
19944,49553,50
19945,49603,50
19946,49653,50
19947,49703,50
19948,49753,50
19949,49803,50
19950,49853,50
19951,49903,50
19952,49953,50
19953,50003,50
19954,50053,50
19955,50103,50
19956,50153,50
19957,50203,50
19958,50253,50
19959,50303,50
19960,50353,50
19961,50403,50
19962,50453,50
19963,50503,50
19964,50553,50
19965,50603,50
19966,50653,50
19967,50703,50
19968,50753,50
19969,50803,50
19970,50853,50
19971,50903,50
19972,50953,50
19973,51003,50
19974,51053,50
19975,51103,50
19976,51153,50
19977,51203,50
19978,51253,50
19979,51303,50
19980,51353,50
19981,51403,50
19982,51453,50
19983,51503,50
19984,51553,50
19985,51603,50
19986,51653,50
19987,51703,50
19988,51753,50
19989,51803,50
19990,51853,50
19991,51903,50
19992,51953,50
19993,52003,50
19994,52053,50
19995,52103,50
19996,52153,50
19997,52203,50
19998,52253,50
19999,52303,50
20000,52353,50
20001,52403,50
20002,52453,50
20003,52503,50
20004,52553,50
20005,52603,50
20006,52653,50
20007,52703,50
20008,52753,50
20009,52803,50
20010,52853,50
20011,52903,50
20012,52953,50
20013,53003,50
20014,53053,50
20015,53103,50
20016,53153,50
20017,53203,50
20018,53253,50
20019,53303,50
20020,53353,50
20021,53403,50
20022,53453,50
20023,53503,50
20024,53553,50
20025,53603,50
20026,53653,50
20027,53703,50
20028,53753,50
20029,53803,50
20030,53853,50
20031,53903,50
20032,53953,50
20033,54003,50
20034,54053,50
20035,54103,50
20036,54153,50
20037,54203,50
20038,54253,50
20039,54303,50
20040,54353,50
20041,54403,50
20042,54453,50
20043,54503,50
20044,54553,50
20045,54603,50
20046,54653,50
20047,54703,50
20048,54753,50
20049,54803,50
20050,54853,50
20051,54903,50
20052,54953,50
20053,55003,50
20054,55053,50
20055,55103,50
20056,55153,50
20057,55203,50
20058,55253,50
20059,55303,50
20060,55353,50
20061,55403,50
20062,55453,50
20063,55503,50
20064,55553,50
20065,55603,50
20066,55653,50
20067,55703,50
20068,55753,50
20069,55803,50
20070,55853,50
20071,55903,50
20072,55953,50
20073,56003,50
20074,56053,50
20075,56103,50
20076,56153,50
20077,56203,50
20078,56253,50
20079,56303,50
20080,56353,50
20081,56403,50
20082,56453,50
20083,56503,50
20084,56553,50
20085,56603,50
20086,56653,50
20087,56703,50
20088,56753,50
20089,56803,50
20090,56853,50
20091,56903,50
20092,56953,50
20093,57003,50
20094,57053,50
20095,57103,50
20096,57153,50
20097,57203,50
20098,57253,50
20099,57303,50
20100,57353,50
20101,57403,50
20102,57453,50
20103,57503,50
20104,57553,50
20105,57603,50
20106,57653,50
20107,57703,50
20108,57753,50
20109,57803,50
20110,57853,50
20111,57903,50
20112,57953,50
20113,58003,50
20114,58053,50
20115,58103,50
20116,58153,50
20117,58203,50
20118,58253,50
20119,58303,50
20120,58353,50
20121,58403,50
20122,58453,50
20123,58503,50
20124,58553,50
20125,58603,50
20126,58653,50
20127,58703,50
20128,58753,50
20129,58803,50
20130,58853,50
20131,58903,50
20132,58953,50
20133,59003,50
20134,59053,50
20135,59103,50
20136,59153,50
20137,59203,50
20138,59253,50
20139,59303,50
20140,59353,50
20141,59403,50
20142,59453,50
20143,59503,50
20144,59553,50
20145,59603,50
20146,59653,50
20147,59703,50
20148,59753,50
20149,59803,50
20150,59853,50
20151,59903,50
20152,59953,50
20153,60003,50
20154,60053,50
20155,60103,50
20156,60153,50
20157,60203,50
20158,60253,50
20159,60303,50
20160,60353,50
20161,60403,50
20162,60453,50
20163,60503,50
20164,60553,50
20165,60603,50
20166,60653,50
20167,60703,50
20168,60753,50
20169,60803,50
20170,60853,50
20171,60903,50
20172,60953,50
20173,61003,50
20174,61053,50
20175,61103,50
20176,61153,50
20177,61203,50
20178,61253,50
20179,61303,50
20180,61353,50
20181,61403,50
20182,61453,50
20183,61503,50
20184,61553,50
20185,61603,50
20186,61653,50
20187,61703,50
20188,61753,50
20189,61803,50
20190,61853,50
20191,61903,50
20192,61953,50
20193,62003,50
20194,62053,50
20195,62103,50
20196,62153,50
20197,62203,50
20198,62253,50
20199,62303,50
20200,62353,50
20201,62403,50
20202,62453,50
20203,62503,50
20204,62553,50
20205,62603,50
20206,62653,50
20207,62703,50
20208,62753,50
20209,62803,50
20210,62853,50
20211,62903,50
20212,62953,50
20213,63003,50
20214,63053,50
20215,63103,50
20216,63153,50
20217,63203,50
20218,63253,50
20219,63303,50
20220,63353,50
20221,63403,50
20222,63453,50
20223,63503,50
20224,63553,50
20225,63603,50
20226,63653,50
20227,63703,50
20228,63753,50
20229,63803,50
20230,63853,50
20231,63903,50
20232,63953,50
20233,64003,50
20234,64053,50
20235,64103,50
20236,64153,50
20237,64203,50
20238,64253,50
20239,64303,50
20240,64353,50
20241,64403,50
20242,64453,50
20243,64503,50
20244,64553,50
20245,64603,50
20246,64653,50
20247,64703,50
20248,64753,50
20249,64803,50
20250,64853,50
20251,64903,50
20252,64953,50
20253,65003,50
20254,65053,50
20255,65103,50
20256,65153,50
20257,65203,50
20258,65253,50
20259,65303,50
20260,65353,50
20261,65403,50
20262,65453,50
20263,65503,50
20264,65553,50
20265,65603,50
20266,65653,50
20267,65703,50
20268,65753,50
20269,65803,50
20270,65853,50
20271,65903,50
20272,65953,50
20273,66003,50
20274,66053,50
20275,66103,50
20276,66153,50
20277,66203,50
20278,66253,50
20279,66303,50
20280,66353,50
20281,66403,50
20282,66453,50
20283,66503,50
20284,66553,51
20285,66604,50
20286,66654,50
20287,66704,50
20288,66754,50
20289,66804,50
20290,66854,50
20291,66904,50
20292,66954,50
20293,67004,50
20294,67054,50
20295,67104,50
20296,67154,50
20297,67204,50
20298,67254,50
20299,67304,50
20300,67354,50
20301,67404,50
20302,67454,50
20303,67504,50
20304,67554,50
20305,67604,50
20306,67654,50
20307,67704,50
20308,67754,50
20309,67804,50
20310,67854,50
20311,67904,50
20312,67954,50
20313,68004,50
20314,68054,50
20315,68104,50
20316,68154,50
20317,68204,50
20318,68254,50
20319,68304,50
20320,68354,50
20321,68404,50
20322,68454,50
20323,68504,50
20324,68554,50
20325,68604,50
20326,68654,50
20327,68704,50
20328,68754,50
20329,68804,50
20330,68854,50
20331,68904,50
20332,68954,50
20333,69004,50
20334,69054,50
20335,69104,50
20336,69154,50
20337,69204,50
20338,69254,50
20339,69304,50
20340,69354,50
20341,69404,50
20342,69454,50
20343,69504,50
20344,69554,50
20345,69604,50
20346,69654,50
20347,69704,50
20348,69754,50
20349,69804,50
20350,69854,50
20351,69904,50
20352,69954,50
20353,70004,50
20354,70054,50
20355,70104,50
20356,70154,50
20357,70204,50
20358,70254,50
20359,70304,50
20360,70354,50
20361,70404,50
20362,70454,50
20363,70504,50
20364,70554,50
20365,70604,50
20366,70654,50
20367,70704,50
20368,70754,50
20369,70804,50
20370,70854,50
20371,70904,50
20372,70954,50
20373,71004,50
20374,71054,50
20375,71104,50
20376,71154,50
20377,71204,50
20378,71254,50
20379,71304,50
20380,71354,50
20381,71404,50
20382,71454,50
20383,71504,50
20384,71554,50
20385,71604,50
20386,71654,50
20387,71704,50
20388,71754,50
20389,71804,50
20390,71854,50
20391,71904,50
20392,71954,50
20393,72004,50
20394,72054,50
20395,72104,50
20396,72154,50
20397,72204,50
20398,72254,50
20399,72304,50
20400,72354,50
20401,72404,50
20402,72454,50
20403,72504,50
20404,72554,50
20405,72604,50
20406,72654,50
20407,72704,50
20408,72754,50
20409,72804,50
20410,72854,50
20411,72904,50
20412,72954,50
20413,73004,50
20414,73054,50
20415,73104,50
20416,73154,50
20417,73204,50
20418,73254,50
20419,73304,50
20420,73354,50
20421,73404,50
20422,73454,50
20423,73504,50
20424,73554,50
20425,73604,50
20426,73654,50
20427,73704,50
20428,73754,50
20429,73804,50
20430,73854,50
20431,73904,50
20432,73954,50
20433,74004,50
20434,74054,50
20435,74104,50
20436,74154,50
20437,74204,50
20438,74254,50
20439,74304,50
20440,74354,50
20441,74404,50
20442,74454,50
20443,74504,50
20444,74554,50
20445,74604,50
20446,74654,50
20447,74704,50
20448,74754,50
20449,74804,50
20450,74854,50
20451,74904,50
20452,74954,50
20453,75004,50
20454,75054,50
20455,75104,50
20456,75154,50
20457,75204,50
20458,75254,50
20459,75304,50
20460,75354,50
20461,75404,50
20462,75454,50
20463,75504,50
20464,75554,50
20465,75604,50
20466,75654,50
20467,75704,50
20468,75754,50
20469,75804,50
20470,75854,50
20471,75904,50
20472,75954,50
20473,76004,50
20474,76054,50
20475,76104,50
20476,76154,50
20477,76204,50
20478,76254,50
20479,76304,50
20480,76354,50
20481,76404,50
20482,76454,50
20483,76504,50
20484,76554,50
20485,76604,50
20486,76654,50
20487,76704,50
20488,76754,50
20489,76804,50
20490,76854,50
20491,76904,50
20492,76954,50
20493,77004,50
20494,77054,50
20495,77104,50
20496,77154,50
20497,77204,50
20498,77254,50
20499,77304,50
20500,77354,50
20501,77404,50
20502,77454,50
20503,77504,50
20504,77554,50
20505,77604,50
20506,77654,50
20507,77704,50
20508,77754,50
20509,77804,50
20510,77854,50
20511,77904,50
20512,77954,50
20513,78004,50
20514,78054,50
20515,78104,50
20516,78154,50
20517,78204,50
20518,78254,50
20519,78304,50
20520,78354,50
20521,78404,50
20522,78454,50
20523,78504,50
20524,78554,50
20525,78604,50
20526,78654,50
20527,78704,50
20528,78754,50
20529,78804,50
20530,78854,50
20531,78904,50
20532,78954,50
20533,79004,50
20534,79054,50
20535,79104,50
20536,79154,50
20537,79204,50
20538,79254,50
20539,79304,50
20540,79354,50
20541,79404,50
20542,79454,50
20543,79504,50
20544,79554,50
20545,79604,50
20546,79654,50
20547,79704,50
20548,79754,50
20549,79804,50
20550,79854,50
20551,79904,50
20552,79954,50
20553,80004,50
20554,80054,50
20555,80104,50
20556,80154,50
20557,80204,50
20558,80254,50
20559,80304,50
20560,80354,50
20561,80404,50
20562,80454,50
20563,80504,50
20564,80554,50
20565,80604,50
20566,80654,50
20567,80704,50
20568,80754,50
20569,80804,50
20570,80854,50
20571,80904,50
20572,80954,50
20573,81004,50
20574,81054,50
20575,81104,50
20576,81154,50
20577,81204,50
20578,81254,50
20579,81304,50
20580,81354,50
20581,81404,50
20582,81454,50
20583,81504,50
20584,81554,50
20585,81604,50
20586,81654,50
20587,81704,50
20588,81754,50
20589,81804,50
20590,81854,50
20591,81904,50
20592,81954,50
20593,82004,50
20594,82054,50
20595,82104,50
20596,82154,50
20597,82204,50
20598,82254,50
20599,82304,50
20600,82354,50
20601,82404,50
20602,82454,50
20603,82504,50
20604,82554,50
20605,82604,50
20606,82654,50
20607,82704,50
20608,82754,50
20609,82804,50
20610,82854,50
20611,82904,50
20612,82954,50
20613,83004,50
20614,83054,50
20615,83104,50
20616,83154,50
20617,83204,50
20618,83254,50
20619,83304,50
20620,83354,50
20621,83404,50
20622,83454,50
20623,83504,50
20624,83554,50
20625,83604,50
20626,83654,50
20627,83704,50
20628,83754,50
20629,83804,50
20630,83854,50
20631,83904,50
20632,83954,50
20633,84004,50
20634,84054,50
20635,84104,50
20636,84154,50
20637,84204,50
20638,84254,50
20639,84304,50
20640,84354,50
20641,84404,50
20642,84454,50
20643,84504,50
20644,84554,50
20645,84604,50
20646,84654,50
20647,84704,50
20648,84754,50
20649,84804,50
20650,84854,50
20651,84904,50
20652,84954,50
20653,85004,50
20654,85054,50
20655,85104,50
20656,85154,50
20657,85204,50
20658,85254,50
20659,85304,50
20660,85354,50
20661,85404,50
20662,85454,50
20663,85504,50
20664,85554,50
20665,85604,50
20666,85654,50
20667,85704,50
20668,85754,50
20669,85804,50
20670,85854,50
20671,85904,50
20672,85954,50
20673,86004,50
20674,86054,50
20675,86104,50
20676,86154,50
20677,86204,50
20678,86254,50
20679,86304,50
20680,86354,50
20681,86404,50
20682,86454,50
20683,86504,50
20684,86554,50
20685,86604,50
20686,86654,50
20687,86704,50
20688,86754,50
20689,86804,50
20690,86854,50
20691,86904,50
20692,86954,50
20693,87004,50
20694,87054,50
20695,87104,50
20696,87154,50
20697,87204,50
20698,87254,50
20699,87304,50
20700,87354,50
20701,87404,50
20702,87454,50
20703,87504,50
20704,87554,50
20705,87604,50
20706,87654,50
20707,87704,50
20708,87754,50
20709,87804,50
20710,87854,50
20711,87904,50
20712,87954,50
20713,88004,50
20714,88054,50
20715,88104,50
20716,88154,50
20717,88204,50
20718,88254,50
20719,88304,50
20720,88354,50
20721,88404,50
20722,88454,50
20723,88504,50
20724,88554,50
20725,88604,50
20726,88654,50
20727,88704,50
20728,88754,50
20729,88804,50
20730,88854,50
20731,88904,50
20732,88954,50
20733,89004,50
20734,89054,50
20735,89104,50
20736,89154,50
20737,89204,50
20738,89254,50
20739,89304,50
20740,89354,50
20741,89404,50
20742,89454,50
20743,89504,50
20744,89554,50
20745,89604,50
20746,89654,50
20747,89704,50
20748,89754,50
20749,89804,50
20750,89854,50
20751,89904,50
20752,89954,50
20753,90004,50
20754,90054,50
20755,90104,50
20756,90154,50
20757,90204,50
20758,90254,50
20759,90304,50
20760,90354,50
20761,90404,50
20762,90454,50
20763,90504,50
20764,90554,50
20765,90604,50
20766,90654,50
20767,90704,50
20768,90754,50
20769,90804,50
20770,90854,50
20771,90904,50
20772,90954,50
20773,91004,50
20774,91054,50
20775,91104,50
20776,91154,50
20777,91204,50
20778,91254,50
20779,91304,50
20780,91354,50
20781,91404,50
20782,91454,50
20783,91504,50
20784,91554,50
20785,91604,50
20786,91654,50
20787,91704,50
20788,91754,50
20789,91804,50
20790,91854,50
20791,91904,50
20792,91954,50
20793,92004,50
20794,92054,50
20795,92104,50
20796,92154,50
20797,92204,50
20798,92254,50
20799,92304,50
20800,92354,50
20801,92404,50
20802,92454,50
20803,92504,50
20804,92554,50
20805,92604,50
20806,92654,50
20807,92704,51
20808,92755,50
20809,92805,50
20810,92855,50
20811,92905,50
20812,92955,50
20813,93005,50
20814,93055,50
20815,93105,50
20816,93155,50
20817,93205,50
20818,93255,50
20819,93305,50
20820,93355,50
20821,93405,50
20822,93455,50
20823,93505,50
20824,93555,50
20825,93605,50
20826,93655,50
20827,93705,50
20828,93755,50
20829,93805,50
20830,93855,50
20831,93905,50
20832,93955,50
20833,94005,50
20834,94055,50
20835,94105,50
20836,94155,50
20837,94205,50
20838,94255,50
20839,94305,50
20840,94355,50
20841,94405,50
20842,94455,50
20843,94505,50
20844,94555,50
20845,94605,50
20846,94655,50
20847,94705,50
20848,94755,50
20849,94805,50
20850,94855,50
20851,94905,50
20852,94955,50
20853,95005,50
20854,95055,50
20855,95105,50
20856,95155,50
20857,95205,50
20858,95255,50
20859,95305,50
20860,95355,50
20861,95405,50
20862,95455,50
20863,95505,50
20864,95555,50
20865,95605,50
20866,95655,50
20867,95705,50
20868,95755,50
20869,95805,50
20870,95855,50
20871,95905,50
20872,95955,50
20873,96005,50
20874,96055,50
20875,96105,50
20876,96155,50
20877,96205,50
20878,96255,50
20879,96305,50
20880,96355,50
20881,96405,50
20882,96455,50
20883,96505,50
20884,96555,50
20885,96605,50
20886,96655,50
20887,96705,50
20888,96755,50
20889,96805,50
20890,96855,50
20891,96905,50
20892,96955,50
20893,97005,50
20894,97055,50
20895,97105,50
20896,97155,50
20897,97205,50
20898,97255,50
20899,97305,50
20900,97355,50
20901,97405,50
20902,97455,50
20903,97505,50
20904,97555,50
20905,97605,50
20906,97655,50
20907,97705,50
20908,97755,50
20909,97805,50
20910,97855,50
20911,97905,50
20912,97955,50
20913,98005,50
20914,98055,50
20915,98105,50
20916,98155,50
20917,98205,50
20918,98255,50
20919,98305,50
20920,98355,50
20921,98405,50
20922,98455,50
20923,98505,50
20924,98555,50
20925,98605,50
20926,98655,50
20927,98705,50
20928,98755,50
20929,98805,50
20930,98855,50
20931,98905,50
20932,98955,50
20933,99005,50
20934,99055,50
20935,99105,50
20936,99155,50
20937,99205,50
20938,99255,50
20939,99305,50
20940,99355,50
20941,99405,50
20942,99455,50
20943,99505,50
20944,99555,50
20945,99605,50
20946,99655,50
20947,99705,50
20948,99755,50
20949,99805,50
20950,99855,50
20951,99905,50
20952,99955,50
20953,100005,50
20954,100055,50
20955,100105,50
20956,100155,50
20957,100205,50
20958,100255,50
20959,100305,50
20960,100355,50
20961,100405,50
20962,100455,50
20963,100505,50
20964,100555,50
20965,100605,50
20966,100655,50
20967,100705,50
20968,100755,50
20969,100805,50
20970,100855,50
20971,100905,50
20972,100955,50
20973,101005,50
20974,101055,50
20975,101105,50
20976,101155,50
20977,101205,50
20978,101255,50
20979,101305,50
20980,101355,50
20981,101405,50
20982,101455,50
20983,101505,50
20984,101555,50
20985,101605,50
20986,101655,50
20987,101705,50
20988,101755,50
20989,101805,50
20990,101855,50
20991,101905,50
20992,101955,50
20993,102005,50
20994,102055,50
20995,102105,50
20996,102155,50
20997,102205,50
20998,102255,50
20999,102305,50
21000,102355,50
21001,102405,50
21002,102455,50
21003,102505,50
21004,102555,50
21005,102605,50
21006,102655,50
21007,102705,50
21008,102755,50
21009,102805,50
21010,102855,50
21011,102905,50
21012,102955,50
21013,103005,50
21014,103055,50
21015,103105,50
21016,103155,50
21017,103205,50
21018,103255,50
21019,103305,50
21020,103355,50
21021,103405,50
21022,103455,50
21023,103505,50
21024,103555,50
21025,103605,50
21026,103655,50
21027,103705,50
21028,103755,50
21029,103805,50
21030,103855,50
21031,103905,50
21032,103955,50
21033,104005,50
21034,104055,50
21035,104105,50
21036,104155,50
21037,104205,50
21038,104255,50
21039,104305,50
21040,104355,50
21041,104405,50
21042,104455,50
21043,104505,50
21044,104555,50
21045,104605,50
21046,104655,50
21047,104705,50
21048,104755,50
21049,104805,50
21050,104855,50
21051,104905,50
21052,104955,50
21053,105005,50
21054,105055,50
21055,105105,50
21056,105155,50
21057,105205,50
21058,105255,50
21059,105305,50
21060,105355,50
21061,105405,50
21062,105455,50
21063,105505,50
21064,105555,50
21065,105605,50
21066,105655,50
21067,105705,50
21068,105755,50
21069,105805,50
21070,105855,50
21071,105905,50
21072,105955,50
21073,106005,50
21074,106055,50
21075,106105,50
21076,106155,50
21077,106205,50
21078,106255,50
21079,106305,50
21080,106355,50
21081,106405,50
21082,106455,50
21083,106505,50
21084,106555,50
21085,106605,50
21086,106655,50
21087,106705,50
21088,106755,50
21089,106805,50
21090,106855,50
21091,106905,50
21092,106955,50
21093,107005,50
21094,107055,50
21095,107105,50
21096,107155,50
21097,107205,50
21098,107255,50
21099,107305,50
21100,107355,50
21101,107405,50
21102,107455,50
21103,107505,50
21104,107555,50
21105,107605,50
21106,107655,50
21107,107705,50
21108,107755,50
21109,107805,50
21110,107855,50
21111,107905,50
21112,107955,50
21113,108005,50
21114,108055,50
21115,108105,50
21116,108155,50
21117,108205,50
21118,108255,50
21119,108305,50
21120,108355,50
21121,108405,50
21122,108455,50
21123,108505,50
21124,108555,50
21125,108605,50
21126,108655,50
21127,108705,50
21128,108755,50
21129,108805,50
21130,108855,50
21131,108905,50
21132,108955,50
21133,109005,50
21134,109055,50
21135,109105,50
21136,109155,50
21137,109205,50
21138,109255,50
21139,109305,50
21140,109355,50
21141,109405,50
21142,109455,50
21143,109505,50
21144,109555,50
21145,109605,50
21146,109655,50
21147,109705,50
21148,109755,50
21149,109805,50
21150,109855,50
21151,109905,50
21152,109955,50
21153,110005,50
21154,110055,50
21155,110105,50
21156,110155,50
21157,110205,50
21158,110255,50
21159,110305,50
21160,110355,50
21161,110405,50
21162,110455,50
21163,110505,50
21164,110555,50
21165,110605,50
21166,110655,50
21167,110705,50
21168,110755,50
21169,110805,50
21170,110855,50
21171,110905,50
21172,110955,50
21173,111005,50
21174,111055,50
21175,111105,50
21176,111155,50
21177,111205,50
21178,111255,50
21179,111305,50
21180,111355,50
21181,111405,50
21182,111455,50
21183,111505,50
21184,111555,50
21185,111605,50
21186,111655,50
21187,111705,50
21188,111755,50
21189,111805,50
21190,111855,50
21191,111905,50
21192,111955,50
21193,112005,50
21194,112055,50
21195,112105,50
21196,112155,50
21197,112205,50
21198,112255,50
21199,112305,50
21200,112355,50
21201,112405,50
21202,112455,50
21203,112505,50
21204,112555,50
21205,112605,50
21206,112655,50
21207,112705,50
21208,112755,50
21209,112805,50
21210,112855,50
21211,112905,50
21212,112955,50
21213,113005,50
21214,113055,50
21215,113105,50
21216,113155,50
21217,113205,50
21218,113255,50
21219,113305,50
21220,113355,50
21221,113405,50
21222,113455,50
21223,113505,50
21224,113555,50
21225,113605,50
21226,113655,50
21227,113705,50
21228,113755,50
21229,113805,50
21230,113855,50
21231,113905,50
21232,113955,50
21233,114005,50
21234,114055,50
21235,114105,50
21236,114155,50
21237,114205,50
21238,114255,50
21239,114305,50
21240,114355,50
21241,114405,50
21242,114455,50
21243,114505,50
21244,114555,50
21245,114605,50
21246,114655,50
21247,114705,50
21248,114755,50
21249,114805,50
21250,114855,50
21251,114905,50
21252,114955,50
21253,115005,50
21254,115055,50
21255,115105,50
21256,115155,50
21257,115205,50
21258,115255,50
21259,115305,50
21260,115355,50
21261,115405,50
21262,115455,50
21263,115505,50
21264,115555,50
21265,115605,50
21266,115655,50
21267,115705,50
21268,115755,50
21269,115805,50
21270,115855,50
21271,115905,50
21272,115955,50
21273,116005,50
21274,116055,50
21275,116105,50
21276,116155,50
21277,116205,50
21278,116255,50
21279,116305,50
21280,116355,50
21281,116405,50
21282,116455,50
21283,116505,50
21284,116555,50
21285,116605,50
21286,116655,50
21287,116705,50
21288,116755,50
21289,116805,50
21290,116855,50
21291,116905,50
21292,116955,50
21293,117005,50
21294,117055,50
21295,117105,50
21296,117155,50
21297,117205,50
21298,117255,50
21299,117305,50
21300,117355,50
21301,117405,50
21302,117455,50
21303,117505,50
21304,117555,50
21305,117605,50
21306,117655,50
21307,117705,50
21308,117755,50
21309,117805,50
21310,117855,50
21311,117905,50
21312,117955,50
21313,118005,50
21314,118055,50
21315,118105,50
21316,118155,50
21317,118205,50
21318,118255,50
21319,118305,50
21320,118355,50
21321,118405,50
21322,118455,50
21323,118505,50
21324,118555,50
21325,118605,50
21326,118655,50
21327,118705,50
21328,118755,50
21329,118805,50
21330,118855,50
21331,118905,50
21332,118955,50
21333,119005,50
21334,119055,50
21335,119105,50
21336,119155,50
21337,119205,50
21338,119255,50
21339,119305,50
21340,119355,50
21341,119405,50
21342,119455,50
21343,119505,51
21344,119556,50
21345,119606,50
21346,119656,50
21347,119706,50
21348,119756,50
21349,119806,50
21350,119856,50
21351,119906,50
21352,119956,50
21353,120006,50
21354,120056,50
21355,120106,50
21356,120156,50
21357,120206,50
21358,120256,50
21359,120306,50
21360,120356,50
21361,120406,50
21362,120456,50
21363,120506,50
21364,120556,50
21365,120606,50
21366,120656,50
21367,120706,50
21368,120756,50
21369,120806,50
21370,120856,50
21371,120906,50
21372,120956,50
21373,121006,50
21374,121056,50
21375,121106,50
21376,121156,50
21377,121206,50
21378,121256,50
21379,121306,50
21380,121356,50
21381,121406,50
21382,121456,50
21383,121506,50
21384,121556,50
21385,121606,50
21386,121656,50
21387,121706,50
21388,121756,50
21389,121806,50
21390,121856,50
21391,121906,50
21392,121956,50
21393,122006,50
21394,122056,50
21395,122106,50
21396,122156,50
21397,122206,50
21398,122256,50
21399,122306,50
21400,122356,50
21401,122406,50
21402,122456,50
21403,122506,50
21404,122556,50
21405,122606,50
21406,122656,50
21407,122706,50
21408,122756,50
21409,122806,50
21410,122856,50
21411,122906,50
21412,122956,50
21413,123006,50
21414,123056,50
21415,123106,50
21416,123156,50
21417,123206,50
21418,123256,50
21419,123306,50
21420,123356,50
21421,123406,50
21422,123456,50
21423,123506,50
21424,123556,50
21425,123606,50
21426,123656,50
21427,123706,50
21428,123756,50
21429,123806,50
21430,123856,50
21431,123906,50
21432,123956,50
21433,124006,50
21434,124056,50
21435,124106,50
21436,124156,50
21437,124206,50
21438,124256,50
21439,124306,50
21440,124356,50
21441,124406,50
21442,124456,50
21443,124506,50
21444,124556,50
21445,124606,50
21446,124656,50
21447,124706,50
21448,124756,50
21449,124806,50
21450,124856,50
21451,124906,50
21452,124956,50
21453,125006,50
21454,125056,50
21455,125106,50
21456,125156,50
21457,125206,50
21458,125256,50
21459,125306,50
21460,125356,50
21461,125406,50
21462,125456,50
21463,125506,50
21464,125556,50
21465,125606,50
21466,125656,50
21467,125706,50
21468,125756,50
21469,125806,50
21470,125856,50
21471,125906,50
21472,125956,50
21473,126006,50
21474,126056,50
21475,126106,50
21476,126156,50
21477,126206,50
21478,126256,50
21479,126306,50
21480,126356,50
21481,126406,50
21482,126456,50
21483,126506,50
21484,126556,50
21485,126606,50
21486,126656,50
21487,126706,50
21488,126756,50
21489,126806,50
21490,126856,50
21491,126906,50
21492,126956,50
21493,127006,50
21494,127056,50
21495,127106,50
21496,127156,50
21497,127206,50
21498,127256,50
21499,127306,50
21500,127356,50
21501,127406,50
21502,127456,50
21503,127506,50
21504,127556,50
21505,127606,50
21506,127656,50
21507,127706,50
21508,127756,50
21509,127806,50
21510,127856,50
21511,127906,50
21512,127956,50
21513,128006,50
21514,128056,50
21515,128106,50
21516,128156,50
21517,128206,50
21518,128256,50
21519,128306,50
21520,128356,50
21521,128406,50
21522,128456,50
21523,128506,50
21524,128556,50
21525,128606,50
21526,128656,50
21527,128706,50
21528,128756,50
21529,128806,50
21530,128856,50
21531,128906,50
21532,128956,50
21533,129006,50
21534,129056,50
21535,129106,50
21536,129156,50
21537,129206,50
21538,129256,50
21539,129306,50
21540,129356,50
21541,129406,50
21542,129456,50
21543,129506,50
21544,129556,50
21545,129606,50
21546,129656,50
21547,129706,50
21548,129756,50
21549,129806,50
21550,129856,50
21551,129906,50
21552,129956,50
21553,130006,50
21554,130056,50
21555,130106,50
21556,130156,50
21557,130206,50
21558,130256,50
21559,130306,50
21560,130356,50
21561,130406,50
21562,130456,50
21563,130506,50
21564,130556,50
21565,130606,50
21566,130656,50
21567,130706,50
21568,130756,50
21569,130806,50
21570,130856,50
21571,130906,50
21572,130956,50
21573,131006,50
21574,131056,50
21575,131106,50
21576,131156,50
21577,131206,50
21578,131256,50
21579,131306,50
21580,131356,50
21581,131406,50
21582,131456,50
21583,131506,50
21584,131556,50
21585,131606,50
21586,131656,50
21587,131706,50
21588,131756,50
21589,131806,50
21590,131856,50
21591,131906,50
21592,131956,50
21593,132006,50
21594,132056,50
21595,132106,50
21596,132156,50
21597,132206,50
21598,132256,50
21599,132306,50
21600,132356,50
21601,132406,50
21602,132456,50
21603,132506,50
21604,132556,50
21605,132606,50
21606,132656,50
21607,132706,50
21608,132756,50
21609,132806,50
21610,132856,50
21611,132906,50
21612,132956,50
21613,133006,50
21614,133056,50
21615,133106,50
21616,133156,50
21617,133206,50
21618,133256,50
21619,133306,50
21620,133356,50
21621,133406,50
21622,133456,50
21623,133506,50
21624,133556,50
21625,133606,50
21626,133656,50
21627,133706,50
21628,133756,50
21629,133806,50
21630,133856,50
21631,133906,50
21632,133956,50
21633,134006,50
21634,134056,50
21635,134106,50
21636,134156,50
21637,134206,50
21638,134256,50
21639,134306,50
21640,134356,50
21641,134406,50
21642,134456,50
21643,134506,50
21644,134556,50
21645,134606,50
21646,134656,50
21647,134706,50
21648,134756,50
21649,134806,50
21650,134856,50
21651,134906,50
21652,134956,50
21653,135006,50
21654,135056,50
21655,135106,50
21656,135156,50
21657,135206,50
21658,135256,50
21659,135306,50
21660,135356,50
21661,135406,50
21662,135456,50
21663,135506,50
21664,135556,50
21665,135606,50
21666,135656,50
21667,135706,50
21668,135756,50
21669,135806,50
21670,135856,50
21671,135906,50
21672,135956,50
21673,136006,50
21674,136056,50
21675,136106,50
21676,136156,50
21677,136206,50
21678,136256,50
21679,136306,50
21680,136356,50
21681,136406,50
21682,136456,50
21683,136506,50
21684,136556,50
21685,136606,50
21686,136656,50
21687,136706,50
21688,136756,50
21689,136806,50
21690,136856,50
21691,136906,50
21692,136956,50
21693,137006,50
21694,137056,50
21695,137106,50
21696,137156,50
21697,137206,50
21698,137256,50
21699,137306,50
21700,137356,50
21701,137406,50
21702,137456,50
21703,137506,50
21704,137556,50
21705,137606,50
21706,137656,50
21707,137706,50
21708,137756,50
21709,137806,50
21710,137856,50
21711,137906,50
21712,137956,50
21713,138006,50
21714,138056,50
21715,138106,50
21716,138156,50
21717,138206,50
21718,138256,50
21719,138306,50
21720,138356,50
21721,138406,50
21722,138456,50
21723,138506,50
21724,138556,50
21725,138606,50
21726,138656,50
21727,138706,50
21728,138756,50
21729,138806,50
21730,138856,50
21731,138906,50
21732,138956,50
21733,139006,50
21734,139056,50
21735,139106,50
21736,139156,50
21737,139206,50
21738,139256,50
21739,139306,50
21740,139356,50
21741,139406,50
21742,139456,50
21743,139506,50
21744,139556,50
21745,139606,50
21746,139656,50
21747,139706,50
21748,139756,50
21749,139806,50
21750,139856,50
21751,139906,50
21752,139956,50
21753,140006,50
21754,140056,50
21755,140106,50
21756,140156,50
21757,140206,50
21758,140256,50
21759,140306,50
21760,140356,50
21761,140406,50
21762,140456,50
21763,140506,50
21764,140556,50
21765,140606,50
21766,140656,50
21767,140706,50
21768,140756,50
21769,140806,50
21770,140856,50
21771,140906,50
21772,140956,50
21773,141006,50
21774,141056,50
21775,141106,50
21776,141156,50
21777,141206,50
21778,141256,50
21779,141306,50
21780,141356,50
21781,141406,50
21782,141456,50
21783,141506,50
21784,141556,50
21785,141606,50
21786,141656,50
21787,141706,50
21788,141756,50
21789,141806,50
21790,141856,50
21791,141906,50
21792,141956,50
21793,142006,50
21794,142056,50
21795,142106,50
21796,142156,50
21797,142206,50
21798,142256,50
21799,142306,50
21800,142356,50
21801,142406,50
21802,142456,50
21803,142506,50
21804,142556,50
21805,142606,50
21806,142656,50
21807,142706,50
21808,142756,50
21809,142806,50
21810,142856,50
21811,142906,50
21812,142956,50
21813,143006,50
21814,143056,50
21815,143106,50
21816,143156,50
21817,143206,50
21818,143256,50
21819,143306,50
21820,143356,50
21821,143406,50
21822,143456,50
21823,143506,50
21824,143556,50
21825,143606,50
21826,143656,50
21827,143706,50
21828,143756,50
21829,143806,50
21830,143856,50
21831,143906,50
21832,143956,50
21833,144006,50
21834,144056,50
21835,144106,50
21836,144156,50
21837,144206,50
21838,144256,50
21839,144306,50
21840,144356,50
21841,144406,50
21842,144456,50
21843,144506,50
21844,144556,50
21845,144606,50
21846,144656,50
21847,144706,50
21848,144756,50
21849,144806,50
21850,144856,50
21851,144906,50
21852,144956,50
21853,145006,50
21854,145056,50
21855,145106,50
21856,145156,50
21857,145206,50
21858,145256,50
21859,145306,50
21860,145356,50
21861,145406,50
21862,145456,50
21863,145506,50
21864,145556,50
21865,145606,50
21866,145656,50
21867,145706,50
21868,145756,50
21869,145806,50
21870,145856,50
21871,145906,50
21872,145956,50
21873,146006,50
21874,146056,50
21875,146106,50
21876,146156,50
21877,146206,50
21878,146256,50
21879,146306,50
21880,146356,50
21881,146406,50
21882,146456,50
21883,146506,50
21884,146556,50
21885,146606,50
21886,146656,50
21887,146706,50
21888,146756,50
21889,146806,50
21890,146856,50
21891,146906,50
21892,146956,50
21893,147006,50
21894,147056,50
21895,147106,50
21896,147156,50
21897,147206,50
21898,147256,50
21899,147306,50
21900,147356,50
21901,147406,50
21902,147456,50
21903,147506,50
21904,147556,50
21905,147606,50
21906,147656,50
21907,147706,50
21908,147756,50
21909,147806,50
21910,147856,50
21911,147906,50
21912,147956,50
21913,148006,50
21914,148056,50
21915,148106,50
21916,148156,50
21917,148206,50
21918,148256,50
21919,148306,50
21920,148356,50
21921,148406,50
21922,148456,50
21923,148506,50
21924,148556,50
21925,148606,50
21926,148656,50
21927,148706,50
21928,148756,50
21929,148806,50
21930,148856,50
21931,148906,50
21932,148956,50
21933,149006,50
21934,149056,50
21935,149106,50
21936,149156,50
21937,149206,50
21938,149256,50
21939,149306,50
21940,149356,50
21941,149406,50
21942,149456,50
21943,149506,50
21944,149556,50
21945,149606,50
21946,149656,50
21947,149706,50
21948,149756,50
21949,149806,50
21950,149856,50
21951,149906,50
21952,149956,50
21953,150006,50
21954,150056,50
21955,150106,50
21956,150156,50
21957,150206,50
21958,150256,50
21959,150306,50
21960,150356,50
21961,150406,50
21962,150456,50
21963,150506,50
21964,150556,50
21965,150606,50
21966,150656,50
21967,150706,50
21968,150756,50
21969,150806,50
21970,150856,50
21971,150906,50
21972,150956,50
21973,151006,50
21974,151056,50
21975,151106,50
21976,151156,50
21977,151206,50
21978,151256,50
21979,151306,50
21980,151356,50
21981,151406,50
21982,151456,50
21983,151506,50
21984,151556,50
21985,151606,51
21986,151657,50
21987,151707,50
21988,151757,50
21989,151807,50
21990,151857,50
21991,151907,50
21992,151957,50
21993,152007,50
21994,152057,50
21995,152107,50
21996,152157,50
21997,152207,50
21998,152257,50
21999,152307,50
22000,152357,50
22001,152407,50
22002,152457,50
22003,152507,50
22004,152557,50
22005,152607,50
22006,152657,50
22007,152707,50
22008,152757,50
22009,152807,50
22010,152857,50
22011,152907,50
22012,152957,50
22013,153007,50
22014,153057,50
22015,153107,50
22016,153157,50
22017,153207,50
22018,153257,50
22019,153307,50
22020,153357,50
22021,153407,50
22022,153457,50
22023,153507,50
22024,153557,50
22025,153607,50
22026,153657,50
22027,153707,50
22028,153757,50
22029,153807,50
22030,153857,50
22031,153907,50
22032,153957,50
22033,154007,50
22034,154057,50
22035,154107,50
22036,154157,50
22037,154207,50
22038,154257,50
22039,154307,50
22040,154357,50
22041,154407,50
22042,154457,50
22043,154507,50
22044,154557,50
22045,154607,50
22046,154657,50
22047,154707,50
22048,154757,50
22049,154807,50
22050,154857,50
22051,154907,50
22052,154957,50
22053,155007,50
22054,155057,50
22055,155107,50
22056,155157,50
22057,155207,50
22058,155257,50
22059,155307,50
22060,155357,50
22061,155407,50
22062,155457,50
22063,155507,50
22064,155557,50
22065,155607,50
22066,155657,50
22067,155707,50
22068,155757,50
22069,155807,50
22070,155857,50
22071,155907,50
22072,155957,50
22073,156007,50
22074,156057,50
22075,156107,50
22076,156157,50
22077,156207,50
22078,156257,50
22079,156307,50
22080,156357,50
22081,156407,50
22082,156457,50
22083,156507,50
22084,156557,50
22085,156607,50
22086,156657,50
22087,156707,50
22088,156757,50
22089,156807,50
22090,156857,50
22091,156907,50
22092,156957,50
22093,157007,50
22094,157057,50
22095,157107,50
22096,157157,50
22097,157207,50
22098,157257,50
22099,157307,50
22100,157357,50
22101,157407,50
22102,157457,50
22103,157507,50
22104,157557,50
22105,157607,50
22106,157657,50
22107,157707,50
22108,157757,50
22109,157807,50
22110,157857,50
22111,157907,50
22112,157957,50
22113,158007,50
22114,158057,50
22115,158107,50
22116,158157,50
22117,158207,50
22118,158257,50
22119,158307,50
22120,158357,50
22121,158407,50
22122,158457,50
22123,158507,50
22124,158557,50
22125,158607,50
22126,158657,50
22127,158707,50
22128,158757,50
22129,158807,50
22130,158857,50
22131,158907,50
22132,158957,50
22133,159007,50
22134,159057,50
22135,159107,50
22136,159157,50
22137,159207,50
22138,159257,50
22139,159307,50
22140,159357,50
22141,159407,50
22142,159457,50
22143,159507,50
22144,159557,50
22145,159607,50
22146,159657,50
22147,159707,50
22148,159757,50
22149,159807,50
22150,159857,50
22151,159907,50
22152,159957,50
22153,160007,50
22154,160057,50
22155,160107,50
22156,160157,50
22157,160207,50
22158,160257,50
22159,160307,50
22160,160357,50
22161,160407,50
22162,160457,50
22163,160507,50
22164,160557,50
22165,160607,50
22166,160657,50
22167,160707,50
22168,160757,50
22169,160807,50
22170,160857,50
22171,160907,50
22172,160957,50
22173,161007,50
22174,161057,50
22175,161107,50
22176,161157,50
22177,161207,50
22178,161257,50
22179,161307,50
22180,161357,50
22181,161407,50
22182,161457,50
22183,161507,50
22184,161557,50
22185,161607,50
22186,161657,50
22187,161707,50
22188,161757,50
22189,161807,50
22190,161857,50
22191,161907,50
22192,161957,50
22193,162007,50
22194,162057,50
22195,162107,50
22196,162157,50
22197,162207,50
22198,162257,50
22199,162307,50
22200,162357,50
22201,162407,50
22202,162457,50
22203,162507,50
22204,162557,50
22205,162607,50
22206,162657,50
22207,162707,50
22208,162757,50
22209,162807,50
22210,162857,50
22211,162907,50
22212,162957,50
22213,163007,50
22214,163057,50
22215,163107,50
22216,163157,50
22217,163207,50
22218,163257,50
22219,163307,50
22220,163357,50
22221,163407,50
22222,163457,50
22223,163507,50
22224,163557,50
22225,163607,50
22226,163657,50
22227,163707,50
22228,163757,50
22229,163807,50
22230,163857,50
22231,163907,50
22232,163957,50
22233,164007,50
22234,164057,50
22235,164107,50
22236,164157,50
22237,164207,50
22238,164257,50
22239,164307,50
22240,164357,50
22241,164407,50
22242,164457,50
22243,164507,50
22244,164557,50
22245,164607,50
22246,164657,50
22247,164707,50
22248,164757,50
22249,164807,50
22250,164857,50
22251,164907,50
22252,164957,50
22253,165007,50
22254,165057,50
22255,165107,50
22256,165157,50
22257,165207,50
22258,165257,50
22259,165307,50
22260,165357,50
22261,165407,50
22262,165457,50
22263,165507,50
22264,165557,50
22265,165607,50
22266,165657,50
22267,165707,50
22268,165757,50
22269,165807,50
22270,165857,50
22271,165907,50
22272,165957,50
22273,166007,50
22274,166057,50
22275,166107,50
22276,166157,50
22277,166207,50
22278,166257,50
22279,166307,50
22280,166357,50
22281,166407,50
22282,166457,50
22283,166507,50
22284,166557,50
22285,166607,50
22286,166657,50
22287,166707,50
22288,166757,50
22289,166807,50
22290,166857,50
22291,166907,50
22292,166957,50
22293,167007,50
22294,167057,50
22295,167107,50
22296,167157,50
22297,167207,50
22298,167257,50
22299,167307,50
22300,167357,50
22301,167407,50
22302,167457,50
22303,167507,50
22304,167557,50
22305,167607,50
22306,167657,50
22307,167707,50
22308,167757,50
22309,167807,50
22310,167857,50
22311,167907,50
22312,167957,50
22313,168007,50
22314,168057,50
22315,168107,50
22316,168157,50
22317,168207,50
22318,168257,50
22319,168307,50
22320,168357,50
22321,168407,50
22322,168457,50
22323,168507,50
22324,168557,50
22325,168607,50
22326,168657,50
22327,168707,50
22328,168757,50
22329,168807,50
22330,168857,50
22331,168907,50
22332,168957,50
22333,169007,50
22334,169057,50
22335,169107,50
22336,169157,50
22337,169207,50
22338,169257,50
22339,169307,50
22340,169357,50
22341,169407,50
22342,169457,50
22343,169507,50
22344,169557,50
22345,169607,50
22346,169657,50
22347,169707,50
22348,169757,50
22349,169807,50
22350,169857,50
22351,169907,50
22352,169957,50
22353,170007,50
22354,170057,50
22355,170107,50
22356,170157,50
22357,170207,50
22358,170257,50
22359,170307,50
22360,170357,50
22361,170407,50
22362,170457,50
22363,170507,50
22364,170557,50
22365,170607,50
22366,170657,50
22367,170707,50
22368,170757,50
22369,170807,50
22370,170857,50
22371,170907,50
22372,170957,50
22373,171007,50
22374,171057,50
22375,171107,50
22376,171157,50
22377,171207,50
22378,171257,50
22379,171307,50
22380,171357,50
22381,171407,50
22382,171457,50
22383,171507,50
22384,171557,50
22385,171607,50
22386,171657,50
22387,171707,50
22388,171757,50
22389,171807,50
22390,171857,50
22391,171907,50
22392,171957,50
22393,172007,50
22394,172057,50
22395,172107,50
22396,172157,50
22397,172207,50
22398,172257,50
22399,172307,50
22400,172357,50
22401,172407,50
22402,172457,50
22403,172507,50
22404,172557,50
22405,172607,50
22406,172657,50
22407,172707,50
22408,172757,50
22409,172807,50
22410,172857,50
22411,172907,50
22412,172957,50
22413,173007,50
22414,173057,50
22415,173107,50
22416,173157,50
22417,173207,50
22418,173257,50
22419,173307,50
22420,173357,50
22421,173407,50
22422,173457,50
22423,173507,50
22424,173557,50
22425,173607,50
22426,173657,50
22427,173707,50
22428,173757,50
22429,173807,50
22430,173857,50
22431,173907,50
22432,173957,50
22433,174007,50
22434,174057,50
22435,174107,50
22436,174157,50
22437,174207,50
22438,174257,50
22439,174307,50
22440,174357,50
22441,174407,50
22442,174457,50
22443,174507,50
22444,174557,50
22445,174607,50
22446,174657,50
22447,174707,50
22448,174757,50
22449,174807,50
22450,174857,50
22451,174907,50
22452,174957,50
22453,175007,50
22454,175057,50
22455,175107,50
22456,175157,50
22457,175207,50
22458,175257,50
22459,175307,50
22460,175357,50
22461,175407,50
22462,175457,50
22463,175507,50
22464,175557,50
22465,175607,50
22466,175657,50
22467,175707,50
22468,175757,50
22469,175807,50
22470,175857,50
22471,175907,50
22472,175957,50
22473,176007,50
22474,176057,50
22475,176107,50
22476,176157,50
22477,176207,50
22478,176257,50
22479,176307,50
22480,176357,50
22481,176407,50
22482,176457,50
22483,176507,50
22484,176557,50
22485,176607,50
22486,176657,50
22487,176707,50
22488,176757,50
22489,176807,50
22490,176857,50
22491,176907,50
22492,176957,50
22493,177007,50
22494,177057,50
22495,177107,50
22496,177157,50
22497,177207,50
22498,177257,50
22499,177307,50
22500,177357,50
22501,177407,50
22502,177457,50
22503,177507,50
22504,177557,50
22505,177607,50
22506,177657,50
22507,177707,50
22508,177757,50
22509,177807,50
22510,177857,50
22511,177907,50
22512,177957,50
22513,178007,50
22514,178057,50
22515,178107,50
22516,178157,50
22517,178207,50
22518,178257,50
22519,178307,50
22520,178357,50
22521,178407,50
22522,178457,50
22523,178507,50
22524,178557,50
22525,178607,50
22526,178657,51
22527,178708,50
22528,178758,50
22529,178808,50
22530,178858,50
22531,178908,50
22532,178958,50
22533,179008,50
22534,179058,50
22535,179108,50
22536,179158,50
22537,179208,50
22538,179258,50
22539,179308,50
22540,179358,50
22541,179408,50
22542,179458,50
22543,179508,50
22544,179558,50
22545,179608,50
22546,179658,50
22547,179708,50
22548,179758,50
22549,179808,50
22550,179858,50
22551,179908,50
22552,179958,50
22553,180008,50
22554,180058,50
22555,180108,50
22556,180158,50
22557,180208,50
22558,180258,50
22559,180308,50
22560,180358,50
22561,180408,50
22562,180458,50
22563,180508,50
22564,180558,50
22565,180608,50
22566,180658,50
22567,180708,50
22568,180758,50
22569,180808,50
22570,180858,50
22571,180908,50
22572,180958,50
22573,181008,50
22574,181058,50
22575,181108,50
22576,181158,50
22577,181208,50
22578,181258,50
22579,181308,50
22580,181358,50
22581,181408,50
22582,181458,50
22583,181508,50
22584,181558,50
22585,181608,50
22586,181658,50
22587,181708,50
22588,181758,50
22589,181808,50
22590,181858,50
22591,181908,50
22592,181958,50
22593,182008,50
22594,182058,50
22595,182108,50
22596,182158,50
22597,182208,50
22598,182258,50
22599,182308,50
22600,182358,50
22601,182408,50
22602,182458,50
22603,182508,50
22604,182558,50
22605,182608,50
22606,182658,50
22607,182708,50
22608,182758,50
22609,182808,50
22610,182858,50
22611,182908,50
22612,182958,50
22613,183008,50
22614,183058,50
22615,183108,50
22616,183158,50
22617,183208,50
22618,183258,50
22619,183308,50
22620,183358,50
22621,183408,50
22622,183458,50
22623,183508,50
22624,183558,50
22625,183608,50
22626,183658,50
22627,183708,50
22628,183758,50
22629,183808,50
22630,183858,50
22631,183908,50
22632,183958,50
22633,184008,50
22634,184058,50
22635,184108,50
22636,184158,50
22637,184208,50
22638,184258,50
22639,184308,50
22640,184358,50
22641,184408,50
22642,184458,50
22643,184508,50
22644,184558,50
22645,184608,50
22646,184658,50
22647,184708,50
22648,184758,50
22649,184808,50
22650,184858,50
22651,184908,50
22652,184958,50
22653,185008,50
22654,185058,50
22655,185108,50
22656,185158,50
22657,185208,50
22658,185258,50
22659,185308,50
22660,185358,50
22661,185408,50
22662,185458,50
22663,185508,50
22664,185558,50
22665,185608,50
22666,185658,50
22667,185708,50
22668,185758,50
22669,185808,50
22670,185858,50
22671,185908,50
22672,185958,50
22673,186008,50
22674,186058,50
22675,186108,50
22676,186158,50
22677,186208,50
22678,186258,50
22679,186308,50
22680,186358,50
22681,186408,50
22682,186458,50
22683,186508,50
22684,186558,50
22685,186608,50
22686,186658,50
22687,186708,50
22688,186758,50
22689,186808,50
22690,186858,50
22691,186908,50
22692,186958,50
22693,187008,50
22694,187058,50
22695,187108,50
22696,187158,50
22697,187208,50
22698,187258,50
22699,187308,50
22700,187358,50
22701,187408,50
22702,187458,50
22703,187508,50
22704,187558,50
22705,187608,50
22706,187658,50
22707,187708,50
22708,187758,50
22709,187808,50
22710,187858,50
22711,187908,50
22712,187958,50
22713,188008,50
22714,188058,50
22715,188108,50
22716,188158,50
22717,188208,50
22718,188258,50
22719,188308,50
22720,188358,50
22721,188408,50
22722,188458,50
22723,188508,50
22724,188558,50
22725,188608,50
22726,188658,50
22727,188708,50
22728,188758,50
22729,188808,50
22730,188858,50
22731,188908,50
22732,188958,50
22733,189008,50
22734,189058,50
22735,189108,50
22736,189158,50
22737,189208,50
22738,189258,50
22739,189308,50
22740,189358,50
22741,189408,50
22742,189458,50
22743,189508,50
22744,189558,50
22745,189608,50
22746,189658,50
22747,189708,50
22748,189758,50
22749,189808,50
22750,189858,50
22751,189908,50
22752,189958,50
22753,190008,50
22754,190058,50
22755,190108,50
22756,190158,50
22757,190208,50
22758,190258,50
22759,190308,50
22760,190358,50
22761,190408,50
22762,190458,50
22763,190508,50
22764,190558,50
22765,190608,50
22766,190658,50
22767,190708,50
22768,190758,50
22769,190808,50
22770,190858,50
22771,190908,50
22772,190958,50
22773,191008,50
22774,191058,50
22775,191108,50
22776,191158,50
22777,191208,50
22778,191258,50
22779,191308,50
22780,191358,50
22781,191408,50
22782,191458,50
22783,191508,50
22784,191558,50
22785,191608,50
22786,191658,50
22787,191708,50
22788,191758,50
22789,191808,50
22790,191858,50
22791,191908,50
22792,191958,50
22793,192008,50
22794,192058,50
22795,192108,50
22796,192158,50
22797,192208,50
22798,192258,50
22799,192308,50
22800,192358,50
22801,192408,50
22802,192458,50
22803,192508,50
22804,192558,50
22805,192608,50
22806,192658,50
22807,192708,50
22808,192758,50
22809,192808,50
22810,192858,50
22811,192908,50
22812,192958,50
22813,193008,50
22814,193058,50
22815,193108,50
22816,193158,50
22817,193208,50
22818,193258,50
22819,193308,50
22820,193358,50
22821,193408,50
22822,193458,50
22823,193508,50
22824,193558,50
22825,193608,50
22826,193658,50
22827,193708,50
22828,193758,50
22829,193808,50
22830,193858,50
22831,193908,50
22832,193958,50
22833,194008,50
22834,194058,50
22835,194108,50
22836,194158,50
22837,194208,50
22838,194258,50
22839,194308,50
22840,194358,50
22841,194408,50
22842,194458,50
22843,194508,50
22844,194558,50
22845,194608,50
22846,194658,50
22847,194708,50
22848,194758,50
22849,194808,50
22850,194858,50
22851,194908,50
22852,194958,50
22853,195008,50
22854,195058,50
22855,195108,50
22856,195158,50
22857,195208,50
22858,195258,50
22859,195308,50
22860,195358,50
22861,195408,50
22862,195458,50
22863,195508,50
22864,195558,50
22865,195608,50
22866,195658,50
22867,195708,50
22868,195758,50
22869,195808,50
22870,195858,50
22871,195908,50
22872,195958,50
22873,196008,50
22874,196058,50
22875,196108,50
22876,196158,50
22877,196208,50
22878,196258,50
22879,196308,50
22880,196358,50
22881,196408,50
22882,196458,50
22883,196508,50
22884,196558,50
22885,196608,50
22886,196658,50
22887,196708,50
22888,196758,50
22889,196808,50
22890,196858,50
22891,196908,50
22892,196958,50
22893,197008,50
22894,197058,50
22895,197108,50
22896,197158,50
22897,197208,50
22898,197258,50
22899,197308,50
22900,197358,50
22901,197408,50
22902,197458,50
22903,197508,50
22904,197558,50
22905,197608,50
22906,197658,50
22907,197708,50
22908,197758,50
22909,197808,50
22910,197858,50
22911,197908,50
22912,197958,50
22913,198008,50
22914,198058,50
22915,198108,50
22916,198158,50
22917,198208,50
22918,198258,50
22919,198308,50
22920,198358,50
22921,198408,50
22922,198458,50
22923,198508,50
22924,198558,50
22925,198608,50
22926,198658,50
22927,198708,50
22928,198758,50
22929,198808,50
22930,198858,50
22931,198908,50
22932,198958,50
22933,199008,50
22934,199058,50
22935,199108,50
22936,199158,50
22937,199208,50
22938,199258,50
22939,199308,50
22940,199358,50
22941,199408,50
22942,199458,50
22943,199508,50
22944,199558,50
22945,199608,50
22946,199658,50
22947,199708,50
22948,199758,50
22949,199808,50
22950,199858,50
22951,199908,50
22952,199958,50
22953,200008,50
22954,200058,50
22955,200108,50
22956,200158,50
22957,200208,50
22958,200258,50
22959,200308,50
22960,200358,50
22961,200408,50
22962,200458,50
22963,200508,50
22964,200558,50
22965,200608,50
22966,200658,50
22967,200708,50
22968,200758,50
22969,200808,50
22970,200858,50
22971,200908,50
22972,200958,50
22973,201008,50
22974,201058,50
22975,201108,50
22976,201158,50
22977,201208,50
22978,201258,50
22979,201308,50
22980,201358,50
22981,201408,50
22982,201458,50
22983,201508,50
22984,201558,50
22985,201608,50
22986,201658,50
22987,201708,50
22988,201758,50
22989,201808,50
22990,201858,50
22991,201908,50
22992,201958,50
22993,202008,50
22994,202058,50
22995,202108,50
22996,202158,50
22997,202208,50
22998,202258,50
22999,202308,50
23000,202358,50
23001,202408,50
23002,202458,50
23003,202508,50
23004,202558,50
23005,202608,50
23006,202658,50
23007,202708,50
23008,202758,50
23009,202808,50
23010,202858,50
23011,202908,50
23012,202958,50
23013,203008,50
23014,203058,50
23015,203108,50
23016,203158,50
23017,203208,50
23018,203258,50
23019,203308,50
23020,203358,50
23021,203408,50
23022,203458,50
23023,203508,50
23024,203558,50
23025,203608,50
23026,203658,50
23027,203708,50
23028,203758,50
23029,203808,50
23030,203858,50
23031,203908,50
23032,203958,50
23033,204008,50
23034,204058,50
23035,204108,50
23036,204158,50
23037,204208,50
23038,204258,50
23039,204308,50
23040,204358,50
23041,204408,50
23042,204458,50
23043,204508,50
23044,204558,50
23045,204608,50
23046,204658,50
23047,204708,50
23048,204758,51
23049,204809,50
23050,204859,50
23051,204909,50
23052,204959,50
23053,205009,50
23054,205059,50
23055,205109,50
23056,205159,50
23057,205209,50
23058,205259,50
23059,205309,50
23060,205359,50
23061,205409,50
23062,205459,50
23063,205509,50
23064,205559,50
23065,205609,50
23066,205659,50
23067,205709,50
23068,205759,50
23069,205809,50
23070,205859,50
23071,205909,50
23072,205959,50
23073,206009,50
23074,206059,50
23075,206109,50
23076,206159,50
23077,206209,50
23078,206259,50
23079,206309,50
23080,206359,50
23081,206409,50
23082,206459,50
23083,206509,50
23084,206559,50
23085,206609,50
23086,206659,50
23087,206709,50
23088,206759,50
23089,206809,50
23090,206859,50
23091,206909,50
23092,206959,50
23093,207009,50
23094,207059,50
23095,207109,50
23096,207159,50
23097,207209,50
23098,207259,50
23099,207309,50
23100,207359,50
23101,207409,50
23102,207459,50
23103,207509,50
23104,207559,50
23105,207609,50
23106,207659,50
23107,207709,50
23108,207759,50
23109,207809,50
23110,207859,50
23111,207909,50
23112,207959,50
23113,208009,50
23114,208059,50
23115,208109,50
23116,208159,50
23117,208209,50
23118,208259,50
23119,208309,50
23120,208359,50
23121,208409,50
23122,208459,50
23123,208509,50
23124,208559,50
23125,208609,50
23126,208659,50
23127,208709,50
23128,208759,50
23129,208809,50
23130,208859,50
23131,208909,50
23132,208959,50
23133,209009,50
23134,209059,50
23135,209109,50
23136,209159,50
23137,209209,50
23138,209259,50
23139,209309,50
23140,209359,50
23141,209409,50
23142,209459,50
23143,209509,50
23144,209559,50
23145,209609,50
23146,209659,50
23147,209709,50
23148,209759,50
23149,209809,50
23150,209859,50
23151,209909,50
23152,209959,50
23153,210009,50
23154,210059,50
23155,210109,50
23156,210159,50
23157,210209,50
23158,210259,50
23159,210309,50
23160,210359,50
23161,210409,50
23162,210459,50
23163,210509,50
23164,210559,50
23165,210609,50
23166,210659,50
23167,210709,50
23168,210759,50
23169,210809,50
23170,210859,50
23171,210909,50
23172,210959,50
23173,211009,50
23174,211059,50
23175,211109,50
23176,211159,50
23177,211209,50
23178,211259,50
23179,211309,50
23180,211359,50
23181,211409,50
23182,211459,50
23183,211509,50
23184,211559,50
23185,211609,50
23186,211659,50
23187,211709,50
23188,211759,50
23189,211809,50
23190,211859,50
23191,211909,50
23192,211959,50
23193,212009,50
23194,212059,50
23195,212109,50
23196,212159,50
23197,212209,50
23198,212259,50
23199,212309,50
23200,212359,50
23201,212409,50
23202,212459,50
23203,212509,50
23204,212559,50
23205,212609,50
23206,212659,50
23207,212709,50
23208,212759,50
23209,212809,50
23210,212859,50
23211,212909,50
23212,212959,50
23213,213009,50
23214,213059,50
23215,213109,50
23216,213159,50
23217,213209,50
23218,213259,50
23219,213309,50
23220,213359,50
23221,213409,50
23222,213459,50
23223,213509,50
23224,213559,50
23225,213609,50
23226,213659,50
23227,213709,50
23228,213759,50
23229,213809,50
23230,213859,50
23231,213909,50
23232,213959,50
23233,214009,50
23234,214059,50
23235,214109,50
23236,214159,50
23237,214209,50
23238,214259,50
23239,214309,50
23240,214359,50
23241,214409,50
23242,214459,50
23243,214509,50
23244,214559,50
23245,214609,50
23246,214659,50
23247,214709,50
23248,214759,50
23249,214809,50
23250,214859,50
23251,214909,50
23252,214959,50
23253,215009,50
23254,215059,50
23255,215109,50
23256,215159,50
23257,215209,50
23258,215259,50
23259,215309,50
23260,215359,50
23261,215409,50
23262,215459,50
23263,215509,50
23264,215559,50
23265,215609,50
23266,215659,50
23267,215709,50
23268,215759,50
23269,215809,50
23270,215859,50
23271,215909,50
23272,215959,50
23273,216009,50
23274,216059,50
23275,216109,50
23276,216159,50
23277,216209,50
23278,216259,50
23279,216309,50
23280,216359,50
23281,216409,50
23282,216459,50
23283,216509,50
23284,216559,50
23285,216609,50
23286,216659,50
23287,216709,50
23288,216759,50
23289,216809,50
23290,216859,50
23291,216909,50
23292,216959,50
23293,217009,50
23294,217059,50
23295,217109,50
23296,217159,50
23297,217209,50
23298,217259,50
23299,217309,50
23300,217359,50
23301,217409,50
23302,217459,50
23303,217509,50
23304,217559,50
23305,217609,50
23306,217659,50
23307,217709,50
23308,217759,50
23309,217809,50
23310,217859,50
23311,217909,50
23312,217959,50
23313,218009,50
23314,218059,50
23315,218109,50
23316,218159,50
23317,218209,50
23318,218259,50
23319,218309,50
23320,218359,50
23321,218409,50
23322,218459,50
23323,218509,50
23324,218559,50
23325,218609,50
23326,218659,50
23327,218709,50
23328,218759,50
23329,218809,50
23330,218859,50
23331,218909,50
23332,218959,50
23333,219009,50
23334,219059,50
23335,219109,50
23336,219159,50
23337,219209,50
23338,219259,50
23339,219309,50
23340,219359,50
23341,219409,50
23342,219459,50
23343,219509,50
23344,219559,50
23345,219609,50
23346,219659,50
23347,219709,50
23348,219759,50
23349,219809,50
23350,219859,50
23351,219909,50
23352,219959,50
23353,220009,50
23354,220059,50
23355,220109,50
23356,220159,50
23357,220209,50
23358,220259,50
23359,220309,50
23360,220359,50
23361,220409,50
23362,220459,50
23363,220509,50
23364,220559,50
23365,220609,50
23366,220659,50
23367,220709,50
23368,220759,50
23369,220809,50
23370,220859,50
23371,220909,50
23372,220959,50
23373,221009,50
23374,221059,50
23375,221109,50
23376,221159,50
23377,221209,50
23378,221259,50
23379,221309,50
23380,221359,50
23381,221409,50
23382,221459,50
23383,221509,50
23384,221559,50
23385,221609,50
23386,221659,50
23387,221709,50
23388,221759,50
23389,221809,50
23390,221859,50
23391,221909,50
23392,221959,50
23393,222009,50
23394,222059,50
23395,222109,50
23396,222159,50
23397,222209,50
23398,222259,50
23399,222309,50
23400,222359,50
23401,222409,50
23402,222459,50
23403,222509,50
23404,222559,50
23405,222609,50
23406,222659,50
23407,222709,50
23408,222759,50
23409,222809,50
23410,222859,50
23411,222909,50
23412,222959,50
23413,223009,50
23414,223059,50
23415,223109,50
23416,223159,50
23417,223209,50
23418,223259,50
23419,223309,50
23420,223359,50
23421,223409,50
23422,223459,50
23423,223509,50
23424,223559,50
23425,223609,50
23426,223659,50
23427,223709,50
23428,223759,50
23429,223809,50
23430,223859,50
23431,223909,50
23432,223959,50
23433,224009,50
23434,224059,50
23435,224109,50
23436,224159,50
23437,224209,50
23438,224259,50
23439,224309,50
23440,224359,50
23441,224409,50
23442,224459,50
23443,224509,50
23444,224559,50
23445,224609,50
23446,224659,50
23447,224709,50
23448,224759,50
23449,224809,50
23450,224859,50
23451,224909,50
23452,224959,50
23453,225009,50
23454,225059,50
23455,225109,50
23456,225159,50
23457,225209,50
23458,225259,50
23459,225309,50
23460,225359,50
23461,225409,50
23462,225459,50
23463,225509,50
23464,225559,50
23465,225609,50
23466,225659,50
23467,225709,50
23468,225759,50
23469,225809,50
23470,225859,50
23471,225909,50
23472,225959,50
23473,226009,50
23474,226059,50
23475,226109,50
23476,226159,50
23477,226209,50
23478,226259,50
23479,226309,50
23480,226359,50
23481,226409,50
23482,226459,50
23483,226509,50
23484,226559,50
23485,226609,50
23486,226659,50
23487,226709,50
23488,226759,50
23489,226809,50
23490,226859,50
23491,226909,50
23492,226959,50
23493,227009,50
23494,227059,50
23495,227109,50
23496,227159,50
23497,227209,50
23498,227259,50
23499,227309,50
23500,227359,50
23501,227409,50
23502,227459,50
23503,227509,50
23504,227559,50
23505,227609,50
23506,227659,50
23507,227709,50
23508,227759,50
23509,227809,50
23510,227859,50
23511,227909,50
23512,227959,50
23513,228009,50
23514,228059,50
23515,228109,50
23516,228159,50
23517,228209,50
23518,228259,50
23519,228309,50
23520,228359,50
23521,228409,50
23522,228459,50
23523,228509,50
23524,228559,50
23525,228609,50
23526,228659,50
23527,228709,50
23528,228759,50
23529,228809,50
23530,228859,50
23531,228909,50
23532,228959,50
23533,229009,50
23534,229059,50
23535,229109,50
23536,229159,50
23537,229209,50
23538,229259,50
23539,229309,50
23540,229359,50
23541,229409,50
23542,229459,50
23543,229509,50
23544,229559,50
23545,229609,50
23546,229659,50
23547,229709,50
23548,229759,50
23549,229809,50
23550,229859,50
23551,229909,50
23552,229959,50
23553,230009,50
23554,230059,50
23555,230109,50
23556,230159,50
23557,230209,50
23558,230259,50
23559,230309,50
23560,230359,50
23561,230409,50
23562,230459,50
23563,230509,50
23564,230559,50
23565,230609,50
23566,230659,50
23567,230709,50
23568,230759,50
23569,230809,50
23570,230859,50
23571,230909,50
23572,230959,50
23573,231009,50
23574,231059,50
23575,231109,50
23576,231159,50
23577,231209,50
23578,231259,50
23579,231309,50
23580,231359,50
23581,231409,50
23582,231459,50
23583,231509,50
23584,231559,50
23585,231609,50
23586,231659,50
23587,231709,50
23588,231759,50
23589,231809,50
23590,231859,50
23591,231909,50
23592,231959,50
23593,232009,50
23594,232059,50
23595,232109,50
23596,232159,50
23597,232209,50
23598,232259,50
23599,232309,50
23600,232359,50
23601,232409,50
23602,232459,50
23603,232509,50
23604,232559,50
23605,232609,50
23606,232659,50
23607,232709,50
23608,232759,50
23609,232809,50
23610,232859,50
23611,232909,50
23612,232959,50
23613,233009,50
23614,233059,50
23615,233109,50
23616,233159,50
23617,233209,50
23618,233259,50
23619,233309,50
23620,233359,50
23621,233409,50
23622,233459,50
23623,233509,50
23624,233559,50
23625,233609,50
23626,233659,50
23627,233709,50
23628,233759,50
23629,233809,50
23630,233859,50
23631,233909,50
23632,233959,50
23633,234009,50
23634,234059,50
23635,234109,50
23636,234159,50
23637,234209,50
23638,234259,50
23639,234309,50
23640,234359,50
23641,234409,50
23642,234459,50
23643,234509,50
23644,234559,50
23645,234609,51
23646,234660,50
23647,234710,50
23648,234760,50
23649,234810,50
23650,234860,50
23651,234910,50
23652,234960,50
23653,235010,50
23654,235060,50
23655,235110,50
23656,235160,50
23657,235210,50
23658,235260,50
23659,235310,50
23660,235360,50
23661,235410,50
23662,235460,50
23663,235510,50
23664,235560,50
23665,235610,50
23666,235660,50
23667,235710,50
23668,235760,50
23669,235810,50
23670,235860,50
23671,235910,50
23672,235960,50
23673,236010,50
23674,236060,50
23675,236110,50
23676,236160,50
23677,236210,50
23678,236260,50
23679,236310,50
23680,236360,50
23681,236410,50
23682,236460,50
23683,236510,50
23684,236560,50
23685,236610,50
23686,236660,50
23687,236710,50
23688,236760,50
23689,236810,50
23690,236860,50
23691,236910,50
23692,236960,50
23693,237010,50
23694,237060,50
23695,237110,50
23696,237160,50
23697,237210,50
23698,237260,50
23699,237310,50
23700,237360,50
23701,237410,50
23702,237460,50
23703,237510,50
23704,237560,50
23705,237610,50
23706,237660,50
23707,237710,50
23708,237760,50
23709,237810,50
23710,237860,50
23711,237910,50
23712,237960,50
23713,238010,50
23714,238060,50
23715,238110,50
23716,238160,50
23717,238210,50
23718,238260,50
23719,238310,50
23720,238360,50
23721,238410,50
23722,238460,50
23723,238510,50
23724,238560,50
23725,238610,50
23726,238660,50
23727,238710,50
23728,238760,50
23729,238810,50
23730,238860,50
23731,238910,50
23732,238960,50
23733,239010,50
23734,239060,50
23735,239110,50
23736,239160,50
23737,239210,50
23738,239260,50
23739,239310,50
23740,239360,50
23741,239410,50
23742,239460,50
23743,239510,50
23744,239560,50
23745,239610,50
23746,239660,50
23747,239710,50
23748,239760,50
23749,239810,50
23750,239860,50
23751,239910,50
23752,239960,50
23753,240010,50
23754,240060,50
23755,240110,50
23756,240160,50
23757,240210,50
23758,240260,50
23759,240310,50
23760,240360,50
23761,240410,50
23762,240460,50
23763,240510,50
23764,240560,50
23765,240610,50
23766,240660,50
23767,240710,50
23768,240760,50
23769,240810,50
23770,240860,50
23771,240910,50
23772,240960,50
23773,241010,50
23774,241060,50
23775,241110,50
23776,241160,50
23777,241210,50
23778,241260,50
23779,241310,50
23780,241360,50
23781,241410,50
23782,241460,50
23783,241510,50
23784,241560,50
23785,241610,50
23786,241660,50
23787,241710,50
23788,241760,50
23789,241810,50
23790,241860,50
23791,241910,50
23792,241960,50
23793,242010,50
23794,242060,50
23795,242110,50
23796,242160,50
23797,242210,50
23798,242260,50
23799,242310,50
23800,242360,50
23801,242410,50
23802,242460,50
23803,242510,50
23804,242560,50
23805,242610,50
23806,242660,50
23807,242710,50
23808,242760,50
23809,242810,50
23810,242860,50
23811,242910,50
23812,242960,50
23813,243010,50
23814,243060,50
23815,243110,50
23816,243160,50
23817,243210,50
23818,243260,50
23819,243310,50
23820,243360,50
23821,243410,50
23822,243460,50
23823,243510,50
23824,243560,50
23825,243610,50
23826,243660,50
23827,243710,50
23828,243760,50
23829,243810,50
23830,243860,50
23831,243910,50
23832,243960,50
23833,244010,50
23834,244060,50
23835,244110,50
23836,244160,50
23837,244210,50
23838,244260,50
23839,244310,50
23840,244360,50
23841,244410,50
23842,244460,50
23843,244510,50
23844,244560,50
23845,244610,50
23846,244660,50
23847,244710,50
23848,244760,50
23849,244810,50
23850,244860,50
23851,244910,50
23852,244960,50
23853,245010,50
23854,245060,50
23855,245110,50
23856,245160,50
23857,245210,50
23858,245260,50
23859,245310,50
23860,245360,50
23861,245410,50
23862,245460,50
23863,245510,50
23864,245560,50
23865,245610,50
23866,245660,50
23867,245710,50
23868,245760,50
23869,245810,50
23870,245860,50
23871,245910,50
23872,245960,50
23873,246010,50
23874,246060,50
23875,246110,50
23876,246160,50
23877,246210,50
23878,246260,50
23879,246310,50
23880,246360,50
23881,246410,50
23882,246460,50
23883,246510,50
23884,246560,50
23885,246610,50
23886,246660,50
23887,246710,50
23888,246760,50
23889,246810,50
23890,246860,50
23891,246910,50
23892,246960,50
23893,247010,50
23894,247060,50
23895,247110,50
23896,247160,50
23897,247210,50
23898,247260,50
23899,247310,50
23900,247360,50
23901,247410,50
23902,247460,50
23903,247510,50
23904,247560,50
23905,247610,50
23906,247660,50
23907,247710,50
23908,247760,50
23909,247810,50
23910,247860,50
23911,247910,50
23912,247960,50
23913,248010,50
23914,248060,50
23915,248110,50
23916,248160,50
23917,248210,50
23918,248260,50
23919,248310,50
23920,248360,50
23921,248410,50
23922,248460,50
23923,248510,50
23924,248560,50
23925,248610,50
23926,248660,50
23927,248710,50
23928,248760,50
23929,248810,50
23930,248860,50
23931,248910,50
23932,248960,50
23933,249010,50
23934,249060,50
23935,249110,50
23936,249160,50
23937,249210,50
23938,249260,50
23939,249310,50
23940,249360,50
23941,249410,50
23942,249460,50
23943,249510,50
23944,249560,50
23945,249610,50
23946,249660,50
23947,249710,50
23948,249760,50
23949,249810,50
23950,249860,50
23951,249910,50
23952,249960,50
23953,250010,50
23954,250060,50
23955,250110,50
23956,250160,50
23957,250210,50
23958,250260,50
23959,250310,50
23960,250360,50
23961,250410,50
23962,250460,50
23963,250510,50
23964,250560,50
23965,250610,50
23966,250660,50
23967,250710,50
23968,250760,50
23969,250810,50
23970,250860,50
23971,250910,50
23972,250960,50
23973,251010,50
23974,251060,50
23975,251110,50
23976,251160,50
23977,251210,50
23978,251260,50
23979,251310,50
23980,251360,50
23981,251410,50
23982,251460,50
23983,251510,50
23984,251560,50
23985,251610,50
23986,251660,50
23987,251710,50
23988,251760,50
23989,251810,50
23990,251860,50
23991,251910,50
23992,251960,50
23993,252010,50
23994,252060,50
23995,252110,50
23996,252160,50
23997,252210,50
23998,252260,50
23999,252310,50
24000,252360,50
24001,252410,50
24002,252460,50
24003,252510,50
24004,252560,50
24005,252610,50
24006,252660,50
24007,252710,50
24008,252760,50
24009,252810,50
24010,252860,50
24011,252910,50
24012,252960,50
24013,253010,50
24014,253060,50
24015,253110,50
24016,253160,50
24017,253210,50
24018,253260,50
24019,253310,50
24020,253360,50
24021,253410,50
24022,253460,50
24023,253510,50
24024,253560,50
24025,253610,50
24026,253660,50
24027,253710,50
24028,253760,50
24029,253810,50
24030,253860,50
24031,253910,50
24032,253960,50
24033,254010,50
24034,254060,50
24035,254110,50
24036,254160,50
24037,254210,50
24038,254260,50
24039,254310,50
24040,254360,50
24041,254410,50
24042,254460,50
24043,254510,50
24044,254560,50
24045,254610,50
24046,254660,50
24047,254710,50
24048,254760,50
24049,254810,50
24050,254860,50
24051,254910,50
24052,254960,50
24053,255010,50
24054,255060,50
24055,255110,50
24056,255160,50
24057,255210,50
24058,255260,50
24059,255310,50
24060,255360,50
24061,255410,50
24062,255460,50
24063,255510,50
24064,255560,50
24065,255610,50
24066,255660,50
24067,255710,50
24068,255760,50
24069,255810,50
24070,255860,50
24071,255910,50
24072,255960,50
24073,256010,50
24074,256060,50
24075,256110,50
24076,256160,50
24077,256210,50
24078,256260,50
24079,256310,50
24080,256360,50
24081,256410,50
24082,256460,50
24083,256510,50
24084,256560,50
24085,256610,50
24086,256660,50
24087,256710,50
24088,256760,50
24089,256810,50
24090,256860,50
24091,256910,50
24092,256960,50
24093,257010,50
24094,257060,50
24095,257110,50
24096,257160,50
24097,257210,50
24098,257260,50
24099,257310,50
24100,257360,50
24101,257410,50
24102,257460,50
24103,257510,50
24104,257560,50
24105,257610,50
24106,257660,50
24107,257710,50
24108,257760,50
24109,257810,50
24110,257860,50
24111,257910,50
24112,257960,50
24113,258010,50
24114,258060,50
24115,258110,50
24116,258160,50
24117,258210,50
24118,258260,50
24119,258310,50
24120,258360,50
24121,258410,50
24122,258460,50
24123,258510,50
24124,258560,50
24125,258610,50
24126,258660,50
24127,258710,50
24128,258760,50
24129,258810,50
24130,258860,50
24131,258910,50
24132,258960,50
24133,259010,50
24134,259060,50
24135,259110,50
24136,259160,50
24137,259210,50
24138,259260,50
24139,259310,50
24140,259360,50
24141,259410,50
24142,259460,50
24143,259510,50
24144,259560,50
24145,259610,50
24146,259660,50
24147,259710,50
24148,259760,50
24149,259810,50
24150,259860,50
24151,259910,50
24152,259960,50
24153,260010,50
24154,260060,50
24155,260110,50
24156,260160,50
24157,260210,50
24158,260260,50
24159,260310,50
24160,260360,50
24161,260410,50
24162,260460,50
24163,260510,50
24164,260560,50
24165,260610,50
24166,260660,50
24167,260710,50
24168,260760,50
24169,260810,50
24170,260860,50
24171,260910,50
24172,260960,50
24173,261010,50
24174,261060,50
24175,261110,50
24176,261160,50
24177,261210,50
24178,261260,50
24179,261310,50
24180,261360,50
24181,261410,50
24182,261460,50
24183,261510,50
24184,261560,50
24185,261610,50
24186,261660,50
24187,261710,50
24188,261760,50
24189,261810,50
24190,261860,50
24191,261910,50
24192,261960,50
24193,262010,50
24194,262060,50
24195,262110,50
24196,262160,50
24197,262210,50
24198,262260,50
24199,262310,50
24200,262360,50
24201,262410,50
24202,262460,50
24203,262510,50
24204,262560,50
24205,262610,50
24206,262660,50
24207,262710,50
24208,262760,50
24209,262810,50
24210,262860,50
24211,262910,50
24212,262960,50
24213,263010,50
24214,263060,50
24215,263110,50
24216,263160,50
24217,263210,50
24218,263260,50
24219,263310,50
24220,263360,50
24221,263410,50
24222,263460,50
24223,263510,50
24224,263560,50
24225,263610,50
24226,263660,50
24227,263710,50
24228,263760,50
24229,263810,50
24230,263860,50
24231,263910,50
24232,263960,50
24233,264010,50
24234,264060,50
24235,264110,50
24236,264160,50
24237,264210,50
24238,264260,50
24239,264310,50
24240,264360,50
24241,264410,50
24242,264460,50
24243,264510,50
24244,264560,50
24245,264610,50
24246,264660,50
24247,264710,50
24248,264760,50
24249,264810,50
24250,264860,50
24251,264910,50
24252,264960,50
24253,265010,50
24254,265060,50
24255,265110,50
24256,265160,50
24257,265210,50
24258,265260,50
24259,265310,50
24260,265360,50
24261,265410,50
24262,265460,50
24263,265510,50
24264,265560,50
24265,265610,50
24266,265660,50
24267,265710,50
24268,265760,50
24269,265810,50
24270,265860,50
24271,265910,50
24272,265960,50
24273,266010,50
24274,266060,50
24275,266110,50
24276,266160,50
24277,266210,50
24278,266260,50
24279,266310,50
24280,266360,50
24281,266410,50
24282,266460,50
24283,266510,50
24284,266560,50
24285,266610,50
24286,266660,50
24287,266710,50
24288,266760,50
24289,266810,50
24290,266860,50
24291,266910,50
24292,266960,50
24293,267010,50
24294,267060,50
24295,267110,50
24296,267160,50
24297,267210,50
24298,267260,50
24299,267310,50
24300,267360,50
24301,267410,50
24302,267460,50
24303,267510,50
24304,267560,50
24305,267610,50
24306,267660,51
24307,267711,50
24308,267761,50
24309,267811,50
24310,267861,50
24311,267911,50
24312,267961,50
24313,268011,50
24314,268061,50
24315,268111,50
24316,268161,50
24317,268211,50
24318,268261,50
24319,268311,50
24320,268361,50
24321,268411,50
24322,268461,50
24323,268511,50
24324,268561,50
24325,268611,50
24326,268661,50
24327,268711,50
24328,268761,50
24329,268811,50
24330,268861,50
24331,268911,50
24332,268961,50
24333,269011,50
24334,269061,50
24335,269111,50
24336,269161,50
24337,269211,50
24338,269261,50
24339,269311,50
24340,269361,50
24341,269411,50
24342,269461,50
24343,269511,50
24344,269561,50
24345,269611,50
24346,269661,50
24347,269711,50
24348,269761,50
24349,269811,50
24350,269861,50
24351,269911,50
24352,269961,50
24353,270011,50
24354,270061,50
24355,270111,50
24356,270161,50
24357,270211,50
24358,270261,50
24359,270311,50
24360,270361,50
24361,270411,50
24362,270461,50
24363,270511,50
24364,270561,50
24365,270611,50
24366,270661,50
24367,270711,50
24368,270761,50
24369,270811,50
24370,270861,50
24371,270911,50
24372,270961,50
24373,271011,50
24374,271061,50
24375,271111,50
24376,271161,50
24377,271211,50
24378,271261,50
24379,271311,50
24380,271361,50
24381,271411,50
24382,271461,50
24383,271511,50
24384,271561,50
24385,271611,50
24386,271661,50
24387,271711,50
24388,271761,50
24389,271811,50
24390,271861,50
24391,271911,50
24392,271961,50
24393,272011,50
24394,272061,50
24395,272111,50
24396,272161,50
24397,272211,50
24398,272261,50
24399,272311,50
24400,272361,50
24401,272411,50
24402,272461,50
24403,272511,50
24404,272561,50
24405,272611,50
24406,272661,50
24407,272711,50
24408,272761,50
24409,272811,50
24410,272861,50
24411,272911,50
24412,272961,50
24413,273011,50
24414,273061,50
24415,273111,50
24416,273161,50
24417,273211,50
24418,273261,50
24419,273311,50
24420,273361,50
24421,273411,50
24422,273461,50
24423,273511,50
24424,273561,50
24425,273611,50
24426,273661,50
24427,273711,50
24428,273761,50
24429,273811,50
24430,273861,50
24431,273911,50
24432,273961,50
24433,274011,50
24434,274061,50
24435,274111,50
24436,274161,50
24437,274211,50
24438,274261,50
24439,274311,50
24440,274361,50
24441,274411,50
24442,274461,50
24443,274511,50
24444,274561,50
24445,274611,50
24446,274661,50
24447,274711,50
24448,274761,50
24449,274811,50
24450,274861,50
24451,274911,50
24452,274961,50
24453,275011,50
24454,275061,50
24455,275111,50
24456,275161,50
24457,275211,50
24458,275261,50
24459,275311,50
24460,275361,50
24461,275411,50
24462,275461,50
24463,275511,50
24464,275561,50
24465,275611,50
24466,275661,50
24467,275711,50
24468,275761,50
24469,275811,50
24470,275861,50
24471,275911,50
24472,275961,50
24473,276011,50
24474,276061,50
24475,276111,50
24476,276161,50
24477,276211,50
24478,276261,50
24479,276311,50
24480,276361,50
24481,276411,50
24482,276461,50
24483,276511,50
24484,276561,50
24485,276611,50
24486,276661,50
24487,276711,50
24488,276761,50
24489,276811,50
24490,276861,50
24491,276911,50
24492,276961,50
24493,277011,50
24494,277061,50
24495,277111,50
24496,277161,50
24497,277211,50
24498,277261,50
24499,277311,50
24500,277361,50
24501,277411,50
24502,277461,50
24503,277511,50
24504,277561,50
24505,277611,50
24506,277661,50
24507,277711,50
24508,277761,50
24509,277811,50
24510,277861,50
24511,277911,50
24512,277961,50
24513,278011,50
24514,278061,50
24515,278111,50
24516,278161,50
24517,278211,50
24518,278261,50
24519,278311,50
24520,278361,50
24521,278411,50
24522,278461,50
24523,278511,50
24524,278561,50
24525,278611,50
24526,278661,50
24527,278711,50
24528,278761,50
24529,278811,50
24530,278861,50
24531,278911,50
24532,278961,50
24533,279011,50
24534,279061,50
24535,279111,50
24536,279161,50
24537,279211,50
24538,279261,50
24539,279311,50
24540,279361,50
24541,279411,50
24542,279461,50
24543,279511,50
24544,279561,50
24545,279611,50
24546,279661,50
24547,279711,50
24548,279761,50
24549,279811,50
24550,279861,50
24551,279911,50
24552,279961,50
24553,280011,50
24554,280061,50
24555,280111,50
24556,280161,50
24557,280211,50
24558,280261,50
24559,280311,50
24560,280361,50
24561,280411,50
24562,280461,50
24563,280511,50
24564,280561,50
24565,280611,50
24566,280661,50
24567,280711,50
24568,280761,50
24569,280811,50
24570,280861,50
24571,280911,50
24572,280961,50
24573,281011,50
24574,281061,50
24575,281111,50
24576,281161,50
24577,281211,50
24578,281261,50
24579,281311,50
24580,281361,50
24581,281411,50
24582,281461,50
24583,281511,50
24584,281561,50
24585,281611,50
24586,281661,50
24587,281711,50
24588,281761,50
24589,281811,50
24590,281861,50
24591,281911,50
24592,281961,50
24593,282011,50
24594,282061,50
24595,282111,50
24596,282161,50
24597,282211,50
24598,282261,50
24599,282311,50
24600,282361,50
24601,282411,50
24602,282461,50
24603,282511,50
24604,282561,50
24605,282611,50
24606,282661,50
24607,282711,50
24608,282761,50
24609,282811,50
24610,282861,50
24611,282911,50
24612,282961,50
24613,283011,50
24614,283061,50
24615,283111,50
24616,283161,50
24617,283211,50
24618,283261,50
24619,283311,50
24620,283361,50
24621,283411,50
24622,283461,50
24623,283511,50
24624,283561,50
24625,283611,50
24626,283661,50
24627,283711,50
24628,283761,50
24629,283811,50
24630,283861,50
24631,283911,50
24632,283961,50
24633,284011,50
24634,284061,50
24635,284111,50
24636,284161,50
24637,284211,50
24638,284261,50
24639,284311,50
24640,284361,50
24641,284411,50
24642,284461,50
24643,284511,50
24644,284561,50
24645,284611,50
24646,284661,50
24647,284711,50
24648,284761,50
24649,284811,50
24650,284861,50
24651,284911,50
24652,284961,50
24653,285011,50
24654,285061,50
24655,285111,50
24656,285161,50
24657,285211,50
24658,285261,50
24659,285311,50
24660,285361,50
24661,285411,50
24662,285461,50
24663,285511,50
24664,285561,50
24665,285611,50
24666,285661,50
24667,285711,50
24668,285761,50
24669,285811,50
24670,285861,50
24671,285911,50
24672,285961,50
24673,286011,50
24674,286061,50
24675,286111,50
24676,286161,50
24677,286211,50
24678,286261,50
24679,286311,50
24680,286361,50
24681,286411,50
24682,286461,50
24683,286511,50
24684,286561,50
24685,286611,50
24686,286661,50
24687,286711,50
24688,286761,50
24689,286811,50
24690,286861,50
24691,286911,50
24692,286961,50
24693,287011,50
24694,287061,50
24695,287111,50
24696,287161,50
24697,287211,50
24698,287261,50
24699,287311,50
24700,287361,50
24701,287411,50
24702,287461,50
24703,287511,50
24704,287561,50
24705,287611,50
24706,287661,50
24707,287711,50
24708,287761,50
24709,287811,50
24710,287861,50
24711,287911,50
24712,287961,50
24713,288011,50
24714,288061,50
24715,288111,50
24716,288161,50
24717,288211,50
24718,288261,50
24719,288311,50
24720,288361,50
24721,288411,50
24722,288461,50
24723,288511,50
24724,288561,50
24725,288611,50
24726,288661,50
24727,288711,50
24728,288761,50
24729,288811,50
24730,288861,50
24731,288911,50
24732,288961,50
24733,289011,50
24734,289061,50
24735,289111,50
24736,289161,50
24737,289211,50
24738,289261,50
24739,289311,50
24740,289361,50
24741,289411,50
24742,289461,50
24743,289511,50
24744,289561,50
24745,289611,50
24746,289661,50
24747,289711,50
24748,289761,50
24749,289811,50
24750,289861,50
24751,289911,50
24752,289961,50
24753,290011,50
24754,290061,50
24755,290111,50
24756,290161,50
24757,290211,50
24758,290261,50
24759,290311,50
24760,290361,50
24761,290411,50
24762,290461,50
24763,290511,50
24764,290561,50
24765,290611,50
24766,290661,50
24767,290711,50
24768,290761,50
24769,290811,50
24770,290861,50
24771,290911,50
24772,290961,50
24773,291011,50
24774,291061,50
24775,291111,50
24776,291161,50
24777,291211,50
24778,291261,50
24779,291311,50
24780,291361,50
24781,291411,50
24782,291461,50
24783,291511,50
24784,291561,50
24785,291611,50
24786,291661,50
24787,291711,50
24788,291761,50
24789,291811,50
24790,291861,50
24791,291911,50
24792,291961,50
24793,292011,50
24794,292061,50
24795,292111,50
24796,292161,50
24797,292211,50
24798,292261,50
24799,292311,50
24800,292361,50
24801,292411,50
24802,292461,50
24803,292511,50
24804,292561,50
24805,292611,50
24806,292661,50
24807,292711,50
24808,292761,50
24809,292811,50
24810,292861,50
24811,292911,50
24812,292961,50
24813,293011,50
24814,293061,50
24815,293111,50
24816,293161,50
24817,293211,50
24818,293261,50
24819,293311,50
24820,293361,50
24821,293411,50
24822,293461,50
24823,293511,50
24824,293561,50
24825,293611,50
24826,293661,50
24827,293711,50
24828,293761,50
24829,293811,50
24830,293861,50
24831,293911,50
24832,293961,50
24833,294011,50
24834,294061,50
24835,294111,50
24836,294161,50
24837,294211,50
24838,294261,50
24839,294311,50
24840,294361,50
24841,294411,50
24842,294461,50
24843,294511,50
24844,294561,50
24845,294611,50
24846,294661,50
24847,294711,50
24848,294761,50
24849,294811,50
24850,294861,50
24851,294911,50
24852,294961,50
24853,295011,50
24854,295061,50
24855,295111,50
24856,295161,50
24857,295211,50
24858,295261,50
24859,295311,50
24860,295361,50
24861,295411,50
24862,295461,50
24863,295511,50
24864,295561,50
24865,295611,50
24866,295661,50
24867,295711,50
24868,295761,50
24869,295811,50
24870,295861,50
24871,295911,50
24872,295961,50
24873,296011,50
24874,296061,50
24875,296111,50
24876,296161,50
24877,296211,50
24878,296261,50
24879,296311,50
24880,296361,50
24881,296411,50
24882,296461,50
24883,296511,50
24884,296561,50
24885,296611,50
24886,296661,50
24887,296711,50
24888,296761,50
24889,296811,50
24890,296861,50
24891,296911,50
24892,296961,50
24893,297011,50
24894,297061,50
24895,297111,50
24896,297161,50
24897,297211,50
24898,297261,50
24899,297311,50
24900,297361,50
24901,297411,50
24902,297461,50
24903,297511,50
24904,297561,50
24905,297611,50
24906,297661,50
24907,297711,50
24908,297761,50
24909,297811,50
24910,297861,50
24911,297911,50
24912,297961,50
24913,298011,50
24914,298061,50
24915,298111,50
24916,298161,50
24917,298211,50
24918,298261,50
24919,298311,50
24920,298361,50
24921,298411,50
24922,298461,50
24923,298511,50
24924,298561,50
24925,298611,50
24926,298661,50
24927,298711,50
24928,298761,50
24929,298811,50
24930,298861,50
24931,298911,50
24932,298961,50
24933,299011,50
24934,299061,50
24935,299111,50
24936,299161,50
24937,299211,50
24938,299261,50
24939,299311,50
24940,299361,50
24941,299411,50
24942,299461,50
24943,299511,50
24944,299561,50
24945,299611,50
24946,299661,50
24947,299711,50
24948,299761,50
24949,299811,50
24950,299861,51
24951,299912,50
24952,299962,50
24953,300012,50
24954,300062,50
24955,300112,50
24956,300162,50
24957,300212,50
24958,300262,50
24959,300312,50
24960,300362,50
24961,300412,50
24962,300462,50
24963,300512,50
24964,300562,50
24965,300612,50
24966,300662,50
24967,300712,50
24968,300762,50
24969,300812,50
24970,300862,50
24971,300912,50
24972,300962,50
24973,301012,50
24974,301062,50
24975,301112,50
24976,301162,50
24977,301212,50
24978,301262,50
24979,301312,50
24980,301362,50
24981,301412,50
24982,301462,50
24983,301512,50
24984,301562,50
24985,301612,50
24986,301662,50
24987,301712,50
24988,301762,50
24989,301812,50
24990,301862,50
24991,301912,50
24992,301962,50
24993,302012,50
24994,302062,50
24995,302112,50
24996,302162,50
24997,302212,50
24998,302262,50
24999,302312,50
25000,302362,50
25001,302412,50
25002,302462,50
25003,302512,50
25004,302562,50
25005,302612,50
25006,302662,50
25007,302712,50
25008,302762,50
25009,302812,50
25010,302862,50
25011,302912,50
25012,302962,50
25013,303012,50
25014,303062,50
25015,303112,50
25016,303162,50
25017,303212,50
25018,303262,50
25019,303312,50
25020,303362,50
25021,303412,50
25022,303462,50
25023,303512,50
25024,303562,50
25025,303612,50
25026,303662,50
25027,303712,50
25028,303762,50
25029,303812,50
25030,303862,50
25031,303912,50
25032,303962,50
25033,304012,50
25034,304062,50
25035,304112,50
25036,304162,50
25037,304212,50
25038,304262,50
25039,304312,50
25040,304362,50
25041,304412,50
25042,304462,50
25043,304512,50
25044,304562,50
25045,304612,50
25046,304662,50
25047,304712,50
25048,304762,50
25049,304812,50
25050,304862,50
25051,304912,50
25052,304962,50
25053,305012,50
25054,305062,50
25055,305112,50
25056,305162,50
25057,305212,50
25058,305262,50
25059,305312,50
25060,305362,50
25061,305412,50
25062,305462,50
25063,305512,50
25064,305562,50
25065,305612,50
25066,305662,50
25067,305712,50
25068,305762,50
25069,305812,50
25070,305862,50
25071,305912,50
25072,305962,50
25073,306012,50
25074,306062,50
25075,306112,50
25076,306162,50
25077,306212,50
25078,306262,50
25079,306312,50
25080,306362,50
25081,306412,50
25082,306462,50
25083,306512,50
25084,306562,50
25085,306612,50
25086,306662,50
25087,306712,50
25088,306762,50
25089,306812,50
25090,306862,50
25091,306912,50
25092,306962,50
25093,307012,50
25094,307062,50
25095,307112,50
25096,307162,50
25097,307212,50
25098,307262,50
25099,307312,50
25100,307362,50
25101,307412,50
25102,307462,50
25103,307512,50
25104,307562,50
25105,307612,50
25106,307662,50
25107,307712,50
25108,307762,50
25109,307812,50
25110,307862,50
25111,307912,50
25112,307962,50
25113,308012,50
25114,308062,50
25115,308112,50
25116,308162,50
25117,308212,50
25118,308262,50
25119,308312,50
25120,308362,50
25121,308412,50
25122,308462,50
25123,308512,50
25124,308562,50
25125,308612,50
25126,308662,50
25127,308712,50
25128,308762,50
25129,308812,50
25130,308862,50
25131,308912,50
25132,308962,50
25133,309012,50
25134,309062,50
25135,309112,50
25136,309162,50
25137,309212,50
25138,309262,50
25139,309312,50
25140,309362,50
25141,309412,50
25142,309462,50
25143,309512,50
25144,309562,50
25145,309612,50
25146,309662,50
25147,309712,50
25148,309762,50
25149,309812,50
25150,309862,50
25151,309912,50
25152,309962,50
25153,310012,50
25154,310062,50
25155,310112,50
25156,310162,50
25157,310212,50
25158,310262,50
25159,310312,50
25160,310362,50
25161,310412,50
25162,310462,50
25163,310512,50
25164,310562,50
25165,310612,50
25166,310662,50
25167,310712,50
25168,310762,50
25169,310812,50
25170,310862,50
25171,310912,50
25172,310962,50
25173,311012,50
25174,311062,50
25175,311112,50
25176,311162,50
25177,311212,50
25178,311262,50
25179,311312,50
25180,311362,50
25181,311412,50
25182,311462,50
25183,311512,50
25184,311562,50
25185,311612,50
25186,311662,50
25187,311712,50
25188,311762,50
25189,311812,50
25190,311862,50
25191,311912,50
25192,311962,50
25193,312012,50
25194,312062,50
25195,312112,50
25196,312162,50
25197,312212,50
25198,312262,50
25199,312312,50
25200,312362,50
25201,312412,50
25202,312462,50
25203,312512,50
25204,312562,50
25205,312612,50
25206,312662,50
25207,312712,50
25208,312762,50
25209,312812,50
25210,312862,50
25211,312912,50
25212,312962,50
25213,313012,50
25214,313062,50
25215,313112,50
25216,313162,50
25217,313212,50
25218,313262,50
25219,313312,50
25220,313362,50
25221,313412,50
25222,313462,50
25223,313512,50
25224,313562,50
25225,313612,50
25226,313662,50
25227,313712,50
25228,313762,50
25229,313812,50
25230,313862,50
25231,313912,50
25232,313962,50
25233,314012,50
25234,314062,50
25235,314112,50
25236,314162,50
25237,314212,50
25238,314262,50
25239,314312,50
25240,314362,50
25241,314412,50
25242,314462,50
25243,314512,50
25244,314562,50
25245,314612,50
25246,314662,50
25247,314712,50
25248,314762,50
25249,314812,50
25250,314862,50
25251,314912,50
25252,314962,50
25253,315012,50
25254,315062,50
25255,315112,50
25256,315162,50
25257,315212,50
25258,315262,50
25259,315312,50
25260,315362,50
25261,315412,50
25262,315462,50
25263,315512,50
25264,315562,50
25265,315612,50
25266,315662,50
25267,315712,50
25268,315762,50
25269,315812,50
25270,315862,50
25271,315912,50
25272,315962,50
25273,316012,50
25274,316062,50
25275,316112,50
25276,316162,50
25277,316212,50
25278,316262,50
25279,316312,50
25280,316362,50
25281,316412,50
25282,316462,50
25283,316512,50
25284,316562,50
25285,316612,50
25286,316662,50
25287,316712,50
25288,316762,50
25289,316812,50
25290,316862,50
25291,316912,50
25292,316962,50
25293,317012,50
25294,317062,50
25295,317112,50
25296,317162,50
25297,317212,50
25298,317262,50
25299,317312,50
25300,317362,50
25301,317412,50
25302,317462,50
25303,317512,50
25304,317562,50
25305,317612,50
25306,317662,50
25307,317712,50
25308,317762,50
25309,317812,50
25310,317862,50
25311,317912,50
25312,317962,50
25313,318012,50
25314,318062,50
25315,318112,50
25316,318162,50
25317,318212,50
25318,318262,50
25319,318312,50
25320,318362,50
25321,318412,50
25322,318462,50
25323,318512,50
25324,318562,50
25325,318612,50
25326,318662,50
25327,318712,50
25328,318762,50
25329,318812,50
25330,318862,50
25331,318912,50
25332,318962,50
25333,319012,50
25334,319062,50
25335,319112,50
25336,319162,50
25337,319212,50
25338,319262,50
25339,319312,50
25340,319362,50
25341,319412,50
25342,319462,50
25343,319512,50
25344,319562,50
25345,319612,50
25346,319662,50
25347,319712,50
25348,319762,50
25349,319812,50
25350,319862,50
25351,319912,50
25352,319962,50
25353,320012,50
25354,320062,50
25355,320112,50
25356,320162,50
25357,320212,50
25358,320262,50
25359,320312,50
25360,320362,50
25361,320412,50
25362,320462,50
25363,320512,50
25364,320562,50
25365,320612,50
25366,320662,50
25367,320712,50
25368,320762,50
25369,320812,50
25370,320862,50
25371,320912,50
25372,320962,50
25373,321012,50
25374,321062,50
25375,321112,50
25376,321162,50
25377,321212,50
25378,321262,50
25379,321312,50
25380,321362,50
25381,321412,50
25382,321462,50
25383,321512,50
25384,321562,50
25385,321612,50
25386,321662,50
25387,321712,50
25388,321762,50
25389,321812,50
25390,321862,50
25391,321912,50
25392,321962,50
25393,322012,50
25394,322062,50
25395,322112,50
25396,322162,50
25397,322212,50
25398,322262,50
25399,322312,50
25400,322362,50
25401,322412,50
25402,322462,50
25403,322512,50
25404,322562,50
25405,322612,50
25406,322662,50
25407,322712,50
25408,322762,50
25409,322812,50
25410,322862,50
25411,322912,50
25412,322962,50
25413,323012,50
25414,323062,50
25415,323112,50
25416,323162,50
25417,323212,50
25418,323262,50
25419,323312,50
25420,323362,50
25421,323412,50
25422,323462,50
25423,323512,50
25424,323562,50
25425,323612,50
25426,323662,50
25427,323712,50
25428,323762,50
25429,323812,50
25430,323862,50
25431,323912,50
25432,323962,50
25433,324012,50
25434,324062,50
25435,324112,50
25436,324162,50
25437,324212,50
25438,324262,50
25439,324312,50
25440,324362,50
25441,324412,50
25442,324462,50
25443,324512,50
25444,324562,50
25445,324612,50
25446,324662,50
25447,324712,50
25448,324762,50
25449,324812,50
25450,324862,50
25451,324912,50
25452,324962,50
25453,325012,50
25454,325062,50
25455,325112,50
25456,325162,50
25457,325212,50
25458,325262,50
25459,325312,50
25460,325362,50
25461,325412,50
25462,325462,50
25463,325512,50
25464,325562,50
25465,325612,50
25466,325662,50
25467,325712,50
25468,325762,50
25469,325812,50
25470,325862,50
25471,325912,50
25472,325962,50
25473,326012,50
25474,326062,50
25475,326112,50
25476,326162,50
25477,326212,50
25478,326262,50
25479,326312,50
25480,326362,50
25481,326412,50
25482,326462,50
25483,326512,50
25484,326562,50
25485,326612,50
25486,326662,50
25487,326712,50
25488,326762,50
25489,326812,50
25490,326862,50
25491,326912,50
25492,326962,50
25493,327012,50
25494,327062,50
25495,327112,50
25496,327162,50
25497,327212,50
25498,327262,50
25499,327312,51
25500,327363,50
25501,327413,50
25502,327463,50
25503,327513,50
25504,327563,50
25505,327613,50
25506,327663,50
25507,327713,50
25508,327763,50
25509,327813,50
25510,327863,50
25511,327913,50
25512,327963,50
25513,328013,50
25514,328063,50
25515,328113,50
25516,328163,50
25517,328213,50
25518,328263,50
25519,328313,50
25520,328363,50
25521,328413,50
25522,328463,50
25523,328513,50
25524,328563,50
25525,328613,50
25526,328663,50
25527,328713,50
25528,328763,50
25529,328813,50
25530,328863,50
25531,328913,50
25532,328963,50
25533,329013,50
25534,329063,50
25535,329113,50
25536,329163,50
25537,329213,50
25538,329263,50
25539,329313,50
25540,329363,50
25541,329413,50
25542,329463,50
25543,329513,50
25544,329563,50
25545,329613,50
25546,329663,50
25547,329713,50
25548,329763,50
25549,329813,50
25550,329863,50
25551,329913,50
25552,329963,50
25553,330013,50
25554,330063,50
25555,330113,50
25556,330163,50
25557,330213,50
25558,330263,50
25559,330313,50
25560,330363,50
25561,330413,50
25562,330463,50
25563,330513,50
25564,330563,50
25565,330613,50
25566,330663,50
25567,330713,50
25568,330763,50
25569,330813,50
25570,330863,50
25571,330913,50
25572,330963,50
25573,331013,50
25574,331063,50
25575,331113,50
25576,331163,50
25577,331213,50
25578,331263,50
25579,331313,50
25580,331363,50
25581,331413,50
25582,331463,50
25583,331513,50
25584,331563,50
25585,331613,50
25586,331663,50
25587,331713,50
25588,331763,50
25589,331813,50
25590,331863,50
25591,331913,50
25592,331963,50
25593,332013,50
25594,332063,50
25595,332113,50
25596,332163,50
25597,332213,50
25598,332263,50
25599,332313,50
25600,332363,50
25601,332413,50
25602,332463,50
25603,332513,50
25604,332563,50
25605,332613,50
25606,332663,50
25607,332713,50
25608,332763,50
25609,332813,50
25610,332863,50
25611,332913,50
25612,332963,50
25613,333013,50
25614,333063,50
25615,333113,50
25616,333163,50
25617,333213,50
25618,333263,50
25619,333313,50
25620,333363,50
25621,333413,50
25622,333463,50
25623,333513,50
25624,333563,50
25625,333613,50
25626,333663,50
25627,333713,50
25628,333763,50
25629,333813,50
25630,333863,50
25631,333913,50
25632,333963,50
25633,334013,50
25634,334063,50
25635,334113,50
25636,334163,50
25637,334213,50
25638,334263,50
25639,334313,50
25640,334363,50
25641,334413,50
25642,334463,50
25643,334513,50
25644,334563,50
25645,334613,50
25646,334663,50
25647,334713,50
25648,334763,50
25649,334813,50
25650,334863,50
25651,334913,50
25652,334963,50
25653,335013,50
25654,335063,50
25655,335113,50
25656,335163,50
25657,335213,50
25658,335263,50
25659,335313,50
25660,335363,50
25661,335413,50
25662,335463,50
25663,335513,50
25664,335563,50
25665,335613,50
25666,335663,50
25667,335713,50
25668,335763,50
25669,335813,50
25670,335863,50
25671,335913,50
25672,335963,50
25673,336013,50
25674,336063,50
25675,336113,50
25676,336163,50
25677,336213,50
25678,336263,50
25679,336313,50
25680,336363,50
25681,336413,50
25682,336463,50
25683,336513,50
25684,336563,50
25685,336613,50
25686,336663,50
25687,336713,50
25688,336763,50
25689,336813,50
25690,336863,50
25691,336913,50
25692,336963,50
25693,337013,50
25694,337063,50
25695,337113,50
25696,337163,50
25697,337213,50
25698,337263,50
25699,337313,50
25700,337363,50
25701,337413,50
25702,337463,50
25703,337513,50
25704,337563,50
25705,337613,50
25706,337663,50
25707,337713,50
25708,337763,50
25709,337813,50
25710,337863,50
25711,337913,50
25712,337963,50
25713,338013,50
25714,338063,50
25715,338113,50
25716,338163,50
25717,338213,50
25718,338263,50
25719,338313,50
25720,338363,50
25721,338413,50
25722,338463,50
25723,338513,50
25724,338563,50
25725,338613,50
25726,338663,50
25727,338713,50
25728,338763,50
25729,338813,50
25730,338863,50
25731,338913,50
25732,338963,50
25733,339013,50
25734,339063,50
25735,339113,50
25736,339163,50
25737,339213,50
25738,339263,50
25739,339313,50
25740,339363,50
25741,339413,50
25742,339463,50
25743,339513,50
25744,339563,50
25745,339613,50
25746,339663,50
25747,339713,50
25748,339763,50
25749,339813,50
25750,339863,50
25751,339913,50
25752,339963,50
25753,340013,50
25754,340063,50
25755,340113,50
25756,340163,50
25757,340213,50
25758,340263,50
25759,340313,50
25760,340363,50
25761,340413,50
25762,340463,50
25763,340513,50
25764,340563,50
25765,340613,50
25766,340663,50
25767,340713,50
25768,340763,50
25769,340813,50
25770,340863,50
25771,340913,50
25772,340963,50
25773,341013,50
25774,341063,50
25775,341113,50
25776,341163,50
25777,341213,50
25778,341263,50
25779,341313,50
25780,341363,50
25781,341413,50
25782,341463,50
25783,341513,50
25784,341563,50
25785,341613,50
25786,341663,50
25787,341713,50
25788,341763,50
25789,341813,50
25790,341863,50
25791,341913,50
25792,341963,50
25793,342013,50
25794,342063,50
25795,342113,50
25796,342163,50
25797,342213,50
25798,342263,50
25799,342313,50
25800,342363,50
25801,342413,50
25802,342463,50
25803,342513,50
25804,342563,50
25805,342613,50
25806,342663,50
25807,342713,50
25808,342763,50
25809,342813,50
25810,342863,50
25811,342913,50
25812,342963,50
25813,343013,50
25814,343063,50
25815,343113,50
25816,343163,50
25817,343213,50
25818,343263,50
25819,343313,50
25820,343363,50
25821,343413,50
25822,343463,50
25823,343513,50
25824,343563,50
25825,343613,50
25826,343663,50
25827,343713,50
25828,343763,50
25829,343813,50
25830,343863,50
25831,343913,50
25832,343963,50
25833,344013,50
25834,344063,50
25835,344113,50
25836,344163,50
25837,344213,50
25838,344263,50
25839,344313,50
25840,344363,50
25841,344413,50
25842,344463,50
25843,344513,50
25844,344563,50
25845,344613,50
25846,344663,50
25847,344713,50
25848,344763,50
25849,344813,50
25850,344863,50
25851,344913,50
25852,344963,50
25853,345013,50
25854,345063,50
25855,345113,50
25856,345163,50
25857,345213,50
25858,345263,50
25859,345313,50
25860,345363,50
25861,345413,50
25862,345463,50
25863,345513,50
25864,345563,50
25865,345613,50
25866,345663,50
25867,345713,50
25868,345763,50
25869,345813,50
25870,345863,50
25871,345913,50
25872,345963,50
25873,346013,50
25874,346063,50
25875,346113,50
25876,346163,50
25877,346213,50
25878,346263,50
25879,346313,50
25880,346363,50
25881,346413,50
25882,346463,50
25883,346513,50
25884,346563,50
25885,346613,50
25886,346663,50
25887,346713,50
25888,346763,50
25889,346813,50
25890,346863,50
25891,346913,50
25892,346963,50
25893,347013,50
25894,347063,50
25895,347113,50
25896,347163,50
25897,347213,50
25898,347263,50
25899,347313,50
25900,347363,50
25901,347413,50
25902,347463,50
25903,347513,50
25904,347563,50
25905,347613,50
25906,347663,50
25907,347713,50
25908,347763,50
25909,347813,50
25910,347863,50
25911,347913,50
25912,347963,50
25913,348013,50
25914,348063,50
25915,348113,50
25916,348163,50
25917,348213,50
25918,348263,50
25919,348313,50
25920,348363,50
25921,348413,50
25922,348463,50
25923,348513,50
25924,348563,50
25925,348613,50
25926,348663,50
25927,348713,50
25928,348763,50
25929,348813,50
25930,348863,50
25931,348913,50
25932,348963,50
25933,349013,50
25934,349063,50
25935,349113,50
25936,349163,50
25937,349213,50
25938,349263,50
25939,349313,50
25940,349363,50
25941,349413,50
25942,349463,50
25943,349513,50
25944,349563,50
25945,349613,50
25946,349663,50
25947,349713,50
25948,349763,50
25949,349813,50
25950,349863,50
25951,349913,50
25952,349963,50
25953,350013,50
25954,350063,50
25955,350113,50
25956,350163,50
25957,350213,50
25958,350263,50
25959,350313,50
25960,350363,50
25961,350413,50
25962,350463,50
25963,350513,50
25964,350563,50
25965,350613,50
25966,350663,50
25967,350713,50
25968,350763,50
25969,350813,50
25970,350863,50
25971,350913,50
25972,350963,50
25973,351013,50
25974,351063,50
25975,351113,50
25976,351163,50
25977,351213,50
25978,351263,50
25979,351313,50
25980,351363,50
25981,351413,50
25982,351463,50
25983,351513,50
25984,351563,50
25985,351613,50
25986,351663,50
25987,351713,50
25988,351763,50
25989,351813,50
25990,351863,50
25991,351913,50
25992,351963,50
25993,352013,50
25994,352063,50
25995,352113,50
25996,352163,50
25997,352213,50
25998,352263,50
25999,352313,50
26000,352363,50
26001,352413,50
26002,352463,50
26003,352513,50
26004,352563,50
26005,352613,50
26006,352663,50
26007,352713,50
26008,352763,50
26009,352813,50
26010,352863,50
26011,352913,50
26012,352963,50
26013,353013,50
26014,353063,50
26015,353113,50
26016,353163,50
26017,353213,50
26018,353263,50
26019,353313,50
26020,353363,50
26021,353413,50
26022,353463,50
26023,353513,50
26024,353563,50
26025,353613,50
26026,353663,50
26027,353713,50
26028,353763,50
26029,353813,50
26030,353863,50
26031,353913,50
26032,353963,50
26033,354013,50
26034,354063,50
26035,354113,50
26036,354163,50
26037,354213,50
26038,354263,50
26039,354313,50
26040,354363,50
26041,354413,50
26042,354463,50
26043,354513,50
26044,354563,50
26045,354613,50
26046,354663,50
26047,354713,50
26048,354763,50
26049,354813,50
26050,354863,50
26051,354913,50
26052,354963,50
26053,355013,50
26054,355063,50
26055,355113,50
26056,355163,50
26057,355213,50
26058,355263,50
26059,355313,50
26060,355363,50
26061,355413,50
26062,355463,50
26063,355513,50
26064,355563,50
26065,355613,50
26066,355663,50
26067,355713,50
26068,355763,50
26069,355813,50
26070,355863,50
26071,355913,50
26072,355963,50
26073,356013,50
26074,356063,50
26075,356113,50
26076,356163,50
26077,356213,50
26078,356263,50
26079,356313,50
26080,356363,50
26081,356413,50
26082,356463,50
26083,356513,50
26084,356563,50
26085,356613,50
26086,356663,50
26087,356713,50
26088,356763,50
26089,356813,50
26090,356863,50
26091,356913,50
26092,356963,50
26093,357013,50
26094,357063,50
26095,357113,50
26096,357163,50
26097,357213,50
26098,357263,50
26099,357313,50
26100,357363,51
26101,357414,50
26102,357464,50
26103,357514,50
26104,357564,50
26105,357614,50
26106,357664,50
26107,357714,50
26108,357764,50
26109,357814,50
26110,357864,50
26111,357914,50
26112,357964,50
26113,358014,50
26114,358064,50
26115,358114,50
26116,358164,50
26117,358214,50
26118,358264,50
26119,358314,50
26120,358364,50
26121,358414,50
26122,358464,50
26123,358514,50
26124,358564,50
26125,358614,50
26126,358664,50
26127,358714,50
26128,358764,50
26129,358814,50
26130,358864,50
26131,358914,50
26132,358964,50
26133,359014,50
26134,359064,50
26135,359114,50
26136,359164,50
26137,359214,50
26138,359264,50
26139,359314,50
26140,359364,50
26141,359414,50
26142,359464,50
26143,359514,50
26144,359564,50
26145,359614,50
26146,359664,50
26147,359714,50
26148,359764,50
26149,359814,50
26150,359864,50
26151,359914,50
26152,359964,50
26153,360014,50
26154,360064,50
26155,360114,50
26156,360164,50
26157,360214,50
26158,360264,50
26159,360314,50
26160,360364,50
26161,360414,50
26162,360464,50
26163,360514,50
26164,360564,50
26165,360614,50
26166,360664,50
26167,360714,50
26168,360764,50
26169,360814,50
26170,360864,50
26171,360914,50
26172,360964,50
26173,361014,50
26174,361064,50
26175,361114,50
26176,361164,50
26177,361214,50
26178,361264,50
26179,361314,50
26180,361364,50
26181,361414,50
26182,361464,50
26183,361514,50
26184,361564,50
26185,361614,50
26186,361664,50
26187,361714,50
26188,361764,50
26189,361814,50
26190,361864,50
26191,361914,50
26192,361964,50
26193,362014,50
26194,362064,50
26195,362114,50
26196,362164,50
26197,362214,50
26198,362264,50
26199,362314,50
26200,362364,50
26201,362414,50
26202,362464,50
26203,362514,50
26204,362564,50
26205,362614,50
26206,362664,50
26207,362714,50
26208,362764,50
26209,362814,50
26210,362864,50
26211,362914,50
26212,362964,50
26213,363014,50
26214,363064,50
26215,363114,50
26216,363164,50
26217,363214,50
26218,363264,50
26219,363314,50
26220,363364,50
26221,363414,50
26222,363464,50
26223,363514,50
26224,363564,50
26225,363614,50
26226,363664,50
26227,363714,50
26228,363764,50
26229,363814,50
26230,363864,50
26231,363914,50
26232,363964,50
26233,364014,50
26234,364064,50
26235,364114,50
26236,364164,50
26237,364214,50
26238,364264,50
26239,364314,50
26240,364364,50
26241,364414,50
26242,364464,50
26243,364514,50
26244,364564,50
26245,364614,50
26246,364664,50
26247,364714,50
26248,364764,50
26249,364814,50
26250,364864,50
26251,364914,50
26252,364964,50
26253,365014,50
26254,365064,50
26255,365114,50
26256,365164,50
26257,365214,50
26258,365264,50
26259,365314,50
26260,365364,50
26261,365414,50
26262,365464,50
26263,365514,50
26264,365564,50
26265,365614,50
26266,365664,50
26267,365714,50
26268,365764,50
26269,365814,50
26270,365864,50
26271,365914,50
26272,365964,50
26273,366014,50
26274,366064,50
26275,366114,50
26276,366164,50
26277,366214,50
26278,366264,50
26279,366314,50
26280,366364,50
26281,366414,50
26282,366464,50
26283,366514,50
26284,366564,50
26285,366614,50
26286,366664,50
26287,366714,50
26288,366764,50
26289,366814,50
26290,366864,50
26291,366914,50
26292,366964,50
26293,367014,50
26294,367064,50
26295,367114,50
26296,367164,50
26297,367214,50
26298,367264,50
26299,367314,50
26300,367364,50
26301,367414,50
26302,367464,50
26303,367514,50
26304,367564,50
26305,367614,50
26306,367664,50
26307,367714,50
26308,367764,50
26309,367814,50
26310,367864,50
26311,367914,50
26312,367964,50
26313,368014,50
26314,368064,50
26315,368114,50
26316,368164,50
26317,368214,50
26318,368264,50
26319,368314,50
26320,368364,50
26321,368414,50
26322,368464,50
26323,368514,50
26324,368564,50
26325,368614,50
26326,368664,50
26327,368714,50
26328,368764,50
26329,368814,50
26330,368864,50
26331,368914,50
26332,368964,50
26333,369014,50
26334,369064,50
26335,369114,50
26336,369164,50
26337,369214,50
26338,369264,50
26339,369314,50
26340,369364,50
26341,369414,50
26342,369464,50
26343,369514,50
26344,369564,50
26345,369614,50
26346,369664,50
26347,369714,50
26348,369764,50
26349,369814,50
26350,369864,50
26351,369914,50
26352,369964,50
26353,370014,50
26354,370064,50
26355,370114,50
26356,370164,50
26357,370214,50
26358,370264,50
26359,370314,50
26360,370364,50
26361,370414,50
26362,370464,50
26363,370514,50
26364,370564,50
26365,370614,50
26366,370664,50
26367,370714,50
26368,370764,50
26369,370814,50
26370,370864,50
26371,370914,50
26372,370964,50
26373,371014,50
26374,371064,50
26375,371114,50
26376,371164,50
26377,371214,50
26378,371264,50
26379,371314,50
26380,371364,50
26381,371414,50
26382,371464,50
26383,371514,50
26384,371564,50
26385,371614,50
26386,371664,50
26387,371714,50
26388,371764,50
26389,371814,50
26390,371864,50
26391,371914,50
26392,371964,50
26393,372014,50
26394,372064,50
26395,372114,50
26396,372164,50
26397,372214,50
26398,372264,50
26399,372314,50
26400,372364,50
26401,372414,50
26402,372464,50
26403,372514,50
26404,372564,50
26405,372614,50
26406,372664,50
26407,372714,50
26408,372764,50
26409,372814,50
26410,372864,50
26411,372914,50
26412,372964,50
26413,373014,50
26414,373064,50
26415,373114,50
26416,373164,50
26417,373214,50
26418,373264,50
26419,373314,50
26420,373364,50
26421,373414,50
26422,373464,50
26423,373514,50
26424,373564,50
26425,373614,50
26426,373664,50
26427,373714,50
26428,373764,50
26429,373814,50
26430,373864,50
26431,373914,50
26432,373964,50
26433,374014,50
26434,374064,50
26435,374114,50
26436,374164,50
26437,374214,50
26438,374264,50
26439,374314,50
26440,374364,50
26441,374414,50
26442,374464,50
26443,374514,50
26444,374564,50
26445,374614,50
26446,374664,50
26447,374714,50
26448,374764,50
26449,374814,50
26450,374864,50
26451,374914,50
26452,374964,50
26453,375014,50
26454,375064,50
26455,375114,50
26456,375164,50
26457,375214,50
26458,375264,50
26459,375314,50
26460,375364,50
26461,375414,50
26462,375464,50
26463,375514,50
26464,375564,50
26465,375614,50
26466,375664,50
26467,375714,50
26468,375764,50
26469,375814,50
26470,375864,50
26471,375914,50
26472,375964,50
26473,376014,50
26474,376064,50
26475,376114,50
26476,376164,50
26477,376214,50
26478,376264,50
26479,376314,50
26480,376364,50
26481,376414,50
26482,376464,50
26483,376514,50
26484,376564,50
26485,376614,50
26486,376664,50
26487,376714,50
26488,376764,50
26489,376814,50
26490,376864,50
26491,376914,50
26492,376964,50
26493,377014,50
26494,377064,50
26495,377114,50
26496,377164,50
26497,377214,50
26498,377264,50
26499,377314,50
26500,377364,50
26501,377414,50
26502,377464,50
26503,377514,50
26504,377564,50
26505,377614,50
26506,377664,50
26507,377714,50
26508,377764,50
26509,377814,50
26510,377864,50
26511,377914,50
26512,377964,50
26513,378014,50
26514,378064,50
26515,378114,50
26516,378164,50
26517,378214,50
26518,378264,50
26519,378314,50
26520,378364,50
26521,378414,50
26522,378464,50
26523,378514,50
26524,378564,50
26525,378614,50
26526,378664,50
26527,378714,50
26528,378764,50
26529,378814,50
26530,378864,50
26531,378914,50
26532,378964,50
26533,379014,50
26534,379064,50
26535,379114,50
26536,379164,50
26537,379214,50
26538,379264,50
26539,379314,50
26540,379364,50
26541,379414,50
26542,379464,50
26543,379514,50
26544,379564,50
26545,379614,50
26546,379664,50
26547,379714,50
26548,379764,50
26549,379814,50
26550,379864,50
26551,379914,50
26552,379964,50
26553,380014,50
26554,380064,50
26555,380114,50
26556,380164,50
26557,380214,50
26558,380264,50
26559,380314,50
26560,380364,50
26561,380414,50
26562,380464,50
26563,380514,50
26564,380564,50
26565,380614,50
26566,380664,50
26567,380714,50
26568,380764,50
26569,380814,50
26570,380864,50
26571,380914,50
26572,380964,50
26573,381014,50
26574,381064,50
26575,381114,50
26576,381164,50
26577,381214,50
26578,381264,50
26579,381314,50
26580,381364,50
26581,381414,50
26582,381464,50
26583,381514,50
26584,381564,50
26585,381614,50
26586,381664,50
26587,381714,50
26588,381764,50
26589,381814,50
26590,381864,50
26591,381914,50
26592,381964,50
26593,382014,50
26594,382064,50
26595,382114,50
26596,382164,50
26597,382214,50
26598,382264,50
26599,382314,50
26600,382364,50
26601,382414,50
26602,382464,50
26603,382514,50
26604,382564,50
26605,382614,50
26606,382664,50
26607,382714,50
26608,382764,50
26609,382814,50
26610,382864,50
26611,382914,50
26612,382964,50
26613,383014,50
26614,383064,50
26615,383114,50
26616,383164,50
26617,383214,50
26618,383264,50
26619,383314,50
26620,383364,50
26621,383414,50
26622,383464,50
26623,383514,50
26624,383564,50
26625,383614,50
26626,383664,50
26627,383714,50
26628,383764,50
26629,383814,50
26630,383864,50
26631,383914,50
26632,383964,50
26633,384014,50
26634,384064,50
26635,384114,50
26636,384164,50
26637,384214,50
26638,384264,50
26639,384314,50
26640,384364,50
26641,384414,50
26642,384464,50
26643,384514,50
26644,384564,50
26645,384614,50
26646,384664,50
26647,384714,50
26648,384764,50
26649,384814,50
26650,384864,50
26651,384914,50
26652,384964,50
26653,385014,50
26654,385064,50
26655,385114,50
26656,385164,50
26657,385214,50
26658,385264,50
26659,385314,50
26660,385364,50
26661,385414,50
26662,385464,50
26663,385514,50
26664,385564,50
26665,385614,50
26666,385664,50
26667,385714,50
26668,385764,50
26669,385814,50
26670,385864,50
26671,385914,50
26672,385964,50
26673,386014,50
26674,386064,50
26675,386114,50
26676,386164,50
26677,386214,50
26678,386264,50
26679,386314,50
26680,386364,50
26681,386414,50
26682,386464,50
26683,386514,50
26684,386564,50
26685,386614,50
26686,386664,50
26687,386714,50
26688,386764,50
26689,386814,50
26690,386864,50
26691,386914,50
26692,386964,50
26693,387014,50
26694,387064,50
26695,387114,50
26696,387164,50
26697,387214,50
26698,387264,50
26699,387314,50
26700,387364,50
26701,387414,50
26702,387464,50
26703,387514,50
26704,387564,50
26705,387614,50
26706,387664,50
26707,387714,50
26708,387764,51
26709,387815,50
26710,387865,50
26711,387915,50
26712,387965,50
26713,388015,50
26714,388065,50
26715,388115,50
26716,388165,50
26717,388215,50
26718,388265,50
26719,388315,50
26720,388365,50
26721,388415,50
26722,388465,50
26723,388515,50
26724,388565,50
26725,388615,50
26726,388665,50
26727,388715,50
26728,388765,50
26729,388815,50
26730,388865,50
26731,388915,50
26732,388965,50
26733,389015,50
26734,389065,50
26735,389115,50
26736,389165,50
26737,389215,50
26738,389265,50
26739,389315,50
26740,389365,50
26741,389415,50
26742,389465,50
26743,389515,50
26744,389565,50
26745,389615,50
26746,389665,50
26747,389715,50
26748,389765,50
26749,389815,50
26750,389865,50
26751,389915,50
26752,389965,50
26753,390015,50
26754,390065,50
26755,390115,50
26756,390165,50
26757,390215,50
26758,390265,50
26759,390315,50
26760,390365,50
26761,390415,50
26762,390465,50
26763,390515,50
26764,390565,50
26765,390615,50
26766,390665,50
26767,390715,50
26768,390765,50
26769,390815,50
26770,390865,50
26771,390915,50
26772,390965,50
26773,391015,50
26774,391065,50
26775,391115,50
26776,391165,50
26777,391215,50
26778,391265,50
26779,391315,50
26780,391365,50
26781,391415,50
26782,391465,50
26783,391515,50
26784,391565,50
26785,391615,50
26786,391665,50
26787,391715,50
26788,391765,50
26789,391815,50
26790,391865,50
26791,391915,50
26792,391965,50
26793,392015,50
26794,392065,50
26795,392115,50
26796,392165,50
26797,392215,50
26798,392265,50
26799,392315,50
26800,392365,50
26801,392415,50
26802,392465,50
26803,392515,50
26804,392565,50
26805,392615,50
26806,392665,50
26807,392715,50
26808,392765,50
26809,392815,50
26810,392865,50
26811,392915,50
26812,392965,50
26813,393015,50
26814,393065,50
26815,393115,50
26816,393165,50
26817,393215,50
26818,393265,50
26819,393315,50
26820,393365,50
26821,393415,50
26822,393465,50
26823,393515,50
26824,393565,50
26825,393615,50
26826,393665,50
26827,393715,50
26828,393765,50
26829,393815,50
26830,393865,50
26831,393915,50
26832,393965,50
26833,394015,50
26834,394065,50
26835,394115,50
26836,394165,50
26837,394215,50
26838,394265,50
26839,394315,50
26840,394365,50
26841,394415,50
26842,394465,50
26843,394515,50
26844,394565,50
26845,394615,50
26846,394665,50
26847,394715,50
26848,394765,50
26849,394815,50
26850,394865,50
26851,394915,50
26852,394965,50
26853,395015,50
26854,395065,50
26855,395115,50
26856,395165,50
26857,395215,50
26858,395265,50
26859,395315,50
26860,395365,50
26861,395415,50
26862,395465,50
26863,395515,50
26864,395565,50
26865,395615,50
26866,395665,50
26867,395715,50
26868,395765,50
26869,395815,50
26870,395865,50
26871,395915,50
26872,395965,50
26873,396015,50
26874,396065,50
26875,396115,50
26876,396165,50
26877,396215,50
26878,396265,50
26879,396315,50
26880,396365,50
26881,396415,50
26882,396465,50
26883,396515,50
26884,396565,50
26885,396615,50
26886,396665,50
26887,396715,50
26888,396765,50
26889,396815,50
26890,396865,50
26891,396915,50
26892,396965,50
26893,397015,50
26894,397065,50
26895,397115,50
26896,397165,50
26897,397215,50
26898,397265,50
26899,397315,50
26900,397365,50
26901,397415,50
26902,397465,50
26903,397515,50
26904,397565,50
26905,397615,50
26906,397665,50
26907,397715,50
26908,397765,50
26909,397815,50
26910,397865,50
26911,397915,50
26912,397965,50
26913,398015,50
26914,398065,50
26915,398115,50
26916,398165,50
26917,398215,50
26918,398265,50
26919,398315,50
26920,398365,50
26921,398415,50
26922,398465,50
26923,398515,50
26924,398565,50
26925,398615,50
26926,398665,50
26927,398715,50
26928,398765,50
26929,398815,50
26930,398865,50
26931,398915,50
26932,398965,50
26933,399015,50
26934,399065,50
26935,399115,50
26936,399165,50
26937,399215,50
26938,399265,50
26939,399315,50
26940,399365,50
26941,399415,50
26942,399465,50
26943,399515,50
26944,399565,50
26945,399615,50
26946,399665,50
26947,399715,50
26948,399765,50
26949,399815,50
26950,399865,50
26951,399915,50
26952,399965,50
26953,400015,50
26954,400065,50
26955,400115,50
26956,400165,50
26957,400215,50
26958,400265,50
26959,400315,50
26960,400365,50
26961,400415,50
26962,400465,50
26963,400515,50
26964,400565,50
26965,400615,50
26966,400665,50
26967,400715,50
26968,400765,50
26969,400815,50
26970,400865,50
26971,400915,50
26972,400965,50
26973,401015,50
26974,401065,50
26975,401115,50
26976,401165,50
26977,401215,50
26978,401265,50
26979,401315,50
26980,401365,50
26981,401415,50
26982,401465,50
26983,401515,50
26984,401565,50
26985,401615,50
26986,401665,50
26987,401715,50
26988,401765,50
26989,401815,50
26990,401865,50
26991,401915,50
26992,401965,50
26993,402015,50
26994,402065,50
26995,402115,50
26996,402165,50
26997,402215,50
26998,402265,50
26999,402315,50
27000,402365,50
27001,402415,50
27002,402465,50
27003,402515,50
27004,402565,50
27005,402615,50
27006,402665,50
27007,402715,50
27008,402765,50
27009,402815,50
27010,402865,50
27011,402915,50
27012,402965,50
27013,403015,50
27014,403065,50
27015,403115,50
27016,403165,50
27017,403215,50
27018,403265,50
27019,403315,50
27020,403365,50
27021,403415,50
27022,403465,50
27023,403515,50
27024,403565,50
27025,403615,50
27026,403665,50
27027,403715,50
27028,403765,50
27029,403815,50
27030,403865,50
27031,403915,50
27032,403965,50
27033,404015,50
27034,404065,50
27035,404115,50
27036,404165,50
27037,404215,50
27038,404265,50
27039,404315,50
27040,404365,50
27041,404415,50
27042,404465,50
27043,404515,50
27044,404565,50
27045,404615,50
27046,404665,50
27047,404715,50
27048,404765,50
27049,404815,50
27050,404865,50
27051,404915,50
27052,404965,50
27053,405015,50
27054,405065,50
27055,405115,50
27056,405165,50
27057,405215,50
27058,405265,50
27059,405315,50
27060,405365,50
27061,405415,50
27062,405465,50
27063,405515,50
27064,405565,50
27065,405615,50
27066,405665,50
27067,405715,50
27068,405765,50
27069,405815,50
27070,405865,50
27071,405915,50
27072,405965,50
27073,406015,50
27074,406065,50
27075,406115,50
27076,406165,50
27077,406215,50
27078,406265,50
27079,406315,50
27080,406365,50
27081,406415,50
27082,406465,50
27083,406515,50
27084,406565,50
27085,406615,50
27086,406665,50
27087,406715,50
27088,406765,50
27089,406815,50
27090,406865,50
27091,406915,50
27092,406965,50
27093,407015,50
27094,407065,50
27095,407115,50
27096,407165,50
27097,407215,50
27098,407265,50
27099,407315,50
27100,407365,50
27101,407415,50
27102,407465,50
27103,407515,50
27104,407565,50
27105,407615,50
27106,407665,50
27107,407715,50
27108,407765,50
27109,407815,50
27110,407865,50
27111,407915,50
27112,407965,50
27113,408015,50
27114,408065,50
27115,408115,50
27116,408165,50
27117,408215,50
27118,408265,50
27119,408315,50
27120,408365,50
27121,408415,50
27122,408465,50
27123,408515,50
27124,408565,50
27125,408615,50
27126,408665,50
27127,408715,50
27128,408765,50
27129,408815,50
27130,408865,50
27131,408915,50
27132,408965,50
27133,409015,50
27134,409065,50
27135,409115,50
27136,409165,50
27137,409215,50
27138,409265,50
27139,409315,50
27140,409365,50
27141,409415,50
27142,409465,50
27143,409515,50
27144,409565,50
27145,409615,50
27146,409665,50
27147,409715,50
27148,409765,50
27149,409815,50
27150,409865,50
27151,409915,50
27152,409965,50
27153,410015,50
27154,410065,50
27155,410115,50
27156,410165,50
27157,410215,50
27158,410265,50
27159,410315,50
27160,410365,50
27161,410415,50
27162,410465,50
27163,410515,50
27164,410565,50
27165,410615,50
27166,410665,50
27167,410715,50
27168,410765,50
27169,410815,50
27170,410865,50
27171,410915,50
27172,410965,50
27173,411015,50
27174,411065,50
27175,411115,50
27176,411165,50
27177,411215,50
27178,411265,50
27179,411315,50
27180,411365,50
27181,411415,50
27182,411465,50
27183,411515,50
27184,411565,50
27185,411615,50
27186,411665,50
27187,411715,50
27188,411765,50
27189,411815,50
27190,411865,50
27191,411915,50
27192,411965,50
27193,412015,50
27194,412065,50
27195,412115,50
27196,412165,50
27197,412215,50
27198,412265,50
27199,412315,50
27200,412365,50
27201,412415,50
27202,412465,50
27203,412515,50
27204,412565,50
27205,412615,50
27206,412665,50
27207,412715,50
27208,412765,50
27209,412815,50
27210,412865,50
27211,412915,50
27212,412965,50
27213,413015,50
27214,413065,50
27215,413115,50
27216,413165,50
27217,413215,50
27218,413265,50
27219,413315,50
27220,413365,50
27221,413415,50
27222,413465,50
27223,413515,50
27224,413565,50
27225,413615,50
27226,413665,50
27227,413715,50
27228,413765,50
27229,413815,50
27230,413865,50
27231,413915,50
27232,413965,50
27233,414015,50
27234,414065,50
27235,414115,50
27236,414165,50
27237,414215,50
27238,414265,50
27239,414315,50
27240,414365,50
27241,414415,50
27242,414465,50
27243,414515,50
27244,414565,50
27245,414615,50
27246,414665,51
27247,414716,50
27248,414766,50
27249,414816,50
27250,414866,50
27251,414916,50
27252,414966,50
27253,415016,50
27254,415066,50
27255,415116,50
27256,415166,50
27257,415216,50
27258,415266,50
27259,415316,50
27260,415366,50
27261,415416,50
27262,415466,50
27263,415516,50
27264,415566,50
27265,415616,50
27266,415666,50
27267,415716,50
27268,415766,50
27269,415816,50
27270,415866,50
27271,415916,50
27272,415966,50
27273,416016,50
27274,416066,50
27275,416116,50
27276,416166,50
27277,416216,50
27278,416266,50
27279,416316,50
27280,416366,50
27281,416416,50
27282,416466,50
27283,416516,50
27284,416566,50
27285,416616,50
27286,416666,50
27287,416716,50
27288,416766,50
27289,416816,50
27290,416866,50
27291,416916,50
27292,416966,50
27293,417016,50
27294,417066,50
27295,417116,50
27296,417166,50
27297,417216,50
27298,417266,50
27299,417316,50
27300,417366,50
27301,417416,50
27302,417466,50
27303,417516,50
27304,417566,50
27305,417616,50
27306,417666,50
27307,417716,50
27308,417766,50
27309,417816,50
27310,417866,50
27311,417916,50
27312,417966,50
27313,418016,50
27314,418066,50
27315,418116,50
27316,418166,50
27317,418216,50
27318,418266,50
27319,418316,50
27320,418366,50
27321,418416,50
27322,418466,50
27323,418516,50
27324,418566,50
27325,418616,50
27326,418666,50
27327,418716,50
27328,418766,50
27329,418816,50
27330,418866,50
27331,418916,50
27332,418966,50
27333,419016,50
27334,419066,50
27335,419116,50
27336,419166,50
27337,419216,50
27338,419266,50
27339,419316,50
27340,419366,50
27341,419416,50
27342,419466,50
27343,419516,50
27344,419566,50
27345,419616,50
27346,419666,50
27347,419716,50
27348,419766,50
27349,419816,50
27350,419866,50
27351,419916,50
27352,419966,50
27353,420016,50
27354,420066,50
27355,420116,50
27356,420166,50
27357,420216,50
27358,420266,50
27359,420316,50
27360,420366,50
27361,420416,50
27362,420466,50
27363,420516,50
27364,420566,50
27365,420616,50
27366,420666,50
27367,420716,50
27368,420766,50
27369,420816,50
27370,420866,50
27371,420916,50
27372,420966,50
27373,421016,50
27374,421066,50
27375,421116,50
27376,421166,50
27377,421216,50
27378,421266,50
27379,421316,50
27380,421366,50
27381,421416,50
27382,421466,50
27383,421516,50
27384,421566,50
27385,421616,50
27386,421666,50
27387,421716,50
27388,421766,50
27389,421816,50
27390,421866,50
27391,421916,50
27392,421966,50
27393,422016,50
27394,422066,50
27395,422116,50
27396,422166,50
27397,422216,50
27398,422266,50
27399,422316,50
27400,422366,50
27401,422416,50
27402,422466,50
27403,422516,50
27404,422566,50
27405,422616,50
27406,422666,50
27407,422716,50
27408,422766,50
27409,422816,50
27410,422866,50
27411,422916,50
27412,422966,50
27413,423016,50
27414,423066,50
27415,423116,50
27416,423166,50
27417,423216,50
27418,423266,50
27419,423316,50
27420,423366,50
27421,423416,50
27422,423466,50
27423,423516,50
27424,423566,50
27425,423616,50
27426,423666,50
27427,423716,50
27428,423766,50
27429,423816,50
27430,423866,50
27431,423916,50
27432,423966,50
27433,424016,50
27434,424066,50
27435,424116,50
27436,424166,50
27437,424216,50
27438,424266,50
27439,424316,50
27440,424366,50
27441,424416,50
27442,424466,50
27443,424516,50
27444,424566,50
27445,424616,50
27446,424666,50
27447,424716,50
27448,424766,50
27449,424816,50
27450,424866,50
27451,424916,50
27452,424966,50
27453,425016,50
27454,425066,50
27455,425116,50
27456,425166,50
27457,425216,50
27458,425266,50
27459,425316,50
27460,425366,50
27461,425416,50
27462,425466,50
27463,425516,50
27464,425566,50
27465,425616,50
27466,425666,50
27467,425716,50
27468,425766,50
27469,425816,50
27470,425866,50
27471,425916,50
27472,425966,50
27473,426016,50
27474,426066,50
27475,426116,50
27476,426166,50
27477,426216,50
27478,426266,50
27479,426316,50
27480,426366,50
27481,426416,50
27482,426466,50
27483,426516,50
27484,426566,50
27485,426616,50
27486,426666,50
27487,426716,50
27488,426766,50
27489,426816,50
27490,426866,50
27491,426916,50
27492,426966,50
27493,427016,50
27494,427066,50
27495,427116,50
27496,427166,50
27497,427216,50
27498,427266,50
27499,427316,50
27500,427366,50
27501,427416,50
27502,427466,50
27503,427516,50
27504,427566,50
27505,427616,50
27506,427666,50
27507,427716,50
27508,427766,50
27509,427816,50
27510,427866,50
27511,427916,50
27512,427966,50
27513,428016,50
27514,428066,50
27515,428116,50
27516,428166,50
27517,428216,50
27518,428266,50
27519,428316,50
27520,428366,50
27521,428416,50
27522,428466,50
27523,428516,50
27524,428566,50
27525,428616,50
27526,428666,50
27527,428716,50
27528,428766,50
27529,428816,50
27530,428866,50
27531,428916,50
27532,428966,50
27533,429016,50
27534,429066,50
27535,429116,50
27536,429166,50
27537,429216,50
27538,429266,50
27539,429316,50
27540,429366,50
27541,429416,50
27542,429466,50
27543,429516,50
27544,429566,50
27545,429616,50
27546,429666,50
27547,429716,50
27548,429766,50
27549,429816,50
27550,429866,50
27551,429916,50
27552,429966,50
27553,430016,50
27554,430066,50
27555,430116,50
27556,430166,50
27557,430216,50
27558,430266,50
27559,430316,50
27560,430366,50
27561,430416,50
27562,430466,50
27563,430516,50
27564,430566,50
27565,430616,50
27566,430666,50
27567,430716,50
27568,430766,50
27569,430816,50
27570,430866,50
27571,430916,50
27572,430966,50
27573,431016,50
27574,431066,50
27575,431116,50
27576,431166,50
27577,431216,50
27578,431266,50
27579,431316,50
27580,431366,50
27581,431416,50
27582,431466,50
27583,431516,50
27584,431566,50
27585,431616,50
27586,431666,50
27587,431716,50
27588,431766,50
27589,431816,50
27590,431866,50
27591,431916,50
27592,431966,50
27593,432016,50
27594,432066,50
27595,432116,50
27596,432166,50
27597,432216,50
27598,432266,50
27599,432316,50
27600,432366,50
27601,432416,50
27602,432466,50
27603,432516,50
27604,432566,50
27605,432616,50
27606,432666,50
27607,432716,50
27608,432766,50
27609,432816,50
27610,432866,50
27611,432916,50
27612,432966,50
27613,433016,50
27614,433066,50
27615,433116,50
27616,433166,50
27617,433216,50
27618,433266,50
27619,433316,50
27620,433366,50
27621,433416,50
27622,433466,50
27623,433516,50
27624,433566,50
27625,433616,50
27626,433666,50
27627,433716,50
27628,433766,50
27629,433816,50
27630,433866,50
27631,433916,50
27632,433966,50
27633,434016,50
27634,434066,50
27635,434116,50
27636,434166,50
27637,434216,50
27638,434266,50
27639,434316,50
27640,434366,50
27641,434416,50
27642,434466,50
27643,434516,50
27644,434566,50
27645,434616,50
27646,434666,50
27647,434716,50
27648,434766,50
27649,434816,50
27650,434866,50
27651,434916,50
27652,434966,50
27653,435016,50
27654,435066,50
27655,435116,50
27656,435166,50
27657,435216,50
27658,435266,50
27659,435316,50
27660,435366,50
27661,435416,50
27662,435466,50
27663,435516,50
27664,435566,50
27665,435616,50
27666,435666,50
27667,435716,50
27668,435766,50
27669,435816,50
27670,435866,50
27671,435916,50
27672,435966,50
27673,436016,50
27674,436066,50
27675,436116,50
27676,436166,50
27677,436216,50
27678,436266,50
27679,436316,50
27680,436366,50
27681,436416,50
27682,436466,50
27683,436516,50
27684,436566,50
27685,436616,50
27686,436666,50
27687,436716,50
27688,436766,50
27689,436816,50
27690,436866,50
27691,436916,50
27692,436966,50
27693,437016,50
27694,437066,50
27695,437116,50
27696,437166,50
27697,437216,50
27698,437266,50
27699,437316,50
27700,437366,50
27701,437416,50
27702,437466,50
27703,437516,50
27704,437566,50
27705,437616,50
27706,437666,50
27707,437716,50
27708,437766,50
27709,437816,50
27710,437866,50
27711,437916,50
27712,437966,50
27713,438016,50
27714,438066,50
27715,438116,50
27716,438166,50
27717,438216,50
27718,438266,50
27719,438316,50
27720,438366,50
27721,438416,50
27722,438466,50
27723,438516,50
27724,438566,50
27725,438616,50
27726,438666,50
27727,438716,50
27728,438766,50
27729,438816,50
27730,438866,50
27731,438916,50
27732,438966,50
27733,439016,50
27734,439066,50
27735,439116,50
27736,439166,50
27737,439216,50
27738,439266,50
27739,439316,50
27740,439366,50
27741,439416,50
27742,439466,50
27743,439516,50
27744,439566,50
27745,439616,50
27746,439666,50
27747,439716,50
27748,439766,50
27749,439816,50
27750,439866,50
27751,439916,50
27752,439966,50
27753,440016,50
27754,440066,50
27755,440116,50
27756,440166,50
27757,440216,50
27758,440266,50
27759,440316,50
27760,440366,50
27761,440416,50
27762,440466,50
27763,440516,50
27764,440566,50
27765,440616,50
27766,440666,50
27767,440716,50
27768,440766,50
27769,440816,50
27770,440866,50
27771,440916,50
27772,440966,50
27773,441016,50
27774,441066,50
27775,441116,50
27776,441166,50
27777,441216,50
27778,441266,50
27779,441316,50
27780,441366,50
27781,441416,50
27782,441466,50
27783,441516,50
27784,441566,50
27785,441616,50
27786,441666,50
27787,441716,50
27788,441766,50
27789,441816,50
27790,441866,50
27791,441916,50
27792,441966,50
27793,442016,50
27794,442066,50
27795,442116,50
27796,442166,50
27797,442216,50
27798,442266,50
27799,442316,51
27800,442367,50
27801,442417,50
27802,442467,50
27803,442517,50
27804,442567,50
27805,442617,50
27806,442667,50
27807,442717,50
27808,442767,50
27809,442817,50
27810,442867,50
27811,442917,50
27812,442967,50
27813,443017,50
27814,443067,50
27815,443117,50
27816,443167,50
27817,443217,50
27818,443267,50
27819,443317,50
27820,443367,50
27821,443417,50
27822,443467,50
27823,443517,50
27824,443567,50
27825,443617,50
27826,443667,50
27827,443717,50
27828,443767,50
27829,443817,50
27830,443867,50
27831,443917,50
27832,443967,50
27833,444017,50
27834,444067,50
27835,444117,50
27836,444167,50
27837,444217,50
27838,444267,50
27839,444317,50
27840,444367,50
27841,444417,50
27842,444467,50
27843,444517,50
27844,444567,50
27845,444617,50
27846,444667,50
27847,444717,50
27848,444767,50
27849,444817,50
27850,444867,50
27851,444917,50
27852,444967,50
27853,445017,50
27854,445067,50
27855,445117,50
27856,445167,50
27857,445217,50
27858,445267,50
27859,445317,50
27860,445367,50
27861,445417,50
27862,445467,50
27863,445517,50
27864,445567,50
27865,445617,50
27866,445667,50
27867,445717,50
27868,445767,50
27869,445817,50
27870,445867,50
27871,445917,50
27872,445967,50
27873,446017,50
27874,446067,50
27875,446117,50
27876,446167,50
27877,446217,50
27878,446267,50
27879,446317,50
27880,446367,50
27881,446417,50
27882,446467,50
27883,446517,50
27884,446567,50
27885,446617,50
27886,446667,50
27887,446717,50
27888,446767,50
27889,446817,50
27890,446867,50
27891,446917,50
27892,446967,50
27893,447017,50
27894,447067,50
27895,447117,50
27896,447167,50
27897,447217,50
27898,447267,50
27899,447317,50
27900,447367,50
27901,447417,50
27902,447467,50
27903,447517,50
27904,447567,50
27905,447617,50
27906,447667,50
27907,447717,50
27908,447767,50
27909,447817,50
27910,447867,50
27911,447917,50
27912,447967,50
27913,448017,50
27914,448067,50
27915,448117,50
27916,448167,50
27917,448217,50
27918,448267,50
27919,448317,50
27920,448367,50
27921,448417,50
27922,448467,50
27923,448517,50
27924,448567,50
27925,448617,50
27926,448667,50
27927,448717,50
27928,448767,50
27929,448817,50
27930,448867,50
27931,448917,50
27932,448967,50
27933,449017,50
27934,449067,50
27935,449117,50
27936,449167,50
27937,449217,50
27938,449267,50
27939,449317,50
27940,449367,50
27941,449417,50
27942,449467,50
27943,449517,50
27944,449567,50
27945,449617,50
27946,449667,50
27947,449717,50
27948,449767,50
27949,449817,50
27950,449867,50
27951,449917,50
27952,449967,50
27953,450017,50
27954,450067,50
27955,450117,50
27956,450167,50
27957,450217,50
27958,450267,50
27959,450317,50
27960,450367,50
27961,450417,50
27962,450467,50
27963,450517,50
27964,450567,50
27965,450617,50
27966,450667,50
27967,450717,50
27968,450767,50
27969,450817,50
27970,450867,50
27971,450917,50
27972,450967,50
27973,451017,50
27974,451067,50
27975,451117,50
27976,451167,50
27977,451217,50
27978,451267,50
27979,451317,50
27980,451367,50
27981,451417,50
27982,451467,50
27983,451517,50
27984,451567,50
27985,451617,50
27986,451667,50
27987,451717,50
27988,451767,50
27989,451817,50
27990,451867,50
27991,451917,50
27992,451967,50
27993,452017,50
27994,452067,50
27995,452117,50
27996,452167,50
27997,452217,50
27998,452267,50
27999,452317,50
28000,452367,50
28001,452417,50
28002,452467,50
28003,452517,50
28004,452567,50
28005,452617,50
28006,452667,50
28007,452717,50
28008,452767,50
28009,452817,50
28010,452867,50
28011,452917,50
28012,452967,50
28013,453017,50
28014,453067,50
28015,453117,50
28016,453167,50
28017,453217,50
28018,453267,50
28019,453317,50
28020,453367,50
28021,453417,50
28022,453467,50
28023,453517,50
28024,453567,50
28025,453617,50
28026,453667,50
28027,453717,50
28028,453767,50
28029,453817,50
28030,453867,50
28031,453917,50
28032,453967,50
28033,454017,50
28034,454067,50
28035,454117,50
28036,454167,50
28037,454217,50
28038,454267,50
28039,454317,50
28040,454367,50
28041,454417,50
28042,454467,50
28043,454517,50
28044,454567,50
28045,454617,50
28046,454667,50
28047,454717,50
28048,454767,50
28049,454817,50
28050,454867,50
28051,454917,50
28052,454967,50
28053,455017,50
28054,455067,50
28055,455117,50
28056,455167,50
28057,455217,50
28058,455267,50
28059,455317,50
28060,455367,50
28061,455417,50
28062,455467,50
28063,455517,50
28064,455567,50
28065,455617,50
28066,455667,50
28067,455717,50
28068,455767,50
28069,455817,50
28070,455867,50
28071,455917,50
28072,455967,50
28073,456017,50
28074,456067,50
28075,456117,50
28076,456167,50
28077,456217,50
28078,456267,50
28079,456317,50
28080,456367,50
28081,456417,50
28082,456467,50
28083,456517,50
28084,456567,50
28085,456617,50
28086,456667,50
28087,456717,50
28088,456767,50
28089,456817,50
28090,456867,50
28091,456917,50
28092,456967,50
28093,457017,50
28094,457067,50
28095,457117,50
28096,457167,50
28097,457217,50
28098,457267,50
28099,457317,50
28100,457367,50
28101,457417,50
28102,457467,50
28103,457517,50
28104,457567,50
28105,457617,50
28106,457667,50
28107,457717,50
28108,457767,50
28109,457817,50
28110,457867,50
28111,457917,50
28112,457967,50
28113,458017,50
28114,458067,50
28115,458117,50
28116,458167,50
28117,458217,50
28118,458267,50
28119,458317,50
28120,458367,50
28121,458417,50
28122,458467,50
28123,458517,50
28124,458567,50
28125,458617,50
28126,458667,50
28127,458717,50
28128,458767,50
28129,458817,50
28130,458867,50
28131,458917,50
28132,458967,50
28133,459017,50
28134,459067,50
28135,459117,50
28136,459167,50
28137,459217,50
28138,459267,50
28139,459317,50
28140,459367,50
28141,459417,50
28142,459467,50
28143,459517,50
28144,459567,50
28145,459617,50
28146,459667,50
28147,459717,50
28148,459767,50
28149,459817,50
28150,459867,50
28151,459917,50
28152,459967,50
28153,460017,50
28154,460067,50
28155,460117,50
28156,460167,50
28157,460217,50
28158,460267,50
28159,460317,50
28160,460367,50
28161,460417,50
28162,460467,50
28163,460517,50
28164,460567,50
28165,460617,50
28166,460667,50
28167,460717,50
28168,460767,50
28169,460817,50
28170,460867,50
28171,460917,50
28172,460967,50
28173,461017,50
28174,461067,50
28175,461117,50
28176,461167,50
28177,461217,50
28178,461267,50
28179,461317,50
28180,461367,50
28181,461417,50
28182,461467,50
28183,461517,50
28184,461567,50
28185,461617,50
28186,461667,50
28187,461717,50
28188,461767,50
28189,461817,50
28190,461867,50
28191,461917,50
28192,461967,50
28193,462017,50
28194,462067,50
28195,462117,50
28196,462167,50
28197,462217,50
28198,462267,50
28199,462317,50
28200,462367,50
28201,462417,50
28202,462467,50
28203,462517,50
28204,462567,50
28205,462617,50
28206,462667,50
28207,462717,50
28208,462767,50
28209,462817,50
28210,462867,50
28211,462917,50
28212,462967,50
28213,463017,50
28214,463067,50
28215,463117,50
28216,463167,50
28217,463217,50
28218,463267,50
28219,463317,50
28220,463367,50
28221,463417,50
28222,463467,50
28223,463517,50
28224,463567,50
28225,463617,50
28226,463667,50
28227,463717,50
28228,463767,50
28229,463817,50
28230,463867,50
28231,463917,50
28232,463967,50
28233,464017,50
28234,464067,50
28235,464117,50
28236,464167,50
28237,464217,50
28238,464267,50
28239,464317,50
28240,464367,50
28241,464417,50
28242,464467,50
28243,464517,50
28244,464567,50
28245,464617,50
28246,464667,50
28247,464717,50
28248,464767,50
28249,464817,50
28250,464867,50
28251,464917,50
28252,464967,50
28253,465017,50
28254,465067,50
28255,465117,50
28256,465167,50
28257,465217,50
28258,465267,50
28259,465317,50
28260,465367,50
28261,465417,50
28262,465467,50
28263,465517,50
28264,465567,50
28265,465617,50
28266,465667,50
28267,465717,50
28268,465767,50
28269,465817,50
28270,465867,50
28271,465917,50
28272,465967,50
28273,466017,50
28274,466067,50
28275,466117,50
28276,466167,50
28277,466217,50
28278,466267,50
28279,466317,50
28280,466367,50
28281,466417,50
28282,466467,50
28283,466517,50
28284,466567,50
28285,466617,50
28286,466667,50
28287,466717,50
28288,466767,50
28289,466817,50
28290,466867,50
28291,466917,50
28292,466967,50
28293,467017,50
28294,467067,50
28295,467117,50
28296,467167,50
28297,467217,50
28298,467267,50
28299,467317,50
28300,467367,50
28301,467417,50
28302,467467,50
28303,467517,50
28304,467567,50
28305,467617,50
28306,467667,50
28307,467717,50
28308,467767,50
28309,467817,50
28310,467867,50
28311,467917,50
28312,467967,50
28313,468017,50
28314,468067,50
28315,468117,50
28316,468167,50
28317,468217,50
28318,468267,50
28319,468317,50
28320,468367,50
28321,468417,50
28322,468467,50
28323,468517,50
28324,468567,50
28325,468617,50
28326,468667,50
28327,468717,50
28328,468767,50
28329,468817,50
28330,468867,50
28331,468917,50
28332,468967,50
28333,469017,50
28334,469067,50
28335,469117,50
28336,469167,50
28337,469217,50
28338,469267,50
28339,469317,50
28340,469367,50
28341,469417,50
28342,469467,50
28343,469517,50
28344,469567,50
28345,469617,50
28346,469667,50
28347,469717,50
28348,469767,50
28349,469817,50
28350,469867,50
28351,469917,50
28352,469967,50
28353,470017,50
28354,470067,50
28355,470117,50
28356,470167,50
28357,470217,50
28358,470267,50
28359,470317,50
28360,470367,50
28361,470417,50
28362,470467,50
28363,470517,50
28364,470567,50
28365,470617,50
28366,470667,50
28367,470717,50
28368,470767,50
28369,470817,50
28370,470867,50
28371,470917,50
28372,470967,50
28373,471017,50
28374,471067,50
28375,471117,50
28376,471167,50
28377,471217,50
28378,471267,50
28379,471317,50
28380,471367,50
28381,471417,50
28382,471467,50
28383,471517,50
28384,471567,50
28385,471617,50
28386,471667,50
28387,471717,50
28388,471767,50
28389,471817,50
28390,471867,50
28391,471917,50
28392,471967,50
28393,472017,50
28394,472067,50
28395,472117,50
28396,472167,50
28397,472217,51
28398,472268,50
28399,472318,50
28400,472368,50
28401,472418,50
28402,472468,50
28403,472518,50
28404,472568,50
28405,472618,50
28406,472668,50
28407,472718,50
28408,472768,50
28409,472818,50
28410,472868,50
28411,472918,50
28412,472968,50
28413,473018,50
28414,473068,50
28415,473118,50
28416,473168,50
28417,473218,50
28418,473268,50
28419,473318,50
28420,473368,50
28421,473418,50
28422,473468,50
28423,473518,50
28424,473568,50
28425,473618,50
28426,473668,50
28427,473718,50
28428,473768,50
28429,473818,50
28430,473868,50
28431,473918,50
28432,473968,50
28433,474018,50
28434,474068,50
28435,474118,50
28436,474168,50
28437,474218,50
28438,474268,50
28439,474318,50
28440,474368,50
28441,474418,50
28442,474468,50
28443,474518,50
28444,474568,50
28445,474618,50
28446,474668,50
28447,474718,50
28448,474768,50
28449,474818,50
28450,474868,50
28451,474918,50
28452,474968,50
28453,475018,50
28454,475068,50
28455,475118,50
28456,475168,50
28457,475218,50
28458,475268,50
28459,475318,50
28460,475368,50
28461,475418,50
28462,475468,50
28463,475518,50
28464,475568,50
28465,475618,50
28466,475668,50
28467,475718,50
28468,475768,50
28469,475818,50
28470,475868,50
28471,475918,50
28472,475968,50
28473,476018,50
28474,476068,50
28475,476118,50
28476,476168,50
28477,476218,50
28478,476268,50
28479,476318,50
28480,476368,50
28481,476418,50
28482,476468,50
28483,476518,50
28484,476568,50
28485,476618,50
28486,476668,50
28487,476718,50
28488,476768,50
28489,476818,50
28490,476868,50
28491,476918,50
28492,476968,50
28493,477018,50
28494,477068,50
28495,477118,50
28496,477168,50
28497,477218,50
28498,477268,50
28499,477318,50
28500,477368,50
28501,477418,50
28502,477468,50
28503,477518,50
28504,477568,50
28505,477618,50
28506,477668,50
28507,477718,50
28508,477768,50
28509,477818,50
28510,477868,50
28511,477918,50
28512,477968,50
28513,478018,50
28514,478068,50
28515,478118,50
28516,478168,50
28517,478218,50
28518,478268,50
28519,478318,50
28520,478368,50
28521,478418,50
28522,478468,50
28523,478518,50
28524,478568,50
28525,478618,50
28526,478668,50
28527,478718,50
28528,478768,50
28529,478818,50
28530,478868,50
28531,478918,50
28532,478968,50
28533,479018,50
28534,479068,50
28535,479118,50
28536,479168,50
28537,479218,50
28538,479268,50
28539,479318,50
28540,479368,50
28541,479418,50
28542,479468,50
28543,479518,50
28544,479568,50
28545,479618,50
28546,479668,50
28547,479718,50
28548,479768,50
28549,479818,50
28550,479868,50
28551,479918,50
28552,479968,50
28553,480018,50
28554,480068,50
28555,480118,50
28556,480168,50
28557,480218,50
28558,480268,50
28559,480318,50
28560,480368,50
28561,480418,50
28562,480468,50
28563,480518,50
28564,480568,50
28565,480618,50
28566,480668,50
28567,480718,50
28568,480768,50
28569,480818,50
28570,480868,50
28571,480918,50
28572,480968,50
28573,481018,50
28574,481068,50
28575,481118,50
28576,481168,50
28577,481218,50
28578,481268,50
28579,481318,50
28580,481368,50
28581,481418,50
28582,481468,50
28583,481518,50
28584,481568,50
28585,481618,50
28586,481668,50
28587,481718,50
28588,481768,50
28589,481818,50
28590,481868,50
28591,481918,50
28592,481968,50
28593,482018,50
28594,482068,50
28595,482118,50
28596,482168,50
28597,482218,50
28598,482268,50
28599,482318,50
28600,482368,50
28601,482418,50
28602,482468,50
28603,482518,50
28604,482568,50
28605,482618,50
28606,482668,50
28607,482718,50
28608,482768,50
28609,482818,50
28610,482868,50
28611,482918,50
28612,482968,50
28613,483018,50
28614,483068,50
28615,483118,50
28616,483168,50
28617,483218,50
28618,483268,50
28619,483318,50
28620,483368,50
28621,483418,50
28622,483468,50
28623,483518,50
28624,483568,50
28625,483618,50
28626,483668,50
28627,483718,50
28628,483768,50
28629,483818,50
28630,483868,50
28631,483918,50
28632,483968,50
28633,484018,50
28634,484068,50
28635,484118,50
28636,484168,50
28637,484218,50
28638,484268,50
28639,484318,50
28640,484368,50
28641,484418,50
28642,484468,50
28643,484518,50
28644,484568,50
28645,484618,50
28646,484668,50
28647,484718,50
28648,484768,50
28649,484818,50
28650,484868,50
28651,484918,50
28652,484968,50
28653,485018,50
28654,485068,50
28655,485118,50
28656,485168,50
28657,485218,50
28658,485268,50
28659,485318,50
28660,485368,50
28661,485418,50
28662,485468,50
28663,485518,50
28664,485568,50
28665,485618,50
28666,485668,50
28667,485718,50
28668,485768,50
28669,485818,50
28670,485868,50
28671,485918,50
28672,485968,50
28673,486018,50
28674,486068,50
28675,486118,50
28676,486168,50
28677,486218,50
28678,486268,50
28679,486318,50
28680,486368,50
28681,486418,50
28682,486468,50
28683,486518,50
28684,486568,50
28685,486618,50
28686,486668,50
28687,486718,50
28688,486768,50
28689,486818,50
28690,486868,50
28691,486918,50
28692,486968,50
28693,487018,50
28694,487068,50
28695,487118,50
28696,487168,50
28697,487218,50
28698,487268,50
28699,487318,50
28700,487368,50
28701,487418,50
28702,487468,50
28703,487518,50
28704,487568,50
28705,487618,50
28706,487668,50
28707,487718,50
28708,487768,50
28709,487818,50
28710,487868,50
28711,487918,50
28712,487968,50
28713,488018,50
28714,488068,50
28715,488118,50
28716,488168,50
28717,488218,50
28718,488268,50
28719,488318,50
28720,488368,50
28721,488418,50
28722,488468,50
28723,488518,50
28724,488568,50
28725,488618,50
28726,488668,50
28727,488718,50
28728,488768,50
28729,488818,50
28730,488868,50
28731,488918,50
28732,488968,50
28733,489018,50
28734,489068,50
28735,489118,50
28736,489168,50
28737,489218,50
28738,489268,50
28739,489318,50
28740,489368,50
28741,489418,50
28742,489468,50
28743,489518,50
28744,489568,50
28745,489618,50
28746,489668,50
28747,489718,50
28748,489768,50
28749,489818,50
28750,489868,50
28751,489918,50
28752,489968,50
28753,490018,50
28754,490068,50
28755,490118,50
28756,490168,50
28757,490218,50
28758,490268,50
28759,490318,50
28760,490368,50
28761,490418,50
28762,490468,50
28763,490518,50
28764,490568,50
28765,490618,50
28766,490668,50
28767,490718,50
28768,490768,50
28769,490818,50
28770,490868,50
28771,490918,50
28772,490968,50
28773,491018,50
28774,491068,50
28775,491118,50
28776,491168,50
28777,491218,50
28778,491268,50
28779,491318,50
28780,491368,50
28781,491418,50
28782,491468,50
28783,491518,50
28784,491568,50
28785,491618,50
28786,491668,50
28787,491718,50
28788,491768,50
28789,491818,50
28790,491868,50
28791,491918,50
28792,491968,50
28793,492018,50
28794,492068,50
28795,492118,50
28796,492168,50
28797,492218,50
28798,492268,50
28799,492318,50
28800,492368,50
28801,492418,50
28802,492468,50
28803,492518,50
28804,492568,50
28805,492618,50
28806,492668,50
28807,492718,50
28808,492768,50
28809,492818,50
28810,492868,50
28811,492918,50
28812,492968,50
28813,493018,50
28814,493068,50
28815,493118,50
28816,493168,50
28817,493218,50
28818,493268,50
28819,493318,50
28820,493368,50
28821,493418,50
28822,493468,50
28823,493518,50
28824,493568,50
28825,493618,50
28826,493668,50
28827,493718,50
28828,493768,50
28829,493818,50
28830,493868,50
28831,493918,50
28832,493968,50
28833,494018,50
28834,494068,50
28835,494118,50
28836,494168,50
28837,494218,50
28838,494268,50
28839,494318,50
28840,494368,50
28841,494418,50
28842,494468,50
28843,494518,50
28844,494568,50
28845,494618,50
28846,494668,50
28847,494718,50
28848,494768,50
28849,494818,50
28850,494868,50
28851,494918,50
28852,494968,50
28853,495018,50
28854,495068,50
28855,495118,50
28856,495168,50
28857,495218,50
28858,495268,50
28859,495318,50
28860,495368,50
28861,495418,50
28862,495468,50
28863,495518,50
28864,495568,50
28865,495618,50
28866,495668,50
28867,495718,50
28868,495768,50
28869,495818,50
28870,495868,50
28871,495918,50
28872,495968,50
28873,496018,50
28874,496068,50
28875,496118,50
28876,496168,50
28877,496218,50
28878,496268,50
28879,496318,50
28880,496368,50
28881,496418,50
28882,496468,50
28883,496518,50
28884,496568,50
28885,496618,50
28886,496668,50
28887,496718,50
28888,496768,50
28889,496818,50
28890,496868,50
28891,496918,50
28892,496968,50
28893,497018,50
28894,497068,50
28895,497118,50
28896,497168,50
28897,497218,50
28898,497268,50
28899,497318,50
28900,497368,50
28901,497418,50
28902,497468,50
28903,497518,50
28904,497568,50
28905,497618,50
28906,497668,50
28907,497718,50
28908,497768,50
28909,497818,50
28910,497868,50
28911,497918,50
28912,497968,50
28913,498018,50
28914,498068,50
28915,498118,50
28916,498168,50
28917,498218,50
28918,498268,50
28919,498318,50
28920,498368,50
28921,498418,50
28922,498468,50
28923,498518,50
28924,498568,50
28925,498618,50
28926,498668,50
28927,498718,50
28928,498768,50
28929,498818,50
28930,498868,50
28931,498918,50
28932,498968,50
28933,499018,50
28934,499068,50
28935,499118,50
28936,499168,50
28937,499218,50
28938,499268,50
28939,499318,50
28940,499368,50
28941,499418,50
28942,499468,50
28943,499518,50
28944,499568,50
28945,499618,50
28946,499668,50
28947,499718,50
28948,499768,50
28949,499818,50
28950,499868,50
28951,499918,50
28952,499968,50
28953,500018,50
28954,500068,50
28955,500118,50
28956,500168,50
28957,500218,50
28958,500268,50
28959,500318,50
28960,500368,50
28961,500418,50
28962,500468,50
28963,500518,50
28964,500568,50
28965,500618,50
28966,500668,50
28967,500718,50
28968,500768,51
28969,500819,50
28970,500869,50
28971,500919,50
28972,500969,50
28973,501019,50
28974,501069,50
28975,501119,50
28976,501169,50
28977,501219,50
28978,501269,50
28979,501319,50
28980,501369,50
28981,501419,50
28982,501469,50
28983,501519,50
28984,501569,50
28985,501619,50
28986,501669,50
28987,501719,50
28988,501769,50
28989,501819,50
28990,501869,50
28991,501919,50
28992,501969,50
28993,502019,50
28994,502069,50
28995,502119,50
28996,502169,50
28997,502219,50
28998,502269,50
28999,502319,50
29000,502369,50
29001,502419,50
29002,502469,50
29003,502519,50
29004,502569,50
29005,502619,50
29006,502669,50
29007,502719,50
29008,502769,50
29009,502819,50
29010,502869,50
29011,502919,50
29012,502969,50
29013,503019,50
29014,503069,50
29015,503119,50
29016,503169,50
29017,503219,50
29018,503269,50
29019,503319,50
29020,503369,50
29021,503419,50
29022,503469,50
29023,503519,50
29024,503569,50
29025,503619,50
29026,503669,50
29027,503719,50
29028,503769,50
29029,503819,50
29030,503869,50
29031,503919,50
29032,503969,50
29033,504019,50
29034,504069,50
29035,504119,50
29036,504169,50
29037,504219,50
29038,504269,50
29039,504319,50
29040,504369,50
29041,504419,50
29042,504469,50
29043,504519,50
29044,504569,50
29045,504619,50
29046,504669,50
29047,504719,50
29048,504769,50
29049,504819,50
29050,504869,50
29051,504919,50
29052,504969,50
29053,505019,50
29054,505069,50
29055,505119,50
29056,505169,50
29057,505219,50
29058,505269,50
29059,505319,50
29060,505369,50
29061,505419,50
29062,505469,50
29063,505519,50
29064,505569,50
29065,505619,50
29066,505669,50
29067,505719,50
29068,505769,50
29069,505819,50
29070,505869,50
29071,505919,50
29072,505969,50
29073,506019,50
29074,506069,50
